Motif_A;Motif_B;q_value;E_value;p_value;Overlap;Offset;Orientation;Rule
FLGAJLKLAAKVLPKIICKI;FLGALLKLA;1.81095e-15;4.23598e-15;2.5518e-17;9;;+;tomtom_q<=0.05
EKIGQNIRDG;RIGQRIRD;5.54741e-11;1.19055e-10;7.17201e-13;8;;+;tomtom_q<=0.05
IJFLSLFLVV;LILLLLLFLVLILLS;5.24669e-09;1.08042e-08;6.50855e-11;10;;+;tomtom_q<=0.05
EEEEEEEEEEEEEEEZ;EEZEEE;9.92092e-09;2.06915e-08;1.24648e-10;6;;+;tomtom_q<=0.05
CGCCCGAGECRKXCC;CXTDEDCPKVC;2.12084e-08;4.57438e-08;2.75565e-10;11;;+;tomtom_q<=0.05
CETDCDCPE;CXTDEDCPKVC;5.14628e-08;1.66498e-07;1.003e-09;9;;+;tomtom_q<=0.05
MAKILK;MAKILKFVY;8.56591e-08;1.89236e-07;1.13997e-09;6;;+;tomtom_q<=0.05
LKKLLKKLKK;WKKJLKKILK;9.34787e-08;2.15028e-07;1.29535e-09;10;;+;tomtom_q<=0.05
FVYVLIJFLSLF;LILLLLLFLVLILLS;1.09351e-07;3.37769e-07;2.03475e-09;12;;+;tomtom_q<=0.05
MAKILK;MAQISK;1.14978e-07;2.46363e-07;1.48412e-09;6;;+;tomtom_q<=0.05
FLGALLKLA;FLGLLLKLIK;1.50868e-07;5.2871e-07;3.185e-09;9;;+;tomtom_q<=0.05
MAKILKFVY;MAQISK;1.98832e-07;6.39054e-07;3.84972e-09;6;;+;tomtom_q<=0.05
VVAATY;VVAATYVL;2.13928e-07;4.33551e-07;2.61175e-09;6;;+;tomtom_q<=0.05
GJLSGJLGAGKNJVC;LLDTIKNVGKNVAGGL;2.25095e-07;5.17783e-07;3.11917e-09;14;;+;tomtom_q<=0.05
FLSLFL;IJFLSLFLVV;3.52185e-07;1.09895e-06;6.62019e-09;6;;+;tomtom_q<=0.05
ALKAIAKAAKKLL;FLGAJLKLAAKVLPKIICKI;5.96074e-07;2.09141e-06;1.25988e-08;13;;+;tomtom_q<=0.05
ARNIYNVCR;CIYGTCR;7.11367e-07;1.52496e-06;9.18653e-09;7;;+;tomtom_q<=0.05
RKRRRRRR;RRRRWRR;9.34389e-07;2.0236e-06;1.21904e-08;7;;+;tomtom_q<=0.05
PRPRPPPR;PRPXPPPPRPPRPPP;1.3174e-06;2.71994e-06;1.63852e-08;8;;+;tomtom_q<=0.05
KKJKDFLKK;KKLEKLAKKI;1.41717e-06;3.24542e-06;1.95507e-08;9;;+;tomtom_q<=0.05
RIRVAVIR;RVAVIRA;1.6959e-06;3.45817e-06;2.08323e-08;6;;+;tomtom_q<=0.05
ILKFVYA;MAKILKFVY;1.89548e-06;3.87412e-06;2.33381e-08;6;;+;tomtom_q<=0.05
FLGALLKLA;FLPLLAGL;2.97479e-06;6.55062e-06;3.94616e-08;8;;+;tomtom_q<=0.05
FLGLLLKLIK;FLPLLAGL;4.38188e-06;1.44736e-05;8.71905e-08;8;;+;tomtom_q<=0.05
FTLKKS;MFTLKKSL;4.92749e-06;1.13886e-05;6.86058e-08;6;;+;tomtom_q<=0.05
FVYVLIJFLSLF;IJFLSLFLVV;6.2268e-06;2.59066e-05;1.56064e-07;7;;+;tomtom_q<=0.05
KKJEELAKK;KKLEKLAKKI;6.63258e-06;2.26318e-05;1.36336e-07;9;;+;tomtom_q<=0.05
CINGKCKC;KCINGVCC;7.72101e-06;1.68165e-05;1.01304e-07;7;;+;tomtom_q<=0.05
FLGAJLKLAAKVLPKIICKI;FLGLLLKLIK;1.12128e-05;5.24556e-05;3.15998e-07;10;;+;tomtom_q<=0.05
GTCDLLS;TCDLLS;1.34291e-05;2.72461e-05;1.64133e-07;6;;+;tomtom_q<=0.05
RWRWRW;WKKWKKKW;1.41795e-05;3.08047e-05;1.85571e-07;6;;+;tomtom_q<=0.05
ALKAIAKAAKKLL;KKLEKLAKKI;1.56697e-05;7.12912e-05;4.29465e-07;10;;+;tomtom_q<=0.05
CDADCP;CXTDEDCPKVC;1.86462e-05;8.04349e-05;4.84548e-07;6;;+;tomtom_q<=0.05
RWRWRW;WWRRWW;1.97421e-05;6.28836e-05;3.78817e-07;5;;+;tomtom_q<=0.05
GQAASI;VVGQAATI;2.319e-05;4.75101e-05;2.86205e-07;6;;+;tomtom_q<=0.05
CKCTKDC;CXTDEDCPKVC;2.8059e-05;0.000151299;9.11439e-07;7;;+;tomtom_q<=0.05
KKVGKKVAKAVAK;WKKJLKKILK;3.21185e-05;7.2879e-05;4.3903e-07;9;;+;tomtom_q<=0.05
AGGSRPQ;AGGSRQ;3.61871e-05;7.28905e-05;4.39099e-07;6;;+;tomtom_q<=0.05
KKVGKKVAKAVAK;LLDTIKNVGKNVAGGL;3.64751e-05;0.000125855;7.58161e-07;11;;+;tomtom_q<=0.05
FLGLLLKLIK;LGLLGKLL;6.62679e-05;0.000145442;8.76159e-07;8;;+;tomtom_q<=0.05
ALKAIAKAAKKLL;FLGALLKLA;6.66028e-05;0.000466812;2.81212e-06;9;;+;tomtom_q<=0.05
FLGALLKLA;LGLLGKLL;6.75671e-05;0.000222441;1.34001e-06;8;;+;tomtom_q<=0.05
ALKAIAKAAKKLL;LKKLLKKLKK;6.87966e-05;0.000237378;1.42999e-06;10;;+;tomtom_q<=0.05
FLPLLAGL;FLPMLAG;7.71302e-05;0.000339688;2.04631e-06;7;;+;tomtom_q<=0.05
VYRNGVR;YGNGVY;8.20858e-05;0.000165343;9.96041e-07;6;;+;tomtom_q<=0.05
KGAAKN;LLDTIKNVGKNVAGGL;9.8043e-05;0.000451054;2.71719e-06;6;;+;tomtom_q<=0.05
ALKAIAKAAKKLL;FLGLLLKLIK;0.000114762;0.000922126;5.55498e-06;10;;+;tomtom_q<=0.05
ALKAIAKAAKKLL;GJLSGJLGAGKNJVC;0.000117741;0.000399044;2.40388e-06;13;;+;tomtom_q<=0.05
LLDTIKNVGKNVAGGL;VLSKLGBVIEEI;0.000121222;0.000697113;4.19948e-06;12;;+;tomtom_q<=0.05
CDADCP;CKCTKDC;0.000122983;0.000391061;2.35579e-06;5;;+;tomtom_q<=0.05
FLGLLLKLIK;LILLLLLFLVLILLS;0.000130477;0.000537366;3.23715e-06;10;;+;tomtom_q<=0.05
FLSLFL;LILLLLLFLVLILLS;0.00013803;0.000710591;4.28067e-06;6;;+;tomtom_q<=0.05
KLKLLCKLKK;LKKLLKKLKK;0.000142882;0.000657339;3.95987e-06;10;;+;tomtom_q<=0.05
KKLEKLAKKI;VLSKLGBVIEEI;0.000154473;0.000442042;2.6629e-06;10;;+;tomtom_q<=0.05
FLGAJLKLAAKVLPKIICKI;FLPLLAGL;0.000158216;0.000925204;5.57352e-06;8;;+;tomtom_q<=0.05
CDADCP;CETDCDCPE;0.000176717;0.000749231;4.51344e-06;6;;+;tomtom_q<=0.05
FLSLFL;FVYVLIJFLSLF;0.000182485;0.000767149;4.62138e-06;5;;+;tomtom_q<=0.05
KKKKKKKKKK;LKKLLKKLKK;0.000191457;0.00110101;6.6326e-06;9;;+;tomtom_q<=0.05
WKKJLKKILK;WKKWKKKW;0.000192005;0.000625692;3.76923e-06;8;;+;tomtom_q<=0.05
FLGAJLKLAAKVLPKIICKI;LLDTIKNVGKNVAGGL;0.000198147;0.00136738;8.23726e-06;16;;+;tomtom_q<=0.05
CINGKCKC;CIYGTCR;0.000210228;0.000901333;5.42972e-06;7;;+;tomtom_q<=0.05
FLGAJLKLAAKVLPKIICKI;VPSVIGAV;0.00023059;0.00161811;9.74766e-06;8;;+;tomtom_q<=0.05
FLGLLLKLIK;LKKLLKKLKK;0.000291621;0.00201244;1.21231e-05;9;;+;tomtom_q<=0.05
GIJKKI;WKKJLKKILK;0.000345254;0.000790088;4.75957e-06;6;;+;tomtom_q<=0.05
KKLEKLAKKI;WKKJLKKILK;0.000589198;0.00273859;1.64975e-05;8;;+;tomtom_q<=0.05
CKCTKDC;CKJTKTC;0.000599336;0.0014641;8.81991e-06;7;;+;tomtom_q<=0.05
CKJTKTC;GCKIKGEC;0.000599336;0.00200061;1.20519e-05;7;;+;tomtom_q<=0.05
CETDCDCPE;CKCTKDC;0.000636391;0.00341356;2.05636e-05;7;;+;tomtom_q<=0.05
ALKAIAKAAKKLL;LLDTIKNVGKNVAGGL;0.000649796;0.00523151;3.15151e-05;13;;+;tomtom_q<=0.05
PRPRPPPR;RRRRWRR;0.000712192;0.00231359;1.39373e-05;7;;+;tomtom_q<=0.05
KKLWKK;LKKLLKKLKK;0.000810136;0.00652241;3.92916e-05;6;;+;tomtom_q<=0.05
FLGAJLKLAAKVLPKIICKI;LGLLGKLL;0.000829125;0.0077576;4.67325e-05;8;;+;tomtom_q<=0.05
KIEEYT;KKJEELAKK;0.000945321;0.00197949;1.19246e-05;6;;+;tomtom_q<=0.05
KKLEKLAKKI;KKVGKKVAKAVAK;0.00102432;0.00464848;2.80029e-05;9;;+;tomtom_q<=0.05
LKKAVK;LKKLLKKLKK;0.00103946;0.0095642;5.76157e-05;6;;+;tomtom_q<=0.05
DEGEMTEEEKK;EEEEEEEEEEEEEEEZ;0.00107128;0.00446862;2.69194e-05;9;;+;tomtom_q<=0.05
LGLLGKLL;PIVGKLLGGL;0.00113574;0.00498538;3.00324e-05;7;;+;tomtom_q<=0.05
AGPAVGVI;IKAGPAV;0.00128572;0.00284249;1.71235e-05;5;;+;tomtom_q<=0.05
FLPLLAGL;LGLLGKLL;0.0013169;0.00722569;4.35283e-05;7;;+;tomtom_q<=0.05
FLGLLLKLIK;LLDTIKNVGKNVAGGL;0.00136512;0.0125607;7.56668e-05;10;;+;tomtom_q<=0.05
FLGAJLKLAAKVLPKIICKI;GJLSGJLGAGKNJVC;0.00155175;0.0163336;9.83952e-05;15;;+;tomtom_q<=0.05
PIVGKLLGGL;YTSLIHGL;0.00160099;0.0034724;2.0918e-05;8;;+;tomtom_q<=0.05
KKJEELAKK;KKJKDFLKK;0.00160744;0.00552172;3.32634e-05;9;;+;tomtom_q<=0.05
LLDTIKNVGKNVAGGL;WBTFKEL;0.00170776;0.0176775;0.000106491;7;;+;tomtom_q<=0.05
ALKAIAKAAKKLL;KKVGKKVAKAVAK;0.00186799;0.0105965;6.38341e-05;11;;+;tomtom_q<=0.05
CINGKCKC;KSCCPSTTC;0.00188914;0.0101764;6.13034e-05;6;;+;tomtom_q<=0.05
AKAKAAK;ALKAIAKAAKKLL;0.00204891;0.0284242;0.00017123;7;;+;tomtom_q<=0.05
LKKAVK;LLDTIKNVGKNVAGGL;0.00205664;0.0236543;0.000142496;6;;+;tomtom_q<=0.05
CIYGTCR;KCINGVCC;0.00250843;0.00819509;4.9368e-05;7;;+;tomtom_q<=0.05
KKKKKKKKKK;KLKLLCKLKK;0.00261834;0.00873817;5.26396e-05;10;;+;tomtom_q<=0.05
KKLWKK;WKKWKKKW;0.00265075;0.0115174;6.9382e-05;6;;+;tomtom_q<=0.05
KKLWKK;RWRWRW;0.00286292;0.0121589;7.32462e-05;6;;+;tomtom_q<=0.05
GIJKKI;KKLEKLAKKI;0.00289604;0.00994108;5.9886e-05;6;;+;tomtom_q<=0.05
KKLEKLAKKI;LLDTIKNVGKNVAGGL;0.00292155;0.0369622;0.000222664;10;;+;tomtom_q<=0.05
KKLEKLAKKI;LKKLLKKLKK;0.00303997;0.0349641;0.000210627;8;;+;tomtom_q<=0.05
LLDTIKNVGKNVAGGL;WKKJLKKILK;0.00314433;0.0433971;0.000261428;10;;+;tomtom_q<=0.05
AKQLLES;GKLLES;0.00315822;0.00711502;4.28616e-05;6;;+;tomtom_q<=0.05
GGYGGYGGGGGGGGGGGG;GYGGWG;0.00319994;0.00653772;3.93839e-05;6;;+;tomtom_q<=0.05
ALKAIAKAAKKLL;LGLLGKLL;0.00329898;0.0222579;0.000134084;8;;+;tomtom_q<=0.05
FLGAJLKLAAKVLPKIICKI;LKKLLKKLKK;0.00336999;0.0394136;0.000237431;10;;+;tomtom_q<=0.05
FLGLLLKLIK;FVYVLIJFLSLF;0.00337222;0.0177206;0.000106751;10;;+;tomtom_q<=0.05
ALKAIAKAAKKLL;WKKJLKKILK;0.00348892;0.0283789;0.000170957;10;;+;tomtom_q<=0.05
FLGALLKLA;LLDTIKNVGKNVAGGL;0.00359788;0.0537949;0.000324066;9;;+;tomtom_q<=0.05
CINGKCKC;CWKGKGKC;0.00360435;0.0074508;4.48843e-05;8;;+;tomtom_q<=0.05
EKIGQNIRDG;VKKYIKBGI;0.00375533;0.00842411;5.07476e-05;8;;+;tomtom_q<=0.05
IKDFLR;KKJKDFLKK;0.00385834;0.0176718;0.000106456;6;;+;tomtom_q<=0.05
JEESQE;LKEVSEZE;0.00392842;0.00829967;4.9998e-05;6;;+;tomtom_q<=0.05
EEEEEEEEEEEEEEEZ;KEKKREKERKERKR;0.00402406;0.00834993;5.03008e-05;14;;+;tomtom_q<=0.05
KKKKKKKKKK;WKKJLKKILK;0.00412598;0.0401112;0.000241633;9;;+;tomtom_q<=0.05
AITKKC;CKCTKDC;0.0041684;0.0357745;0.000215509;6;;+;tomtom_q<=0.05
CGCCCGAGECRKXCC;CKCTKDC;0.00417409;0.0229406;0.000138196;7;;+;tomtom_q<=0.05
AITKKC;CKJTKTC;0.00429183;0.0191018;0.000115071;6;;+;tomtom_q<=0.05
GJLSGJLGAGKNJVC;KGAAKN;0.00432664;0.0246078;0.00014824;6;;+;tomtom_q<=0.05
FLGLLLKLIK;GJLSGJLGAGKNJVC;0.00432664;0.0293274;0.000176671;10;;+;tomtom_q<=0.05
KKJKDFLKK;KKKKKKKKKK;0.00433164;0.0297593;0.000179273;9;;+;tomtom_q<=0.05
KKJKDFLKK;WKKJLKKILK;0.00433164;0.0297593;0.000179273;9;;+;tomtom_q<=0.05
WKKWKKKW;WWRRWW;0.00451011;0.0244953;0.000147562;5;;+;tomtom_q<=0.05
AAAAAVAGAAAG;AGPAVGVI;0.00465614;0.0101315;6.10332e-05;8;;+;tomtom_q<=0.05
EEZEEE;RDADEEEG;0.00470837;0.0106304;6.40383e-05;6;;+;tomtom_q<=0.05
EEEEEEEEEEEEEEEZ;RDADEEEG;0.00470837;0.0146742;8.83988e-05;8;;+;tomtom_q<=0.05
KEKKREKERKERKR;RKRRRRRR;0.00481378;0.0149829;9.02585e-05;7;;+;tomtom_q<=0.05
CRRRGGYCRFXPCPFCPF;CWKGKGKC;0.00509308;0.0109109;6.57283e-05;8;;+;tomtom_q<=0.05
KKKKKKKKKK;KKKKTK;0.00524403;0.0143291;8.632e-05;6;;+;tomtom_q<=0.05
VLSKLGBVIEEI;VPSVIGAV;0.0053089;0.0343356;0.000206841;8;;+;tomtom_q<=0.05
FLGAJLKLAAKVLPKIICKI;VLSKLGBVIEEI;0.0053089;0.0363062;0.000218712;12;;+;tomtom_q<=0.05
KLKLLCKLKK;WKKJLKKILK;0.00532862;0.0619185;0.000373003;10;;+;tomtom_q<=0.05
DEGEMTEEEKK;EEVEKRS;0.00544934;0.0112647;6.78597e-05;6;;+;tomtom_q<=0.05
FLGLLLKLIK;WKKJLKKILK;0.00558503;0.0713879;0.000430047;10;;+;tomtom_q<=0.05
AAAAAVAGAAAG;GGYGGYGGGGGGGGGGGG;0.00560743;0.0183022;0.000110254;12;;+;tomtom_q<=0.05
LGLLGKLL;VLSKLGBVIEEI;0.00568508;0.0453585;0.000273244;8;;+;tomtom_q<=0.05
LKKAVK;WKKJLKKILK;0.00593037;0.0131033;7.89353e-05;6;;+;tomtom_q<=0.05
ALKAIAKAAKKLL;KKJEELAKK;0.00597122;0.103547;0.000623779;9;;+;tomtom_q<=0.05
GJLSGJLGAGKNJVC;VLSKLGBVIEEI;0.00607062;0.05873;0.000353795;12;;+;tomtom_q<=0.05
FLGLLLKLIK;VLSKLGBVIEEI;0.00607062;0.062273;0.000375139;10;;+;tomtom_q<=0.05
CGCCCGAGECRKXCC;CIYGTCR;0.00609789;0.0326802;0.000196869;7;;+;tomtom_q<=0.05
CRRRGGYCRFXPCPFCPF;GYKGGY;0.00638931;0.0205317;0.000123685;6;;+;tomtom_q<=0.05
RKRRRRRR;RWRWRW;0.00702441;0.0372909;0.000224644;6;;+;tomtom_q<=0.05
ALKAIAKAAKKLL;KKKKKKKKKK;0.00762677;0.141073;0.00084984;10;;+;tomtom_q<=0.05
RRRRWRR;RWRWRW;0.00784079;0.0382687;0.000230534;6;;+;tomtom_q<=0.05
RRRRWRR;WWRRWW;0.00784079;0.0424519;0.000255734;6;;+;tomtom_q<=0.05
KKKKKKKKKK;KKLEKLAKKI;0.00790648;0.080936;0.000487566;9;;+;tomtom_q<=0.05
KKLWKK;WWRRWW;0.00794342;0.0410004;0.000246991;6;;+;tomtom_q<=0.05
KKLWKK;WKKJLKKILK;0.00796154;0.111016;0.000668769;6;;+;tomtom_q<=0.05
FLGAJLKLAAKVLPKIICKI;LKKAVK;0.00820263;0.113285;0.000682443;6;;+;tomtom_q<=0.05
FLGAJLKLAAKVLPKIICKI;KKLEKLAKKI;0.00820263;0.11512;0.000693495;10;;+;tomtom_q<=0.05
ELDQIIG;LQKILGG;0.008229;0.0175911;0.000105971;6;;+;tomtom_q<=0.05
RIGQRIRD;RIRARI;0.00845959;0.0271434;0.000163514;6;;+;tomtom_q<=0.05
FLGAJLKLAAKVLPKIICKI;WKKJLKKILK;0.00877822;0.133465;0.000804006;10;;+;tomtom_q<=0.05
FLGALLKLA;LKKLLKKLKK;0.00883127;0.121887;0.000734257;8;;+;tomtom_q<=0.05
DPEEPVVR;PRPXPPPPRPPRPPP;0.00911028;0.0184631;0.000111224;8;;+;tomtom_q<=0.05
DWAKLGTS;LGTSIPD;0.00921875;0.0193357;0.00011648;4;;+;tomtom_q<=0.05
KKKKKKKKKK;KKLWKK;0.00923408;0.0512714;0.000308864;6;;+;tomtom_q<=0.05
KLKCKL;KLKLLCKLKK;0.00929603;0.0517059;0.000311482;6;;+;tomtom_q<=0.05
MFTLKKSL;WKKJLKKILK;0.00936671;0.0346888;0.000208969;8;;+;tomtom_q<=0.05
LGLLGKLL;MFTLKKSL;0.00936671;0.0432972;0.000260827;8;;+;tomtom_q<=0.05
AAAAAVAGAAAG;ALKAIAKAAKKLL;0.00950675;0.0413724;0.000249231;11;;+;tomtom_q<=0.05
LKKLLKKLKK;WKKWKKKW;0.00957094;0.0623781;0.000375772;8;;+;tomtom_q<=0.05
ALKAIAKAAKKLL;VLSKLGBVIEEI;0.00959477;0.10936;0.000658796;12;;+;tomtom_q<=0.05
CKCTKDC;KSCCPSTTC;0.0098233;0.0634989;0.000382523;7;;+;tomtom_q<=0.05
FLGLLLKLIK;PIVGKLLGGL;0.00982484;0.0445009;0.000268078;8;;+;tomtom_q<=0.05
EEZEEE;LKEVSEZE;0.00992029;0.0417461;0.000251483;6;;+;tomtom_q<=0.05
KCINGVCC;KSCCPSTTC;0.0102999;0.0478034;0.000287972;7;;+;tomtom_q<=0.05
ARNIYNVCR;KCINGVCC;0.0102999;0.0560831;0.00033785;8;;+;tomtom_q<=0.05
GIJKKI;LKKLLKKLKK;0.0108175;0.161742;0.000974347;6;;+;tomtom_q<=0.05
CRRRGGYCRFXPCPFCPF;PRPRPPPR;0.0108686;0.045342;0.000273144;8;;+;tomtom_q<=0.05
RKRRRRRR;WKKWKKKW;0.0110706;0.0841778;0.000507095;8;;+;tomtom_q<=0.05
LGLLGKLL;WKKJLKKILK;0.0112738;0.0989736;0.000596227;8;;+;tomtom_q<=0.05
CKJTKTC;KSCCPSTTC;0.0113829;0.0633277;0.000381492;7;;+;tomtom_q<=0.05
CGCCCGAGECRKXCC;CWKGKGKC;0.0113965;0.0353377;0.000212877;8;;+;tomtom_q<=0.05
CGCCCGAGECRKXCC;NGGKCC;0.0129217;0.0852202;0.000513375;6;;+;tomtom_q<=0.05
KKKKKKKKKK;WKKWKKKW;0.0139285;0.121037;0.000729141;7;;+;tomtom_q<=0.05
QLRRPVR;RRRRWRR;0.0140215;0.104822;0.00063146;6;;+;tomtom_q<=0.05
RRRRWRR;WKKWKKKW;0.0140215;0.106282;0.000640256;6;;+;tomtom_q<=0.05
GLSGLC;KSCCPSTTC;0.0142787;0.107682;0.000648689;6;;+;tomtom_q<=0.05
FIKHFIHR;HHHHHHG;0.0143342;0.0292294;0.000176081;7;;+;tomtom_q<=0.05
GIJKKI;LGLLGKLL;0.0145601;0.143802;0.000866279;6;;+;tomtom_q<=0.05
KKLWKK;RRRRWRR;0.0147613;0.127874;0.000770326;6;;+;tomtom_q<=0.05
FLPLLAGL;LLDTIKNVGKNVAGGL;0.0148367;0.2389;0.00143916;8;;+;tomtom_q<=0.05
DEGEMTEEEKK;EEZEEE;0.0149392;0.0785829;0.000473391;6;;+;tomtom_q<=0.05
FLGAJLKLAAKVLPKIICKI;FLPMLAG;0.0149595;0.262438;0.00158095;7;;+;tomtom_q<=0.05
FLGLLLKLIK;IJFLSLFLVV;0.0151886;0.0789905;0.000475846;10;;+;tomtom_q<=0.05
CPSDYP;GGGSGYGK;0.015245;0.0316334;0.000190563;6;;+;tomtom_q<=0.05
LKKLLKKLKK;LLDTIKNVGKNVAGGL;0.0154804;0.26707;0.00160886;10;;+;tomtom_q<=0.05
FLGLLLKLIK;FLSLFL;0.0155696;0.268079;0.00161493;6;;+;tomtom_q<=0.05
KKCCRK;KKLWKK;0.0157375;0.122333;0.000736947;6;;+;tomtom_q<=0.05
EEEEEEEEEEEEEEEZ;LKEVSEZE;0.015993;0.100067;0.000602811;8;;+;tomtom_q<=0.05
CGCCCGAGECRKXCC;KKCCRK;0.0160457;0.141098;0.000849991;4;;+;tomtom_q<=0.05
LIIVGG;LQKILGG;0.0161844;0.0526042;0.000316892;6;;+;tomtom_q<=0.05
KEKKREKERKERKR;KKKKKKKKKK;0.01643;0.0681845;0.00041075;10;;+;tomtom_q<=0.05
KKJKDFLKK;VKKYIKBGI;0.0166872;0.133752;0.000805736;7;;+;tomtom_q<=0.05
KKVGKKVAKAVAK;LKKLLKKLKK;0.0170672;0.117205;0.000706053;9;;+;tomtom_q<=0.05
KKVGKKVAKAVAK;VLSKLGBVIEEI;0.0170672;0.135543;0.000816525;11;;+;tomtom_q<=0.05
RIGQRIRD;RRRRWRR;0.0171533;0.167169;0.00100705;7;;+;tomtom_q<=0.05
AILSAI;GJLSGJLGAGKNJVC;0.0171905;0.17792;0.00107181;6;;+;tomtom_q<=0.05
GGYGGYGGGGGGGGGGGG;GJLSGJLGAGKNJVC;0.0171905;0.188084;0.00113303;15;;+;tomtom_q<=0.05
FLGALLKLA;GJLSGJLGAGKNJVC;0.0171905;0.194205;0.00116991;9;;+;tomtom_q<=0.05
CGCCCGAGECRKXCC;KCINGVCC;0.0174214;0.113832;0.000685737;7;;+;tomtom_q<=0.05
GGGSSI;GQAASI;0.0182345;0.0560365;0.00033757;6;;+;tomtom_q<=0.05
GJLSGJLGAGKNJVC;LKKAVK;0.0186044;0.252214;0.00151936;6;;+;tomtom_q<=0.05
GIJKKI;GJLSGJLGAGKNJVC;0.0186044;0.252214;0.00151936;6;;+;tomtom_q<=0.05
CETDCDCPE;CGCCCGAGECRKXCC;0.0192434;0.102159;0.000615413;9;;+;tomtom_q<=0.05
FLGALLKLA;FLPMLAG;0.0192616;0.180003;0.00108436;7;;+;tomtom_q<=0.05
GGYGGYGGGGGGGGGGGG;GYKGGY;0.0192664;0.0798538;0.000481047;6;;+;tomtom_q<=0.05
BGRKJCLD;NGGKCC;0.0194195;0.039116;0.000235638;6;;+;tomtom_q<=0.05
GJLSGJLGAGKNJVC;LKKLLKKLKK;0.0206128;0.302728;0.00182366;10;;+;tomtom_q<=0.05
FLPLLAGL;PIVGKLLGGL;0.0206531;0.159176;0.000958892;6;;+;tomtom_q<=0.05
KGAAKN;LKKAVK;0.0208134;0.111922;0.000674232;5;;+;tomtom_q<=0.05
ALKAIAKAAKKLL;LKKAVK;0.0208134;0.114969;0.000692582;6;;+;tomtom_q<=0.05
KIEEYT;KILGRK;0.0209474;0.0657954;0.000396358;6;;+;tomtom_q<=0.05
LKKLLKKLKK;MFTLKKSL;0.0214011;0.395152;0.00238043;5;;+;tomtom_q<=0.05
LGLLGKLL;LKKLLKKLKK;0.0214011;0.428806;0.00258317;8;;+;tomtom_q<=0.05
KKKKTK;LKKLLKKLKK;0.0214011;0.467673;0.00281731;6;;+;tomtom_q<=0.05
GCKIKGEC;KSCCPSTTC;0.0221433;0.218716;0.00131756;8;;+;tomtom_q<=0.05
CGCCCGAGECRKXCC;KSCCPSTTC;0.0221433;0.238561;0.00143712;9;;+;tomtom_q<=0.05
FLPLLAGL;LILLLLLFLVLILLS;0.0222592;0.196063;0.0011811;8;;+;tomtom_q<=0.05
LGLLGKLL;LLDTIKNVGKNVAGGL;0.0227703;0.419026;0.00252425;8;;+;tomtom_q<=0.05
GJLSGJLGAGKNJVC;LGLLGKLL;0.0231288;0.391937;0.00236106;7;;+;tomtom_q<=0.05
CIYGTCR;KSCCPSTTC;0.0231386;0.148807;0.000896428;6;;+;tomtom_q<=0.05
FLGAJLKLAAKVLPKIICKI;JGAVLK;0.0231833;0.433824;0.0026134;6;;+;tomtom_q<=0.05
EEEAAAP;EEZEEE;0.0232541;0.146785;0.000884249;6;;+;tomtom_q<=0.05
KKLWKK;RKRRRRRR;0.0237619;0.211097;0.00127167;6;;+;tomtom_q<=0.05
PRPRPPPR;RKRRRRRR;0.0240568;0.125451;0.00075573;8;;+;tomtom_q<=0.05
LLALLAE;LLQLLK;0.0242314;0.054526;0.00032847;6;;+;tomtom_q<=0.05
GJLSGJLGAGKNJVC;PIVGKLLGGL;0.0247755;0.447832;0.00269778;10;;+;tomtom_q<=0.05
GCKIKGEC;TISGECH;0.0250982;0.0540492;0.000325598;6;;+;tomtom_q<=0.05
CINGKCKC;NGGKCC;0.025113;0.151947;0.000915343;6;;+;tomtom_q<=0.05
FLGAJLKLAAKVLPKIICKI;KKVGKKVAKAVAK;0.0256444;0.509868;0.0030715;13;;+;tomtom_q<=0.05
CGCCCGAGECRKXCC;CRRRGGYCRFXPCPFCPF;0.0259106;0.111017;0.000668775;13;;+;tomtom_q<=0.05
AAAAAVAGAAAG;VVGQAATI;0.0264727;0.0810657;0.000488348;7;;+;tomtom_q<=0.05
GJLSGJLGAGKNJVC;KKLEKLAKKI;0.0265122;0.509175;0.00306732;10;;+;tomtom_q<=0.05
FLGLLLKLIK;KKLEKLAKKI;0.027129;0.560532;0.0033767;8;;+;tomtom_q<=0.05
RGARRG;RRRRWRR;0.0274217;0.301673;0.00181731;6;;+;tomtom_q<=0.05
PRPXPPPPRPPRPPP;RRRRWRR;0.0274217;0.326629;0.00196764;7;;+;tomtom_q<=0.05
CDADCP;CGCCCGAGECRKXCC;0.0276009;0.146276;0.000881178;6;;+;tomtom_q<=0.05
KEKKREKERKERKR;WKKWKKKW;0.0276473;0.270284;0.00162822;7;;+;tomtom_q<=0.05
CIYGTCR;CWKGKGKC;0.0279423;0.209651;0.00126295;6;;+;tomtom_q<=0.05
EELDKY;KKJEELAKK;0.0282567;0.0593707;0.000357655;6;;+;tomtom_q<=0.05
DEGEMTEEEKK;KKJEELAKK;0.0284416;0.181846;0.00109546;8;;+;tomtom_q<=0.05
CIYGTCR;GCKIKGEC;0.0292148;0.250512;0.00150911;6;;+;tomtom_q<=0.05
KKLEKLAKKI;LKKAVK;0.0301147;0.263873;0.0015896;6;;+;tomtom_q<=0.05
CGCCCGAGECRKXCC;CINGKCKC;0.0305555;0.335601;0.00202169;8;;+;tomtom_q<=0.05
JGAVLK;VLSKLGBVIEEI;0.0306104;0.394886;0.00237883;6;;+;tomtom_q<=0.05
VKKYIKBGI;VLSKLGBVIEEI;0.0306104;0.450564;0.00271424;9;;+;tomtom_q<=0.05
KKJKDFLKK;VLSKLGBVIEEI;0.0306104;0.485312;0.00292356;9;;+;tomtom_q<=0.05
PIVGKLLGGL;VLSKLGBVIEEI;0.0306104;0.488452;0.00294248;10;;+;tomtom_q<=0.05
KKCCRK;KSCCPSTTC;0.0311075;0.0755522;0.000455134;6;;+;tomtom_q<=0.05
KKCCRK;NGGKCC;0.0311075;0.099439;0.00059903;4;;+;tomtom_q<=0.05
RKRRRRRR;WWRRWW;0.0312809;0.19375;0.00116717;6;;+;tomtom_q<=0.05
EEZEEE;KEKKREKERKERKR;0.0317925;0.234128;0.00141041;6;;+;tomtom_q<=0.05
GIJKKI;MAKILKFVY;0.031837;0.254999;0.00153614;6;;+;tomtom_q<=0.05
MAKILKFVY;MFTLKKSL;0.0320822;0.205418;0.00123746;8;;+;tomtom_q<=0.05
FLGAJLKLAAKVLPKIICKI;GIJKKI;0.0321497;0.67681;0.00407717;6;;+;tomtom_q<=0.05
KKJKDFLKK;LKKAVK;0.0322437;0.332282;0.0020017;6;;+;tomtom_q<=0.05
CKCTKDC;GCKIKGEC;0.0327595;0.104647;0.000630404;7;;+;tomtom_q<=0.05
DEGEMTEEEKK;EEKREL;0.0330598;0.246603;0.00148556;4;;+;tomtom_q<=0.05
AAAAAVAGAAAG;GQAASI;0.0332094;0.136074;0.000819725;5;;+;tomtom_q<=0.05
RLRLLLRL;RRRRWRR;0.033473;0.434954;0.0026202;7;;+;tomtom_q<=0.05
GGGSSI;LGTSIPD;0.0334831;0.105343;0.000634595;5;;+;tomtom_q<=0.05
ALKAIAKAAKKLL;FLPLLAGL;0.0335427;0.33238;0.00200229;8;;+;tomtom_q<=0.05
DEGEMTEEEKK;RDADEEEG;0.0340513;0.1415;0.000852411;8;;+;tomtom_q<=0.05
KKJEELAKK;KKKKKKKKKK;0.0344718;0.225757;0.00135998;9;;+;tomtom_q<=0.05
EEVEKRS;KKJEELAKK;0.0346374;0.107402;0.000647001;6;;+;tomtom_q<=0.05
AAAAAVAGAAAG;AAFAAWAAF;0.0346487;0.188484;0.00113545;9;;+;tomtom_q<=0.05
FLGLLLKLIK;FLPMLAG;0.0350081;0.180448;0.00108703;7;;+;tomtom_q<=0.05
KKVGKKVAKAVAK;VKKYIKBGI;0.0360898;0.1951;0.0011753;9;;+;tomtom_q<=0.05
AAAAAVAGAAAG;FLGAJLKLAAKVLPKIICKI;0.0367483;0.816598;0.00491927;12;;+;tomtom_q<=0.05
QRNMRKVR;RKRRRRRR;0.0370593;0.200245;0.00120629;8;;+;tomtom_q<=0.05
FLGAJLKLAAKVLPKIICKI;KGAAKN;0.0374917;0.876965;0.00528292;6;;+;tomtom_q<=0.05
FIKHFIHR;PFKISIH;0.0377612;0.0789985;0.000475894;7;;+;tomtom_q<=0.05
FLGLLLKLIK;VPSVIGAV;0.0378163;0.163387;0.000984261;8;;+;tomtom_q<=0.05
KKJKDFLKK;LKKLLKKLKK;0.0383882;0.883037;0.0053195;7;;+;tomtom_q<=0.05
CGCCCGAGECRKXCC;GCKIKGEC;0.0384052;0.46436;0.00279735;8;;+;tomtom_q<=0.05
LLDTIKNVGKNVAGGL;PIVGKLLGGL;0.0385934;0.754595;0.00454575;10;;+;tomtom_q<=0.05
CPSDYP;CXTDEDCPKVC;0.0396084;0.209794;0.00126382;6;;+;tomtom_q<=0.05
KKJKDFLKK;KKVGKKVAKAVAK;0.0397051;0.360374;0.00217093;9;;+;tomtom_q<=0.05
CDADCP;CPSDYP;0.0399777;0.254242;0.00153158;6;;+;tomtom_q<=0.05
GIJKKI;KKLWKK;0.0400972;0.400746;0.00241413;5;;+;tomtom_q<=0.05
ALGTNV;LGTSIPD;0.0402365;0.168787;0.00101679;5;;+;tomtom_q<=0.05
KGAAKN;KKVGKKVAKAVAK;0.0405532;0.414081;0.00249446;6;;+;tomtom_q<=0.05
EKIGQNIRDG;KKVGKKVAKAVAK;0.0406858;0.461593;0.00278068;10;;+;tomtom_q<=0.05
GIJKKI;MAKILK;0.0411567;0.181845;0.00109545;4;;+;tomtom_q<=0.05
CPSDYP;KSCCPSTTC;0.041245;0.488789;0.00294451;6;;+;tomtom_q<=0.05
GGGSGYGK;GGYGGYGGGGGGGGGGGG;0.0414621;0.129051;0.000777414;7;;+;tomtom_q<=0.05
ITAAVAL;RIRVAVIR;0.0414742;0.0873295;0.000526082;7;;+;tomtom_q<=0.05
GYGGWG;GYKGGY;0.0425037;0.130257;0.000784683;6;;+;tomtom_q<=0.05
KKJKDFLKK;KKLWKK;0.0429224;0.476646;0.00287136;6;;+;tomtom_q<=0.05
KKJKDFLKK;WKKWKKKW;0.0430331;0.467443;0.00281592;7;;+;tomtom_q<=0.05
AAAAAVAGAAAG;VLSKLGBVIEEI;0.0430745;0.736437;0.00443637;11;;+;tomtom_q<=0.05
LKKAVK;MFTLKKSL;0.0434883;0.301535;0.00181647;5;;+;tomtom_q<=0.05
GFSGGR;GYKGGY;0.0437324;0.0923497;0.000556324;6;;+;tomtom_q<=0.05
EEZEEE;JEESQE;0.0439618;0.160972;0.000969713;5;;+;tomtom_q<=0.05
JEESQE;KIEEYT;0.0439618;0.211794;0.00127587;5;;+;tomtom_q<=0.05
EEKREL;JEESQE;0.0439618;0.232198;0.00139878;5;;+;tomtom_q<=0.05
ALKAIAKAAKKLL;KKJKDFLKK;0.0441359;0.918436;0.00553275;9;;+;tomtom_q<=0.05
LLDTIKNVGKNVAGGL;VKKYIKBGI;0.0444399;0.299069;0.00180162;9;;+;tomtom_q<=0.05
DEGEMTEEEKK;LKEVSEZE;0.0447425;0.419089;0.00252463;8;;+;tomtom_q<=0.05
DEGEMTEEEKK;EELDKY;0.0447425;0.429103;0.00258496;5;;+;tomtom_q<=0.05
AAFAAWAAF;ALKAIAKAAKKLL;0.0450398;0.138619;0.000835055;9;;+;tomtom_q<=0.05
KKKKKKKKKK;LKKAVK;0.0456991;0.454378;0.00273722;6;;+;tomtom_q<=0.05
FLGLLLKLIK;GIJKKI;0.0466345;1.01708;0.00612698;6;;+;tomtom_q<=0.05
AAAAAVAGAAAG;LLDTIKNVGKNVAGGL;0.0473237;0.979722;0.00590194;10;;+;tomtom_q<=0.05
FLGLLLKLIK;KLKLLCKLKK;0.047783;0.318932;0.00192128;10;;+;tomtom_q<=0.05
DEGEMTEEEKK;EEEAAAP;0.048413;0.515895;0.0031078;5;;+;tomtom_q<=0.05
DEGEMTEEEKK;KEKKREKERKERKR;0.0484388;0.567787;0.0034204;10;;+;tomtom_q<=0.05
GIJKKI;VLSKLGBVIEEI;0.0489455;0.8926;0.00537711;6;;+;tomtom_q<=0.05
RIGQRIRD;WKKJLKKILK;0.0491321;0.262555;0.00158165;8;;+;tomtom_q<=0.05
RIGQRIRD;RKRRRRRR;0.0491321;0.283111;0.00170549;8;;+;tomtom_q<=0.05
RIGQRIRD;VKKYIKBGI;0.0491321;0.362134;0.00218153;7;;+;tomtom_q<=0.05
KKVGKKVAKAVAK;RIGQRIRD;0.0491321;0.367838;0.00221589;8;;+;tomtom_q<=0.05
KKJKDFLKK;RIGQRIRD;0.0491929;0.420907;0.00253558;5;;+;tomtom_q<=0.05
