Motif_A;Motif_B;best_q_value;best_E_value;best_p_value;best_overlap;mean_overlap;best_coverage;mean_coverage;reciprocal;Rule
PPPPPPPPPRPPPPP;PPPRPPPPPPPRPPP;1.3923800000000001e-18;2.8352700000000002e-18;1.2887599999999999e-20;15;15.0;1.0;1.0;True;"tomtom_q<=1e-05;overlap>=6;coverage>=0.8;reciprocal=True"
GYGGGGGGGGGGGGGGG;GYGGYGGGPYGGGGGPGGGG;2.23547e-18;4.7501e-18;2.1591399999999997e-20;17;17.0;1.0;1.0;True;"tomtom_q<=1e-05;overlap>=6;coverage>=0.8;reciprocal=True"
FVYVLIJFLSLFLVVTNGSA;LILLLLLFLVLILLS;4.50215e-17;9.29448e-17;4.22476e-19;15;15.0;1.0;1.0;True;"tomtom_q<=1e-05;overlap>=6;coverage>=0.8;reciprocal=True"
FLYLLJJFLSLFL;FVYVLIJFLSLFLVVTNGSA;7.56496e-17;1.65576e-16;7.52617e-19;13;13.0;1.0;1.0;True;"tomtom_q<=1e-05;overlap>=6;coverage>=0.8;reciprocal=True"
FVYVLIJFLSLFLVVTNGSA;IJFLSLFLVV;1.34529e-16;2.77729e-16;1.26241e-18;10;10.0;1.0;1.0;True;"tomtom_q<=1e-05;overlap>=6;coverage>=0.8;reciprocal=True"
FLGAJLKLAAKVLPKIICKI;FLPLLAGLAAKLLP;6.9164e-16;1.66612e-15;7.57327e-18;14;14.0;1.0;1.0;True;"tomtom_q<=1e-05;overlap>=6;coverage>=0.8;reciprocal=True"
JLDAJKNLAK;LLDTIKNVGKNVAGGL;8.86076e-12;2.12558e-11;9.66174e-14;10;10.0;1.0;1.0;True;"tomtom_q<=1e-05;overlap>=6;coverage>=0.8;reciprocal=True"
WQRNIRKV;WQRNJRKV;2.61339e-11;5.46198e-11;2.48272e-13;8;8.0;1.0;1.0;True;"tomtom_q<=1e-05;overlap>=6;coverage>=0.8;reciprocal=True"
CKTDADC;CXTDEDCPKVC;4.74567e-10;1.01768e-09;4.62583e-12;7;7.0;1.0;1.0;True;"tomtom_q<=1e-05;overlap>=6;coverage>=0.8;reciprocal=True"
LQLTVWG;QQHLLQLTVWGIKQLQA;5.55603e-10;1.11579e-09;5.07179e-12;7;7.0;1.0;1.0;True;"tomtom_q<=1e-05;overlap>=6;coverage>=0.8;reciprocal=True"
KVVAATY;KVVAATYVLV;6.1572e-10;1.34002e-09;6.09099e-12;7;7.0;1.0;1.0;True;"tomtom_q<=1e-05;overlap>=6;coverage>=0.8;reciprocal=True"
IJFLSLFLVV;LILLLLLFLVLILLS;1.80064e-09;5.57602e-09;2.53455e-11;10;10.0;1.0;1.0;True;"tomtom_q<=1e-05;overlap>=6;coverage>=0.8;reciprocal=True"
FLGAJLKLAAKVLPKIICKI;LLKAAGKVLAKIJGG;2.05124e-09;7.41195e-09;3.36907e-11;15;15.0;1.0;1.0;True;"tomtom_q<=1e-05;overlap>=6;coverage>=0.8;reciprocal=True"
FLPILKGLLKGL;LGLLGKLL;2.67521e-09;6.59031e-09;2.99559e-11;8;8.0;1.0;1.0;True;"tomtom_q<=1e-05;overlap>=6;coverage>=0.8;reciprocal=True"
KLLKKLLK;KLLKKLLKLL;2.71586e-09;6.16258e-09;2.80117e-11;8;8.0;1.0;1.0;True;"tomtom_q<=1e-05;overlap>=6;coverage>=0.8;reciprocal=True"
ILKFVYA;MVVILKYVYV;2.93237e-09;6.08432e-09;2.7656e-11;7;7.0;1.0;1.0;True;"tomtom_q<=1e-05;overlap>=6;coverage>=0.8;reciprocal=True"
KVVAATY;VVAATY;3.95767e-09;8.13459e-09;3.69754e-11;6;6.0;1.0;1.0;True;"tomtom_q<=1e-05;overlap>=6;coverage>=0.8;reciprocal=True"
IRVAVIR;RIRVAVIRA;4.56606e-09;9.41751e-09;4.28069e-11;7;7.0;1.0;1.0;True;"tomtom_q<=1e-05;overlap>=6;coverage>=0.8;reciprocal=True"
FLPLLAGL;FLPLLAGLAAKLLP;4.99474e-09;1.1341e-08;5.15499e-11;8;8.0;1.0;1.0;True;"tomtom_q<=1e-05;overlap>=6;coverage>=0.8;reciprocal=True"
WKKJKKLAKK;WKKJYKLAKK;7.40199e-09;1.69924e-08;7.72382e-11;10;10.0;1.0;1.0;True;"tomtom_q<=1e-05;overlap>=6;coverage>=0.8;reciprocal=True"
KKLLKKLC;LKKLLKKLKK;1.89347e-08;4.39451e-08;1.99751e-10;8;8.0;1.0;1.0;True;"tomtom_q<=1e-05;overlap>=6;coverage>=0.8;reciprocal=True"
CGEHCVKI;CGETCVLI;2.59032e-08;5.32414e-08;2.42006e-10;8;8.0;1.0;1.0;True;"tomtom_q<=1e-05;overlap>=6;coverage>=0.8;reciprocal=True"
FLPILKGLLKGL;JLDAJKNLAK;7.26737e-08;2.68544e-07;1.22066e-09;10;10.0;1.0;1.0;True;"tomtom_q<=1e-05;overlap>=6;coverage>=0.8;reciprocal=True"
AAAAAAKAAAKAAAA;AAAAAVAGAAAG;7.2963e-08;1.57276e-07;7.1489e-10;12;12.0;1.0;1.0;True;"tomtom_q<=1e-05;overlap>=6;coverage>=0.8;reciprocal=True"
FLPILKGLLKGL;LLDTIKNVGKNVAGGL;8.17716e-08;2.94239e-07;1.33745e-09;12;12.0;1.0;1.0;True;"tomtom_q<=1e-05;overlap>=6;coverage>=0.8;reciprocal=True"
KKKRRR;KKRKRRR;1.1098e-07;2.35738e-07;1.07154e-09;6;6.0;1.0;1.0;True;"tomtom_q<=1e-05;overlap>=6;coverage>=0.8;reciprocal=True"
FLPIIGKLLSK;FLPILKGLLKGL;1.13394e-07;5.58688e-07;2.53949e-09;11;11.0;1.0;1.0;True;"tomtom_q<=1e-05;overlap>=6;coverage>=0.8;reciprocal=True"
GYGGGGAGGSG;GYGGGGGGGGGGGGGGG;1.15148e-07;2.42257e-07;1.10117e-09;11;11.0;1.0;1.0;True;"tomtom_q<=1e-05;overlap>=6;coverage>=0.8;reciprocal=True"
FLPILKGLLKGL;FLPLLAGL;1.32785e-07;8.17779e-07;3.71718e-09;8;8.0;1.0;1.0;True;"tomtom_q<=1e-05;overlap>=6;coverage>=0.8;reciprocal=True"
KIEEYT;KKIEEYTK;1.62108e-07;3.51123e-07;1.59601e-09;6;6.0;1.0;1.0;True;"tomtom_q<=1e-05;overlap>=6;coverage>=0.8;reciprocal=True"
PPGFPPPP;PPPRPPPPPPPRPPP;1.72179e-07;3.52118e-07;1.60054e-09;8;8.0;1.0;1.0;True;"tomtom_q<=1e-05;overlap>=6;coverage>=0.8;reciprocal=True"
FLYLLJJFLSLFL;LILLLLLFLVLILLS;2.30256e-07;7.55948e-07;3.43613e-09;13;13.0;1.0;1.0;True;"tomtom_q<=1e-05;overlap>=6;coverage>=0.8;reciprocal=True"
KVVAATYVLV;VVAATY;2.31107e-07;7.12525e-07;3.23875e-09;6;6.0;1.0;1.0;True;"tomtom_q<=1e-05;overlap>=6;coverage>=0.8;reciprocal=True"
WRWWRRW;WRWWWR;2.54484e-07;5.43235e-07;2.46925e-09;6;6.0;1.0;1.0;True;"tomtom_q<=1e-05;overlap>=6;coverage>=0.8;reciprocal=True"
FLPILKGLLKGL;LLKAAGKVLAKIJGG;2.56955e-07;2.21551e-06;1.00705e-08;12;12.0;1.0;1.0;True;"tomtom_q<=1e-05;overlap>=6;coverage>=0.8;reciprocal=True"
FLYLLJJFLSLFL;IJFLSLFLVV;2.66536e-07;1.1005e-06;5.00228e-09;8;8.0;0.8;0.8;True;"tomtom_q<=1e-05;overlap>=6;coverage>=0.8;reciprocal=True"
FIKHFIHR;KHFIHRF;3.04723e-07;6.234e-07;2.83364e-09;6;6.0;0.8571428571428571;0.8571428571428571;True;"tomtom_q<=1e-05;overlap>=6;coverage>=0.8;reciprocal=True"
GJLSGJLGAGKNJVC;LLDTIKNVGKNVAGGL;3.23962e-07;1.55428e-06;7.06492e-09;14;14.0;0.9333333333333333;0.9333333333333333;True;"tomtom_q<=1e-05;overlap>=6;coverage>=0.8;reciprocal=True"
FLPIIGKLLSK;FLPLLAGL;3.64235e-07;1.24054e-06;5.63883e-09;8;8.0;1.0;1.0;True;"tomtom_q<=1e-05;overlap>=6;coverage>=0.8;reciprocal=True"
PPGFPPPP;PPPPPPPPPRPPPPP;5.04569e-07;1.54782e-06;7.03554e-09;8;8.0;1.0;1.0;True;"tomtom_q<=1e-05;overlap>=6;coverage>=0.8;reciprocal=True"
FLGAJLKLAAKVLPKIICKI;LGKLJKKAAK;5.05786e-07;2.43682e-06;1.10764e-08;10;10.0;1.0;1.0;True;"tomtom_q<=1e-05;overlap>=6;coverage>=0.8;reciprocal=True"
FLPIIGKLLSK;FLPLLAGLAAKLLP;6.71535e-07;2.29531e-06;1.04332e-08;11;11.0;1.0;1.0;True;"tomtom_q<=1e-05;overlap>=6;coverage>=0.8;reciprocal=True"
FLPIIGKLLSK;LGLLGKLL;7.17184e-07;4.05594e-06;1.84361e-08;8;8.0;1.0;1.0;True;"tomtom_q<=1e-05;overlap>=6;coverage>=0.8;reciprocal=True"
JLDAJKNLAK;LGKLJKKAAK;9.4699e-07;4.5929e-06;2.08768e-08;10;10.0;1.0;1.0;True;"tomtom_q<=1e-05;overlap>=6;coverage>=0.8;reciprocal=True"
FLPLLAGLAAKLLP;FLYLLJJFLSLFL;1.1877e-06;6.49883e-06;2.95401e-08;13;13.0;1.0;1.0;True;"tomtom_q<=1e-05;overlap>=6;coverage>=0.8;reciprocal=True"
GYCRKKCKKGE;RKKCKKNE;1.30939e-06;2.75357e-06;1.25162e-08;8;8.0;1.0;1.0;True;"tomtom_q<=1e-05;overlap>=6;coverage>=0.8;reciprocal=True"
FLPILKGLLKGL;FLPLLAGLAAKLLP;2.04076e-06;2.01094e-05;9.14065e-08;12;12.0;1.0;1.0;True;"tomtom_q<=1e-05;overlap>=6;coverage>=0.8;reciprocal=True"
FFKKIKKKIKKIGK;KKJKDFLKK;7.57241e-06;1.7901e-05;8.13682e-08;9;9.0;1.0;1.0;True;"tomtom_q<=1e-05;overlap>=6;coverage>=0.8;reciprocal=True"
