Peptide_ID,Sequence_x,Membrane_Binding_Energy,Helix_Start,Helix_End,Stability_Water,Stability_Bound_Coil,Transfer_Energy,Tilt_Angle,Depth_Thickness,Fpen,Is_False_Helix,Family_ID,Motif,Motif_Length,Motif_Start,Motif_End,Sequence_y,Header,Depth,Tilt,Angle,Shift,DeltaG1,DeltaG2,Param1,Param2,Param3,Energy1,Energy2,Chain,Segment_ID,TM_Start,TM_End,Sequence,Helix_Length,Motif_Inside_Helix
P0001,FLPLLAGLAAKWF,-8.1,3,11,-3.9,-2.4,-6.4,89.0,2.8,9.0,False,FAM_056,FLPLLAGL,8,0,8,FLPLLAGLAAKWF,AMP_004734,,,,,,,11.2,80.0,67.0,-15.3,-15.3,,,,,FLPLLAGLAAKWF,8,True
P0002,GLLSGILGAGKNIVCGLSGLC,-3.0,2,11,-0.1,1.6,-4.3,57.0,2.3,7.5,False,FAM_056,GJLSGJLGAGKNJVC,15,0,15,GLLSGILGAGKNIVCGLSGLC,AMP_008102,,,,,,,5.6,80.0,73.0,-11.8,-11.8,,,,,GLLSGILGAGKNIVCGLSGLC,9,True
P0003,ADLKVVAATYVLVA,-1.7,4,12,-0.3,0.7,-5.9,84.0,3.8,9.0,False,FAM_110,KVVAATY,7,3,10,ADLKVVAATYVLVA,AMP_000248,,,,,,,6.6,80.0,74.0,-6.6,-6.4,,,,,ADLKVVAATYVLVA,8,True
P0004,KKKKVVAATYFFFA,-4.0,5,12,-1.9,0.6,-7.2,89.0,3.5,8.0,False,FAM_110,KVVAATY,7,3,10,KKKKVVAATYFFFA,AMP_011962,,,,,,,10.0,80.0,64.0,-7.6,-7.0,,,,,KKKKVVAATYFFFA,7,True
P0005,ADLKVVAATYVLVA,-1.7,4,12,-0.3,0.7,-5.9,84.0,3.8,9.0,False,FAM_110,KVVAATYVLV,10,3,13,ADLKVVAATYVLVA,AMP_000248,,,,,,,6.6,80.0,74.0,-6.6,-6.4,,,,,ADLKVVAATYVLVA,8,True
P0006,ADKEVVAATYVKKK,-0.9,5,13,-0.2,0.4,-3.5,70.0,1.3,9.0,False,FAM_110,VVAATY,6,4,10,ADKEVVAATYVKKK,AMP_000231,,,,,,,0.4,80.0,75.0,-1.3,-1.2,,,,,ADKEVVAATYVKKK,8,True
P0007,DLEVVAATYV,-1.9,3,8,-1.2,-1.0,-4.5,51.0,3.7,6.0,False,FAM_110,VVAATY,6,3,9,DLEVVAATYV,AMP_002624,,,,,,,5.4,80.0,85.0,-5.4,-4.9,,,,,DLEVVAATYV,5,True
P0008,KKKKVVAATYALV,-1.1,5,12,-0.8,0.2,-5.1,84.0,3.9,8.0,False,FAM_110,VVAATY,6,4,10,KKKKVVAATYALV,AMP_011960,,,,,,,4.6,80.0,72.0,-5.6,-5.3,,,,,KKKKVVAATYALV,7,True
P0009,FALALKALKKLLKKLKKLAKKAL,-10.8,3,22,-9.2,-5.7,-9.4,81.0,6.4,20.0,False,FAM_104,LKKLLKKLKK,10,7,17,FALALKALKKLLKKLKKLAKKAL,AMP_003542,,,,,,,11.6,90.0,75.0,-18.5,-18.0,,,,,FALALKALKKLLKKLKKLAKKAL,19,True
P0010,KLKKLLKKLKKLLK,-4.5,2,13,-4.4,-1.4,-6.6,90.0,2.4,12.0,False,FAM_104,LKKLLKKLKK,10,1,11,KLKKLLKKLKKLLK,AMP_012388,,,,,,,6.2,80.0,88.0,-9.8,-9.1,,,,,KLKKLLKKLKKLLK,11,True
P0011,LKKLKKLLKKLKKKL,-3.0,2,14,-2.6,-0.6,-5.1,88.0,2.4,13.0,False,FAM_104,LKKLLKKLKK,10,3,13,LKKLKKLLKKLKKKL,AMP_014159,,,,,,,6.6,80.0,78.0,-10.6,-10.2,,,,,LKKLKKLLKKLKKKL,12,True
P0012,ARLRIRVAVIRA,-1.1,4,6,-0.7,-0.5,-3.5,73.0,1.3,3.5,False,FAM_090,IRVAVIR,7,4,11,ARLRIRVAVIRA,AMP_001063,,,,,,,2.3,80.0,87.0,-4.6,-4.3,,,,,ARLRIRVAVIRA,2,True
P0013,ARLRIRVAVIRA,-1.1,4,6,-0.7,-0.5,-3.5,73.0,1.3,3.5,False,FAM_090,RIRVAVIRA,9,3,12,ARLRIRVAVIRA,AMP_001063,,,,,,,2.3,80.0,87.0,-4.6,-4.3,,,,,ARLRIRVAVIRA,2,True
P0014,ALWKKLLKKLLKSAKKLG,-7.7,2,16,-6.8,-2.9,-7.4,83.0,5.9,15.0,False,FAM_106,KLLKKLLK,8,4,12,ALWKKLLKKLLKSAKKLG,AMP_000779,,,,,,,10.0,100.0,73.0,-12.7,-12.5,,,,,ALWKKLLKKLLKSAKKLG,14,True
P0015,APKAMKLLKKLLKLQKKGI,-5.2,3,17,-4.5,-1.9,-5.5,65.0,4.7,15.0,False,FAM_106,KLLKKLLK,8,5,13,APKAMKLLKKLLKLQKKGI,AMP_000933,5.5,2.2,78.0,1.0,-10.2,-10.2,,,,,,,,,,APKAMKLLKKLLKLQKKGI,14,True
P0016,CLKKGLKLLKKLLKLC,-3.5,2,15,-3.0,0.5,-5.5,88.0,1.1,14.0,False,FAM_106,KLLKKLLK,8,6,14,CLKKGLKLLKKLLKLC,AMP_001932,,,,,,,8.5,80.0,72.0,-10.7,-10.4,,,,,CLKKGLKLLKKLLKLC,13,True
P0017,DDALKKLLKKLLKKL,-5.0,2,14,-4.2,-1.7,-4.2,87.0,2.4,13.0,False,FAM_106,KLLKKLLK,8,5,13,DDALKKLLKKLLKKL,AMP_002395,,,,,,,3.3,80.0,82.0,-7.8,-7.1,,,,,DDALKKLLKKLLKKL,12,True
P0018,KCKKCLLKLLKKLLKLKL,-5.7,5,17,-4.8,-1.3,-5.7,80.0,3.4,13.0,False,FAM_106,KLLKKLLK,8,7,15,KCKKCLLKLLKKLLKLKL,AMP_011259,,,,,,,4.4,80.0,76.0,-5.1,-4.4,,,,,KCKKCLLKLLKKLLKLKL,12,True
P0019,KLLKLLKKLLKALG,-5.7,2,13,-5.7,-2.2,-7.1,73.0,7.1,12.0,False,FAM_106,KLLKKLLK,8,3,11,KLLKLLKKLLKALG,AMP_012450,,,,,,,8.7,80.0,74.0,-12.8,-12.1,,,,,KLLKLLKKLLKALG,11,True
P0020,LKKLLKKLLK,-2.6,4,9,-2.2,-0.2,-4.7,85.0,3.6,6.0,False,FAM_106,KLLKKLLK,8,2,10,LKKLLKKLLK,AMP_014164,,,,,,,9.1,80.0,59.0,-9.6,-9.5,,,,,LKKLLKKLLK,5,True
P0021,LKLLKKLLKLLKKF,-8.7,2,13,-7.5,-4.5,-9.2,88.0,4.2,12.0,False,FAM_106,KLLKKLLK,8,1,9,LKLLKKLLKLLKKF,AMP_014237,,,,,,,9.6,80.0,73.0,-14.7,-14.6,,,,,LKLLKKLLKLLKKF,11,True
P0022,RAGLQFPVGKLLKKLLKRLKR,-8.6,7,20,-8.1,-5.5,-9.6,81.0,4.8,14.0,False,FAM_106,KLLKKLLK,8,9,17,RAGLQFPVGKLLKKLLKRLKR,AMP_019063,,,,,,,5.4,80.0,83.0,-12.5,-12.3,,,,,RAGLQFPVGKLLKKLLKRLKR,13,True
P0023,RPRENRGRERGLGGGLKLLKKLLKLLKKL,-7.5,3,9,1.7,1.7,-1.6,53.0,0.0,11.0,False,FAM_106,KLLKKLLK,8,16,24,RPRENRGRERGLGGGLKLLKKLLKLLKKL,AMP_020153,,,,,,,9.1,80.0,62.0,-10.5,-9.5,,,,,RPRENRGRERGLGGGLKLLKKLLKLLKKL,6,False
P0023,RPRENRGRERGLGGGLKLLKKLLKLLKKL,-7.5,14,28,-4.6,-1.1,-5.7,84.0,2.4,11.0,False,FAM_106,KLLKKLLK,8,16,24,RPRENRGRERGLGGGLKLLKKLLKLLKKL,AMP_020153,,,,,,,9.1,80.0,62.0,-10.5,-9.5,,,,,RPRENRGRERGLGGGLKLLKKLLKLLKKL,14,True
P0024,GLFKLLKKLLKLLK,-8.5,2,13,-8.5,-3.9,-8.5,76.0,4.9,12.0,False,FAM_106,KLLKKLLKLL,10,3,13,GLFKLLKKLLKLLK,AMP_007681,,,,,,,11.0,80.0,64.0,-14.2,-13.8,,,,,GLFKLLKKLLKLLK,11,True
P0025,KLLKKLLKLL,-3.7,2,9,-3.7,-1.2,-6.6,90.0,5.7,8.0,False,FAM_106,KLLKKLLKLL,10,0,10,KLLKKLLKLL,AMP_012444,,,,,,,7.7,210.0,78.0,-10.9,-10.9,,,,,KLLKKLLKLL,7,True
P0026,LKLLKKLLKKLLKLL,-6.4,2,14,-5.9,-2.4,-7.7,87.0,3.7,13.0,False,FAM_106,KLLKKLLKLL,10,5,15,LKLLKKLLKKLLKLL,AMP_014235,,,,,,,9.6,80.0,77.0,-16.2,-16.0,,,,,LKLLKKLLKKLLKLL,12,True
P0027,RPRENRGRERGLGGGLKLLKKLLKLLKKL,-7.5,3,9,1.7,1.7,-1.6,53.0,0.0,11.0,False,FAM_106,KLLKKLLKLL,10,16,26,RPRENRGRERGLGGGLKLLKKLLKLLKKL,AMP_020153,,,,,,,9.1,80.0,62.0,-10.5,-9.5,,,,,RPRENRGRERGLGGGLKLLKKLLKLLKKL,6,False
P0027,RPRENRGRERGLGGGLKLLKKLLKLLKKL,-7.5,14,28,-4.6,-1.1,-5.7,84.0,2.4,11.0,False,FAM_106,KLLKKLLKLL,10,16,26,RPRENRGRERGLGGGLKLLKKLLKLLKKL,AMP_020153,,,,,,,9.1,80.0,62.0,-10.5,-9.5,,,,,RPRENRGRERGLGGGLKLLKKLLKLLKKL,14,True
P0028,RPRENRGRERGLGSGGGLKLLKKLLKLLKKL,-7.5,3,9,1.7,1.7,-1.6,53.0,0.0,10.5,False,FAM_106,KLLKKLLKLL,10,18,28,RPRENRGRERGLGSGGGLKLLKKLLKLLKKL,AMP_020154,,,,,,,5.5,80.0,61.0,-11.4,-10.9,,,,,RPRENRGRERGLGSGGGLKLLKKLLKLLKKL,6,False
P0028,RPRENRGRERGLGSGGGLKLLKKLLKLLKKL,-7.5,17,30,-5.3,-1.8,-6.4,87.0,2.6,10.5,False,FAM_106,KLLKKLLKLL,10,18,28,RPRENRGRERGLGSGGGLKLLKKLLKLLKKL,AMP_020154,,,,,,,5.5,80.0,61.0,-11.4,-10.9,,,,,RPRENRGRERGLGSGGGLKLLKKLLKLLKKL,13,True
P0029,CFWQRNIRKVCR,-2.8,2,10,-0.9,1.9,-3.7,60.0,2.6,9.0,False,FAM_164,WQRNIRKV,8,2,10,CFWQRNIRKVCR,AMP_001708,,,,,,,2.8,80.0,53.0,-3.2,-3.1,,,,,CFWQRNIRKVCR,8,True
P0030,FWQRNIRKVKK,-2.8,5,10,0.8,1.0,-2.7,80.0,0.2,6.0,False,FAM_164,WQRNIRKV,8,1,9,FWQRNIRKVKK,AMP_005341,,,,,,,5.1,80.0,84.0,-5.0,-4.8,,,,,FWQRNIRKVKK,5,True
P0031,CFWQRNIRKVCR,-2.8,2,10,-0.9,1.9,-3.7,60.0,2.6,9.0,False,FAM_164,WQRNJRKV,8,2,10,CFWQRNIRKVCR,AMP_001708,,,,,,,2.8,80.0,53.0,-3.2,-3.1,,,,,CFWQRNIRKVCR,8,True
P0032,FWQRNIRKVKK,-2.8,5,10,0.8,1.0,-2.7,80.0,0.2,6.0,False,FAM_164,WQRNJRKV,8,1,9,FWQRNIRKVKK,AMP_005341,,,,,,,5.1,80.0,84.0,-5.0,-4.8,,,,,FWQRNIRKVKK,5,True
P0033,EEYTKKIEEYTKKIEEYTKKIEEYTKKIEEYTKKI,-11.6,2,34,-11.6,-9.4,-6.9,90.0,3.6,33.0,False,FAM_098,KIEEYT,6,5,11,EEYTKKIEEYTKKIEEYTKKIEEYTKKIEEYTKKI,AMP_003031,,,,,,,3.0,90.0,88.0,-13.2,-11.4,,,,,EEYTKKIEEYTKKIEEYTKKIEEYTKKIEEYTKKI,32,True
P0034,EMTWEEWEKKIEEYTKKIEEILKKSQNQQIDL,-13.5,4,26,-13.0,-8.9,-6.0,87.0,3.2,23.0,False,FAM_098,KIEEYT,6,9,15,EMTWEEWEKKIEEYTKKIEEILKKSQNQQIDL,AMP_003257,,,,,,,4.2,110.0,89.0,-6.9,-5.2,,,,,EMTWEEWEKKIEEYTKKIEEILKKSQNQQIDL,22,True
P0035,MTWEEWDKKIEEYTKKIEEL,-7.6,3,19,-7.0,-3.6,-3.7,87.0,3.1,17.0,False,FAM_098,KIEEYT,6,8,14,MTWEEWDKKIEEYTKKIEEL,AMP_017463,,,,,,,3.4,80.0,86.0,-7.8,-7.7,,,,,MTWEEWDKKIEEYTKKIEEL,16,True
P0036,WEEWDKKIEEYTKKIEEL,-6.8,2,17,-6.1,-4.1,-3.8,89.0,4.2,16.0,False,FAM_098,KIEEYT,6,6,12,WEEWDKKIEEYTKKIEEL,AMP_024279,,,,,,,3.7,530.0,82.0,-9.5,-9.5,,,,,WEEWDKKIEEYTKKIEEL,15,True
P0037,EEYTKKIEEYTKKIEEYTKKIEEYTKKIEEYTKKI,-11.6,2,34,-11.6,-9.4,-6.9,90.0,3.6,33.0,False,FAM_098,KKIEEYTK,8,4,12,EEYTKKIEEYTKKIEEYTKKIEEYTKKIEEYTKKI,AMP_003031,,,,,,,3.0,90.0,88.0,-13.2,-11.4,,,,,EEYTKKIEEYTKKIEEYTKKIEEYTKKIEEYTKKI,32,True
P0038,EMTWEEWEKKIEEYTKKIEEILKKSQNQQIDL,-13.5,4,26,-13.0,-8.9,-6.0,87.0,3.2,23.0,False,FAM_098,KKIEEYTK,8,8,16,EMTWEEWEKKIEEYTKKIEEILKKSQNQQIDL,AMP_003257,,,,,,,4.2,110.0,89.0,-6.9,-5.2,,,,,EMTWEEWEKKIEEYTKKIEEILKKSQNQQIDL,22,True
P0039,MTWEEWDKKIEEYTKKIEEL,-7.6,3,19,-7.0,-3.6,-3.7,87.0,3.1,17.0,False,FAM_098,KKIEEYTK,8,7,15,MTWEEWDKKIEEYTKKIEEL,AMP_017463,,,,,,,3.4,80.0,86.0,-7.8,-7.7,,,,,MTWEEWDKKIEEYTKKIEEL,16,True
P0040,WEEWDKKIEEYTKKIEEL,-6.8,2,17,-6.1,-4.1,-3.8,89.0,4.2,16.0,False,FAM_098,KKIEEYTK,8,5,13,WEEWDKKIEEYTKKIEEL,AMP_024279,,,,,,,3.7,530.0,82.0,-9.5,-9.5,,,,,WEEWDKKIEEYTKKIEEL,15,True
P0041,FHFHLHFASASAFIKHFIHRF,-7.8,6,20,-5.1,-1.3,-10.8,83.0,5.8,15.0,False,FAM_054,FIKHFIHR,8,12,20,FHFHLHFASASAFIKHFIHRF,AMP_003913,,,,,,,10.9,80.0,74.0,-16.5,-16.0,,,,,FHFHLHFASASAFIKHFIHRF,14,True
P0042,FHFHLHFGGGFIKHFIHRF,-7.8,2,6,-2.1,-0.5,-6.7,85.0,3.7,6.5,False,FAM_054,FIKHFIHR,8,10,18,FHFHLHFGGGFIKHFIHRF,AMP_003914,9.5,2.2,81.0,1.0,-14.1,-13.9,,,,,,,,,,FHFHLHFGGGFIKHFIHRF,4,False
P0042,FHFHLHFGGGFIKHFIHRF,-7.8,11,18,-3.4,-0.8,-8.1,87.0,4.6,6.5,False,FAM_054,FIKHFIHR,8,10,18,FHFHLHFGGGFIKHFIHRF,AMP_003914,9.5,2.2,81.0,1.0,-14.1,-13.9,,,,,,,,,,FHFHLHFGGGFIKHFIHRF,7,True
P0043,FIKHFIHRFGGGFKKFWKWFRRF,-12.0,5,8,-2.5,-1.1,-6.0,84.0,3.5,3.3,False,FAM_054,FIKHFIHR,8,0,8,FIKHFIHRFGGGFKKFWKWFRRF,AMP_004009,,,,,,,8.8,80.0,82.0,-23.9,-23.3,,,,,FIKHFIHRFGGGFKKFWKWFRRF,3,True
P0043,FIKHFIHRFGGGFKKFWKWFRRF,-12.0,20,22,-2.3,-1.1,-4.9,74.0,2.4,3.3,False,FAM_054,FIKHFIHR,8,0,8,FIKHFIHRFGGGFKKFWKWFRRF,AMP_004009,,,,,,,8.8,80.0,82.0,-23.9,-23.3,,,,,FIKHFIHRFGGGFKKFWKWFRRF,2,False
P0044,FIKHFIHRFSATLQLLKQLLKLLKQF,-12.5,5,25,-10.0,-4.0,-12.7,81.0,8.0,21.0,False,FAM_054,FIKHFIHR,8,0,8,FIKHFIHRFSATLQLLKQLLKLLKQF,AMP_004012,,,,,,,8.5,80.0,88.0,-19.7,-18.9,,,,,FIKHFIHRFSATLQLLKQLLKLLKQF,20,True
P0045,FIKHFIHRFSATRWRRLLKKLHHLLH,-11.4,2,8,-2.7,-1.2,-7.1,76.0,4.8,11.5,False,FAM_054,FIKHFIHR,8,0,8,FIKHFIHRFSATRWRRLLKKLHHLLH,AMP_004013,,,,,,,11.0,80.0,76.0,-13.2,-12.5,,,,,FIKHFIHRFSATRWRRLLKKLHHLLH,6,True
P0045,FIKHFIHRFSATRWRRLLKKLHHLLH,-11.4,10,25,-8.0,-4.1,-8.6,89.0,5.4,11.5,False,FAM_054,FIKHFIHR,8,0,8,FIKHFIHRFSATRWRRLLKKLHHLLH,AMP_004013,,,,,,,11.0,80.0,76.0,-13.2,-12.5,,,,,FIKHFIHRFSATRWRRLLKKLHHLLH,15,False
P0046,FKKFWKWFRRFGGGFIKHFIHRF,-11.3,3,11,-4.5,1.8,-7.1,85.0,3.5,8.5,False,FAM_054,FIKHFIHR,8,14,22,FKKFWKWFRRFGGGFIKHFIHRF,AMP_004156,,,,,,,10.5,80.0,80.0,-21.9,-20.0,,,,,FKKFWKWFRRFGGGFIKHFIHRF,8,False
P0046,FKKFWKWFRRFGGGFIKHFIHRF,-11.3,15,22,-3.4,-0.8,-8.1,87.0,4.6,8.5,False,FAM_054,FIKHFIHR,8,14,22,FKKFWKWFRRFGGGFIKHFIHRF,AMP_004156,,,,,,,10.5,80.0,80.0,-21.9,-20.0,,,,,FKKFWKWFRRFGGGFIKHFIHRF,7,True
P0047,LQLLKQLLKLLKQFSATFIKHFIHRF,-14.6,2,25,-6.3,0.5,-11.1,89.0,3.8,24.0,False,FAM_054,FIKHFIHR,8,17,25,LQLLKQLLKLLKQFSATFIKHFIHRF,AMP_014701,,,,,,,9.3,80.0,81.0,-21.9,-20.5,,,,,LQLLKQLLKLLKQFSATFIKHFIHRF,23,True
P0048,RWRRLLKKLHHLLHSATFIKHFIHRF,-11.7,2,14,-5.5,-1.6,-7.0,88.0,5.4,10.5,False,FAM_054,FIKHFIHR,8,17,25,RWRRLLKKLHHLLHSATFIKHFIHRF,AMP_021199,,,,,,,8.1,80.0,77.0,-9.9,-9.7,,,,,RWRRLLKKLHHLLHSATFIKHFIHRF,12,False
P0048,RWRRLLKKLHHLLHSATFIKHFIHRF,-11.7,18,25,-4.3,-1.6,-9.1,81.0,5.1,10.5,False,FAM_054,FIKHFIHR,8,17,25,RWRRLLKKLHHLLHSATFIKHFIHRF,AMP_021199,,,,,,,8.1,80.0,77.0,-9.9,-9.7,,,,,RWRRLLKKLHHLLHSATFIKHFIHRF,7,True
P0049,RWRWRWFSATFIKHFIHRF,-10.8,11,18,-4.3,-1.6,-9.1,81.0,5.1,6.0,False,FAM_054,FIKHFIHR,8,10,18,RWRWRWFSATFIKHFIHRF,AMP_021258,,,,,,,3.0,80.0,81.0,-10.3,-9.0,,,,,RWRWRWFSATFIKHFIHRF,7,True
P0050,FHFHLHFASASAFIKHFIHRF,-7.8,6,20,-5.1,-1.3,-10.8,83.0,5.8,15.0,False,FAM_054,KHFIHRF,7,14,21,FHFHLHFASASAFIKHFIHRF,AMP_003913,,,,,,,10.9,80.0,74.0,-16.5,-16.0,,,,,FHFHLHFASASAFIKHFIHRF,14,True
P0051,FHFHLHFGGGFIKHFIHRF,-7.8,2,6,-2.1,-0.5,-6.7,85.0,3.7,6.5,False,FAM_054,KHFIHRF,7,12,19,FHFHLHFGGGFIKHFIHRF,AMP_003914,9.5,2.2,81.0,1.0,-14.1,-13.9,,,,,,,,,,FHFHLHFGGGFIKHFIHRF,4,False
P0051,FHFHLHFGGGFIKHFIHRF,-7.8,11,18,-3.4,-0.8,-8.1,87.0,4.6,6.5,False,FAM_054,KHFIHRF,7,12,19,FHFHLHFGGGFIKHFIHRF,AMP_003914,9.5,2.2,81.0,1.0,-14.1,-13.9,,,,,,,,,,FHFHLHFGGGFIKHFIHRF,7,True
P0052,FIKHFIHRFGGGFKKFWKWFRRF,-12.0,5,8,-2.5,-1.1,-6.0,84.0,3.5,3.3,False,FAM_054,KHFIHRF,7,2,9,FIKHFIHRFGGGFKKFWKWFRRF,AMP_004009,,,,,,,8.8,80.0,82.0,-23.9,-23.3,,,,,FIKHFIHRFGGGFKKFWKWFRRF,3,True
P0052,FIKHFIHRFGGGFKKFWKWFRRF,-12.0,20,22,-2.3,-1.1,-4.9,74.0,2.4,3.3,False,FAM_054,KHFIHRF,7,2,9,FIKHFIHRFGGGFKKFWKWFRRF,AMP_004009,,,,,,,8.8,80.0,82.0,-23.9,-23.3,,,,,FIKHFIHRFGGGFKKFWKWFRRF,2,False
P0053,FIKHFIHRFSATLQLLKQLLKLLKQF,-12.5,5,25,-10.0,-4.0,-12.7,81.0,8.0,21.0,False,FAM_054,KHFIHRF,7,2,9,FIKHFIHRFSATLQLLKQLLKLLKQF,AMP_004012,,,,,,,8.5,80.0,88.0,-19.7,-18.9,,,,,FIKHFIHRFSATLQLLKQLLKLLKQF,20,True
P0054,FIKHFIHRFSATRWRRLLKKLHHLLH,-11.4,2,8,-2.7,-1.2,-7.1,76.0,4.8,11.5,False,FAM_054,KHFIHRF,7,2,9,FIKHFIHRFSATRWRRLLKKLHHLLH,AMP_004013,,,,,,,11.0,80.0,76.0,-13.2,-12.5,,,,,FIKHFIHRFSATRWRRLLKKLHHLLH,6,True
P0054,FIKHFIHRFSATRWRRLLKKLHHLLH,-11.4,10,25,-8.0,-4.1,-8.6,89.0,5.4,11.5,False,FAM_054,KHFIHRF,7,2,9,FIKHFIHRFSATRWRRLLKKLHHLLH,AMP_004013,,,,,,,11.0,80.0,76.0,-13.2,-12.5,,,,,FIKHFIHRFSATRWRRLLKKLHHLLH,15,False
P0055,FKKFWKWFRRFGGGFIKHFIHRF,-11.3,3,11,-4.5,1.8,-7.1,85.0,3.5,8.5,False,FAM_054,KHFIHRF,7,16,23,FKKFWKWFRRFGGGFIKHFIHRF,AMP_004156,,,,,,,10.5,80.0,80.0,-21.9,-20.0,,,,,FKKFWKWFRRFGGGFIKHFIHRF,8,False
P0055,FKKFWKWFRRFGGGFIKHFIHRF,-11.3,15,22,-3.4,-0.8,-8.1,87.0,4.6,8.5,False,FAM_054,KHFIHRF,7,16,23,FKKFWKWFRRFGGGFIKHFIHRF,AMP_004156,,,,,,,10.5,80.0,80.0,-21.9,-20.0,,,,,FKKFWKWFRRFGGGFIKHFIHRF,7,True
P0056,LQLLKQLLKLLKQFSATFIKHFIHRF,-14.6,2,25,-6.3,0.5,-11.1,89.0,3.8,24.0,False,FAM_054,KHFIHRF,7,19,26,LQLLKQLLKLLKQFSATFIKHFIHRF,AMP_014701,,,,,,,9.3,80.0,81.0,-21.9,-20.5,,,,,LQLLKQLLKLLKQFSATFIKHFIHRF,23,True
P0057,RWRRLLKKLHHLLHSATFIKHFIHRF,-11.7,2,14,-5.5,-1.6,-7.0,88.0,5.4,10.5,False,FAM_054,KHFIHRF,7,19,26,RWRRLLKKLHHLLHSATFIKHFIHRF,AMP_021199,,,,,,,8.1,80.0,77.0,-9.9,-9.7,,,,,RWRRLLKKLHHLLHSATFIKHFIHRF,12,False
P0057,RWRRLLKKLHHLLHSATFIKHFIHRF,-11.7,18,25,-4.3,-1.6,-9.1,81.0,5.1,10.5,False,FAM_054,KHFIHRF,7,19,26,RWRRLLKKLHHLLHSATFIKHFIHRF,AMP_021199,,,,,,,8.1,80.0,77.0,-9.9,-9.7,,,,,RWRRLLKKLHHLLHSATFIKHFIHRF,7,True
P0058,RWRWRWFSATFIKHFIHRF,-10.8,11,18,-4.3,-1.6,-9.1,81.0,5.1,6.0,False,FAM_054,KHFIHRF,7,12,19,RWRWRWFSATFIKHFIHRF,AMP_021258,,,,,,,3.0,80.0,81.0,-10.3,-9.0,,,,,RWRWRWFSATFIKHFIHRF,7,True
P0059,HMLQLTVWGIKQLQA,-3.0,2,13,-3.0,0.3,-6.6,70.0,8.2,12.0,False,FAM_123,LQLTVWG,7,2,9,HMLQLTVWGIKQLQA,AMP_009772,,,,,,,9.2,80.0,70.0,-10.9,-10.6,,,,,HMLQLTVWGIKQLQA,11,True
P0060,IEAQQHLLQLTVWGIKQLQARIL,-3.6,2,21,-3.6,0.0,-6.6,88.0,4.1,20.0,False,FAM_123,LQLTVWG,7,7,14,IEAQQHLLQLTVWGIKQLQARIL,AMP_010003,,,,,,,5.4,80.0,88.0,-9.5,-9.3,,,,,IEAQQHLLQLTVWGIKQLQARIL,19,True
P0061,KIKKIENEIARIKKLLQLTVWGIKQLQARIL,-6.2,5,29,-6.2,-2.0,-9.3,90.0,1.4,25.0,False,FAM_123,LQLTVWG,7,15,22,KIKKIENEIARIKKLLQLTVWGIKQLQARIL,AMP_011628,,,,,,,4.5,80.0,80.0,-8.7,-7.3,,,,,KIKKIENEIARIKKLLQLTVWGIKQLQARIL,24,True
P0062,LLQLTVWGIKQLQARIL,-4.4,6,15,-1.0,1.2,-4.3,38.0,0.9,10.0,False,FAM_123,LQLTVWG,7,1,8,LLQLTVWGIKQLQARIL,AMP_014459,,,,,,,9.3,80.0,71.0,-13.1,-12.8,,,,,LLQLTVWGIKQLQARIL,9,True
P0063,QHLLQLTVWGIKQLQARILAVERYLKDQ,-6.9,3,18,-4.9,-1.1,-7.9,73.0,7.3,12.0,False,FAM_123,LQLTVWG,7,3,10,QHLLQLTVWGIKQLQARILAVERYLKDQ,AMP_018636,,,,,,,9.6,90.0,74.0,-12.1,-12.0,,,,,QHLLQLTVWGIKQLQARILAVERYLKDQ,15,True
P0063,QHLLQLTVWGIKQLQARILAVERYLKDQ,-6.9,20,27,-2.0,-1.1,-4.6,68.0,3.7,12.0,False,FAM_123,LQLTVWG,7,3,10,QHLLQLTVWGIKQLQARILAVERYLKDQ,AMP_018636,,,,,,,9.6,90.0,74.0,-12.1,-12.0,,,,,QHLLQLTVWGIKQLQARILAVERYLKDQ,7,False
P0064,VQQQNNLLRAIEAQQHLLQLTVWGIKQL,-5.9,7,21,-1.9,0.7,-5.8,87.0,2.1,9.5,False,FAM_123,LQLTVWG,7,17,24,VQQQNNLLRAIEAQQHLLQLTVWGIKQL,AMP_023733,,,,,,,9.4,80.0,75.0,-9.9,-8.8,,,,,VQQQNNLLRAIEAQQHLLQLTVWGIKQL,14,True
P0064,VQQQNNLLRAIEAQQHLLQLTVWGIKQL,-5.9,24,27,-0.5,-0.3,-4.0,81.0,1.6,9.5,False,FAM_123,LQLTVWG,7,17,24,VQQQNNLLRAIEAQQHLLQLTVWGIKQL,AMP_023733,,,,,,,9.4,80.0,75.0,-9.9,-8.8,,,,,VQQQNNLLRAIEAQQHLLQLTVWGIKQL,3,True
P0065,IEAQQHLLQLTVWGIKQLQARIL,-3.6,2,21,-3.6,0.0,-6.6,88.0,4.1,20.0,False,FAM_123,QQHLLQLTVWGIKQLQA,17,3,20,IEAQQHLLQLTVWGIKQLQARIL,AMP_010003,,,,,,,5.4,80.0,88.0,-9.5,-9.3,,,,,IEAQQHLLQLTVWGIKQLQARIL,19,True
P0066,AAGRWWRWWRRWWRR,-8.4,2,14,-7.1,1.3,-5.6,88.0,4.2,13.0,False,FAM_165,WRWWRRW,7,5,12,AAGRWWRWWRRWWRR,AMP_000042,,,,,,,7.9,80.0,88.0,-11.1,-10.8,,,,,AAGRWWRWWRRWWRR,12,True
P0067,EEEEAAAGRWWRWWRRWWRR,-8.3,3,19,-8.3,0.1,-5.2,89.0,4.2,17.0,False,FAM_165,WRWWRRW,7,10,17,EEEEAAAGRWWRWWRRWWRR,AMP_002998,,,,,,,6.6,80.0,76.0,-6.6,-5.9,,,,,EEEEAAAGRWWRWWRRWWRR,16,True
P0068,NGVQPKYRWWRWWRRWW,-8.8,11,16,-1.6,2.6,-4.8,76.0,2.4,5.5,False,FAM_165,WRWWRRW,7,9,16,NGVQPKYRWWRWWRRWW,AMP_017694,,,,,,,6.3,100.0,85.0,-11.9,-11.2,,,,,NGVQPKYRWWRWWRRWW,5,True
P0069,RWWRRWWRWWRRWWRR,-13.1,2,14,-13.1,-1.9,-8.9,85.0,5.9,13.0,False,FAM_165,WRWWRRW,7,6,13,RWWRRWWRWWRRWWRR,AMP_021318,,,,,,,8.6,80.0,87.0,-17.9,-17.6,,,,,RWWRRWWRWWRRWWRR,12,True
P0070,WRRWWRRWWRWWRRWWRR,-13.1,1,16,-12.7,-0.1,-9.0,89.0,5.8,16.0,False,FAM_165,WRWWRRW,7,8,15,WRRWWRRWWRWWRRWWRR,AMP_024796,,,,,,,9.1,80.0,85.0,-17.9,-17.1,,,,,WRRWWRRWWRWWRRWWRR,15,True
P0075,AGETCVGGTCNTPGATCSWPVCTRNGLPV,-2.2,13,18,1.6,1.6,-3.0,82.0,1.9,5.5,False,FAM_028,CSWPVC,6,16,22,AGETCVGGTCNTPGATCSWPVCTRNGLPV,AMP_000377,,,,,,,5.6,80.0,71.0,-6.4,-6.2,,,,,AGETCVGGTCNTPGATCSWPVCTRNGLPV,5,True
P0081,AIIRILQQLLFIHFRIGRRRRRRRR,-5.8,2,23,-4.8,-0.6,-8.3,73.0,5.5,22.0,False,FAM_142,RRRRRR,6,17,23,AIIRILQQLLFIHFRIGRRRRRRRR,AMP_000503,,,,,,,9.8,80.0,57.0,-12.7,-12.4,,,,,AIIRILQQLLFIHFRIGRRRRRRRR,21,True
P0082,AQQLLFIHFRIGRRRRRRRR,-5.0,5,18,-4.6,-1.6,-6.9,49.0,4.0,14.0,False,FAM_142,RRRRRR,6,12,18,AQQLLFIHFRIGRRRRRRRR,AMP_000998,,,,,,,6.5,100.0,51.0,-6.6,-6.4,,,,,AQQLLFIHFRIGRRRRRRRR,13,True
P0083,CTLISWIKNKRKQRPRVSRRRRRRGGRRRR,-4.3,3,14,-4.5,-2.2,-5.8,54.0,6.0,10.0,False,FAM_142,RRRRRR,6,18,24,CTLISWIKNKRKQRPRVSRRRRRRGGRRRR,AMP_002190,,,,,,,7.6,80.0,12.0,-7.6,-7.4,,,,,CTLISWIKNKRKQRPRVSRRRRRRGGRRRR,11,False
P0083,CTLISWIKNKRKQRPRVSRRRRRRGGRRRR,-4.3,16,23,0.2,0.3,-3.5,67.0,0.0,10.0,False,FAM_142,RRRRRR,6,18,24,CTLISWIKNKRKQRPRVSRRRRRRGGRRRR,AMP_002190,,,,,,,7.6,80.0,12.0,-7.6,-7.4,,,,,CTLISWIKNKRKQRPRVSRRRRRRGGRRRR,7,True
P0084,DILIIVGGRRRRRR,-1.1,3,13,-0.3,0.5,-5.5,57.0,5.3,11.0,False,FAM_142,RRRRRR,6,8,14,DILIIVGGRRRRRR,AMP_002565,,,,,,,5.6,110.0,59.0,-6.6,-6.4,,,,,DILIIVGGRRRRRR,10,True
P0085,EAEIRIKQQLLFIHFRIGRRRRRRRR,-5.4,3,8,0.6,1.0,-2.6,55.0,3.6,10.0,False,FAM_142,RRRRRR,6,18,24,EAEIRIKQQLLFIHFRIGRRRRRRRR,AMP_002919,0.8,2.2,67.0,7.0,-2.8,-2.1,,,,,,,,,,EAEIRIKQQLLFIHFRIGRRRRRRRR,5,False
P0085,EAEIRIKQQLLFIHFRIGRRRRRRRR,-5.4,11,24,-4.6,-1.6,-6.9,49.0,4.0,10.0,False,FAM_142,RRRRRR,6,18,24,EAEIRIKQQLLFIHFRIGRRRRRRRR,AMP_002919,0.8,2.2,67.0,7.0,-2.8,-2.1,,,,,,,,,,EAEIRIKQQLLFIHFRIGRRRRRRRR,13,True
P0087,IHFRIGRRRRRRRR,-1.5,2,12,-0.7,0.7,-5.1,55.0,2.8,11.0,False,FAM_142,RRRRRR,6,6,12,IHFRIGRRRRRRRR,AMP_010117,,,,,,,8.7,130.0,58.0,-7.7,-7.5,,,,,IHFRIGRRRRRRRR,10,True
P0088,IIRILQQLLFIHFRIGRRRRRRRR,-6.1,3,22,-3.9,-0.1,-7.4,75.0,5.4,20.0,False,FAM_142,RRRRRR,6,16,22,IIRILQQLLFIHFRIGRRRRRRRR,AMP_010178,,,,,,,9.4,80.0,66.0,-13.9,-13.5,,,,,IIRILQQLLFIHFRIGRRRRRRRR,19,True
P0089,ILQQLLFIHFRIGRRRRRRRR,-5.7,6,19,-4.6,-1.6,-6.9,49.0,4.0,8.5,False,FAM_142,RRRRRR,6,13,19,ILQQLLFIHFRIGRRRRRRRR,AMP_010709,,,,,,,10.4,80.0,59.0,-9.7,-8.9,,,,,ILQQLLFIHFRIGRRRRRRRR,13,True
P0090,IRILQQLLFIHFRIGRRRRRRRR,-5.9,2,21,-5.3,-1.4,-8.7,75.0,6.1,20.0,False,FAM_142,RRRRRR,6,15,21,IRILQQLLFIHFRIGRRRRRRRR,AMP_010918,,,,,,,8.0,80.0,61.0,-11.1,-10.7,,,,,IRILQQLLFIHFRIGRRRRRRRR,19,True
P0091,FLPLLLAGLPKFLCLVFKKC,-7.4,3,19,-6.7,-1.9,-16.6,21.0,28.8,17.0,False,FAM_057,FLPLLL,6,0,6,FLPLLLAGLPKFLCLVFKKC,AMP_004762,,,,,,,11.0,80.0,71.0,-20.9,-20.3,,,,,FLPLLLAGLPKFLCLVFKKC,16,True
P0092,KKLLKLKLKLKK,-2.7,2,11,-1.5,1.0,-3.7,81.0,1.9,10.0,False,FAM_120,LKLKLK,6,3,9,KKLLKLKLKLKK,AMP_012153,,,,,,,1.9,80.0,86.0,-3.8,-3.4,,,,,KKLLKLKLKLKK,9,True
P0093,LKLKLKINGKKLKLK,-2.7,2,8,0.4,1.6,-4.4,66.0,4.6,5.0,False,FAM_120,LKLKLK,6,0,6,LKLKLKINGKKLKLK,AMP_014214,,,,,,,4.3,200.0,78.0,-7.1,-7.0,,,,,LKLKLKINGKKLKLK,6,True
P0094,LKLKLKLTGKLKLKL,-3.5,2,8,-0.3,1.2,-4.8,62.0,4.5,5.0,False,FAM_120,LKLKLK,6,0,6,LKLKLKLTGKLKLKL,AMP_014215,,,,,,,11.0,100.0,67.0,-6.4,-6.3,,,,,LKLKLKLTGKLKLKL,6,True
P0094,LKLKLKLTGKLKLKL,-3.5,12,14,-0.8,-0.3,-3.5,71.0,1.6,5.0,False,FAM_120,LKLKLK,6,0,6,LKLKLKLTGKLKLKL,AMP_014215,,,,,,,11.0,100.0,67.0,-6.4,-6.3,,,,,LKLKLKLTGKLKLKL,2,False
P0097,GLKLLLKLGLKLL,-4.1,3,11,-2.8,-0.8,-6.0,85.0,2.5,9.0,False,FAM_121,LKLLLKL,7,1,8,GLKLLLKLGLKLL,AMP_007893,,,,,,,10.2,80.0,70.0,-12.1,-11.7,,,,,GLKLLLKLGLKLL,8,True
P0098,KKLLKLLLKLLK,-6.0,3,11,-6.0,-3.0,-7.5,68.0,5.9,9.0,False,FAM_121,LKLLLKL,7,3,10,KKLLKLLLKLLK,AMP_012155,,,,,,,9.6,80.0,85.0,-11.6,-11.3,,,,,KKLLKLLLKLLK,8,True
P0099,KLLKLLLKLLLKLLK,-8.9,2,14,-8.9,-4.9,-8.9,81.0,6.5,13.0,False,FAM_121,LKLLLKL,7,2,9,KLLKLLLKLLLKLLK,AMP_012461,,,,,,,10.4,80.0,81.0,-18.1,-18.0,,,,,KLLKLLLKLLLKLLK,12,True
P0100,LKKKKLKLLLKLKCLC,-3.5,7,14,-2.0,-0.5,-5.6,80.0,5.4,5.5,False,FAM_121,LKLLLKL,7,5,12,LKKKKLKLLLKLKCLC,AMP_014134,,,,,,,1.7,530.0,83.0,-4.6,-4.6,,,,,LKKKKLKLLLKLKCLC,7,True
P0101,RKKRRQRRRGGGKLLKLLLKLLLKLLK,-9.9,14,26,-9.9,-5.9,-10.0,81.0,7.1,13.0,False,FAM_121,LKLLLKL,7,14,21,RKKRRQRRRGGGKLLKLLLKLLLKLLK,AMP_019658,,,,,,,8.7,80.0,64.0,-13.8,-12.6,,,,,RKKRRQRRRGGGKLLKLLLKLLLKLLK,12,True
P0102,FDVMGIIKKIAGA,-2.4,2,11,-2.4,-1.6,-5.7,77.0,4.2,10.0,False,FAM_068,GIJKKI,6,4,10,FDVMGIIKKIAGA,AMP_003607,5.5,0.2,73.0,3.0,-7.7,-7.7,,,,,,,,,,FDVMGIIKKIAGA,9,True
P0103,GIIKGIIKKIIK,-1.9,2,11,-1.7,-0.6,-5.9,74.0,5.4,10.0,False,FAM_068,GIJKKI,6,4,10,GIIKGIIKKIIK,AMP_006985,,,,,,,6.7,80.0,67.0,-8.9,-8.8,,,,,GIIKGIIKKIIK,9,True
P0105,LKNVGKEVGMDVVRTGIDIAGCKIKGEC,-1.5,11,24,1.6,2.4,-3.7,73.0,2.8,14.0,False,FAM_060,GCKIKGEC,8,20,28,LKNVGKEVGMDVVRTGIDIAGCKIKGEC,AMP_014248,,,,,,,2.8,80.0,85.0,-7.4,-6.2,,,,,LKNVGKEVGMDVVRTGIDIAGCKIKGEC,13,True
P0106,NVGKEVGMDVVRTGIDIAGCKIKGEC,-1.0,9,22,1.6,2.4,-3.7,73.0,2.8,14.0,False,FAM_060,GCKIKGEC,8,18,26,NVGKEVGMDVVRTGIDIAGCKIKGEC,AMP_017984,,,,,,,5.1,80.0,81.0,-4.1,-3.2,,,,,NVGKEVGMDVVRTGIDIAGCKIKGEC,13,True
P0107,FLGALIKGAIHGGRFIHGMIQNHH,-3.3,2,10,-2.0,-0.7,-6.1,76.0,4.3,8.0,False,FAM_113,LGALIK,6,1,7,FLGALIKGAIHGGRFIHGMIQNHH,AMP_004313,,,,,,,12.2,80.0,70.0,-16.0,-14.9,,,,,FLGALIKGAIHGGRFIHGMIQNHH,8,True
P0107,FLGALIKGAIHGGRFIHGMIQNHH,-3.3,16,22,-0.6,-0.1,-5.2,73.0,3.5,8.0,False,FAM_113,LGALIK,6,1,7,FLGALIKGAIHGGRFIHGMIQNHH,AMP_004313,,,,,,,12.2,80.0,70.0,-16.0,-14.9,,,,,FLGALIKGAIHGGRFIHGMIQNHH,6,False
P0108,GEKLKKIGKKIKNFFQKL,-4.3,2,17,-3.4,-0.2,-7.3,87.0,2.8,16.0,False,FAM_118,LKKJGKKIK,9,3,12,GEKLKKIGKKIKNFFQKL,AMP_005603,,,,,,,4.8,80.0,84.0,-8.9,-8.3,,,,,GEKLKKIGKKIKNFFQKL,15,True
P0109,AAYLLAKINLKALAALAKKIL,-5.4,3,8,-1.9,-0.7,-4.6,59.0,5.1,8.5,False,FAM_130,NLKAJAA,7,8,15,AAYLLAKINLKALAALAKKIL,AMP_000143,,,,,,,9.1,390.0,75.0,-13.7,-13.6,,,,,AAYLLAKINLKALAALAKKIL,5,True
P0109,AAYLLAKINLKALAALAKKIL,-5.4,10,20,-2.5,-0.9,-5.2,89.0,2.2,8.5,False,FAM_130,NLKAJAA,7,8,15,AAYLLAKINLKALAALAKKIL,AMP_000143,,,,,,,9.1,390.0,75.0,-13.7,-13.6,,,,,AAYLLAKINLKALAALAKKIL,10,True
P0110,AYLLGKINLKALAALAKKIL,-4.7,2,6,-1.2,-0.2,-4.5,80.0,5.1,8.0,False,FAM_130,NLKAJAA,7,7,14,AYLLGKINLKALAALAKKIL,AMP_001525,,,,,,,8.4,400.0,77.0,-11.4,-11.4,,,,,AYLLGKINLKALAALAKKIL,4,False
P0110,AYLLGKINLKALAALAKKIL,-4.7,9,19,-2.5,-0.9,-5.2,89.0,2.2,8.0,False,FAM_130,NLKAJAA,7,7,14,AYLLGKINLKALAALAKKIL,AMP_001525,,,,,,,8.4,400.0,77.0,-11.4,-11.4,,,,,AYLLGKINLKALAALAKKIL,10,True
P0111,FSGSGSGSGAGYLLGKINLKALAALAKKILGC,-5.9,9,17,-0.6,0.6,-4.1,76.0,3.0,10.0,False,FAM_130,NLKAJAA,7,17,24,FSGSGSGSGAGYLLGKINLKALAALAKKILGC,AMP_005155,,,,,,,6.4,80.0,90.0,-8.6,-7.8,,,,,FSGSGSGSGAGYLLGKINLKALAALAKKILGC,8,True
P0111,FSGSGSGSGAGYLLGKINLKALAALAKKILGC,-5.9,19,29,-2.5,-0.9,-5.2,89.0,2.2,10.0,False,FAM_130,NLKAJAA,7,17,24,FSGSGSGSGAGYLLGKINLKALAALAKKILGC,AMP_005155,,,,,,,6.4,80.0,90.0,-8.6,-7.8,,,,,FSGSGSGSGAGYLLGKINLKALAALAKKILGC,10,True
P0112,GNLKALAAVAKKIL,-1.8,3,13,-1.2,0.1,-4.7,88.0,2.5,11.0,False,FAM_130,NLKAJAA,7,1,8,GNLKALAAVAKKIL,AMP_008656,,,,,,,8.1,80.0,72.0,-7.4,-7.1,,,,,GNLKALAAVAKKIL,10,True
P0113,GWTLNSAGYLLGKINLKALAALAKKIL,-6.6,6,14,-1.0,0.1,-4.0,89.0,1.4,10.0,False,FAM_130,NLKAJAA,7,14,21,GWTLNSAGYLLGKINLKALAALAKKIL,AMP_009569,,,,,,,7.3,80.0,84.0,-11.0,-9.9,,,,,GWTLNSAGYLLGKINLKALAALAKKIL,8,True
P0113,GWTLNSAGYLLGKINLKALAALAKKIL,-6.6,16,26,-2.5,-0.9,-5.2,89.0,2.2,10.0,False,FAM_130,NLKAJAA,7,14,21,GWTLNSAGYLLGKINLKALAALAKKIL,AMP_009569,,,,,,,7.3,80.0,84.0,-11.0,-9.9,,,,,GWTLNSAGYLLGKINLKALAALAKKIL,10,True
P0114,INLKAIAAFAKALI,-3.3,2,13,-2.8,-0.5,-6.4,87.0,3.1,12.0,False,FAM_130,NLKAJAA,7,1,8,INLKAIAAFAKALI,AMP_010756,,,,,,,9.1,80.0,71.0,-11.0,-10.8,,,,,INLKAIAAFAKALI,11,True
P0115,NLKAIAALAKKLL,-4.1,3,12,-2.1,-0.9,-5.0,81.0,2.4,10.0,False,FAM_130,NLKAJAA,7,0,7,NLKAIAALAKKLL,AMP_017789,,,,,,,8.2,80.0,69.0,-8.9,-8.8,,,,,NLKAIAALAKKLL,9,True
P0116,AFKCKFCCGCCRAGVCGLCCRF,-4.1,18,21,-0.6,-0.1,-3.8,73.0,1.6,4.0,False,FAM_167,XFCCGC,6,4,10,AFKCKFCCGCCRAGVCGLCCRF,AMP_000330,3.3,2.0,102.0,4.0,-6.5,-6.5,,,,,,,,,,AFKCKFCCGCCRAGVCGLCCRF,3,False
P0119,DTHFPICIFCCGCCHRSKCGMCCKT,-2.8,5,8,-1.5,-1.1,-5.3,90.0,3.1,4.0,False,FAM_167,XFCCGC,6,7,13,DTHFPICIFCCGCCHRSKCGMCCKT,AMP_002813,,,,,,,2.2,270.0,77.0,-6.5,-6.5,,,,,DTHFPICIFCCGCCHRSKCGMCCKT,3,True
P0123,SPAGRNSRRRRCRFCCGCCPDMVGCGTCCKF,-2.5,2,11,0.4,0.4,-3.6,62.0,0.0,10.0,False,FAM_167,XFCCGC,6,12,18,SPAGRNSRRRRCRFCCGCCPDMVGCGTCCKF,AMP_021964,,,,,,,2.1,80.0,72.0,-5.4,-5.3,,,,,SPAGRNSRRRRCRFCCGCCPDMVGCGTCCKF,9,False
P0126,LQKWEDWVRWIGNIPQYLKG,-8.3,4,18,-6.6,-1.2,-7.4,86.0,4.2,15.0,False,FAM_034,DWVRWI,6,5,11,LQKWEDWVRWIGNIPQYLKG,AMP_014691,,,,,,,4.9,80.0,68.0,-5.1,-4.7,,,,,LQKWEDWVRWIGNIPQYLKG,14,True
P0127,QKWEDWVRWIGN,-5.7,3,10,-5.7,-1.2,-4.7,81.0,4.6,8.0,False,FAM_034,DWVRWI,6,4,10,QKWEDWVRWIGN,AMP_018738,,,,,,,6.1,80.0,82.0,-5.5,-5.3,,,,,QKWEDWVRWIGN,7,True
P0128,QLQKWEDWVRWI,-5.0,6,10,-2.9,-1.4,-5.0,86.0,1.8,4.0,False,FAM_034,DWVRWI,6,6,12,QLQKWEDWVRWI,AMP_018773,,,,,,,4.2,80.0,81.0,-5.7,-5.6,,,,,QLQKWEDWVRWI,4,True
P0129,ALDPIDISIELNKAKSDLEESKEWIRRSNQKLDS,-4.8,6,31,-4.0,-1.1,-8.0,89.0,1.6,26.0,False,FAM_097,KEWIRR,6,21,27,ALDPIDISIELNKAKSDLEESKEWIRRSNQKLDS,AMP_000669,,,,,,,3.4,80.0,88.0,-8.0,-7.1,,,,,ALDPIDISIELNKAKSDLEESKEWIRRSNQKLDS,25,True
P0130,DISIELNKAKSDLEESKEWIRRSNQKLDSIGNWH,-6.6,2,26,-3.8,-0.9,-7.9,90.0,1.8,25.0,False,FAM_097,KEWIRR,6,16,22,DISIELNKAKSDLEESKEWIRRSNQKLDSIGNWH,AMP_002579,,,,,,,2.6,90.0,87.0,-5.9,-5.2,,,,,DISIELNKAKSDLEESKEWIRRSNQKLDSIGNWH,24,True
P0131,DITLNNSVALDPIDISIELNKAKSDLEESKEWIRR,-5.4,14,34,-3.4,-0.5,-6.2,89.0,1.2,21.0,False,FAM_097,KEWIRR,6,29,35,DITLNNSVALDPIDISIELNKAKSDLEESKEWIRR,AMP_002581,,,,,,,3.6,80.0,88.0,-7.8,-6.4,,,,,DITLNNSVALDPIDISIELNKAKSDLEESKEWIRR,20,True
P0132,DPIDISIELNKAKSDLEESKEWIRRSNQKLDSIG,-4.5,4,29,-4.0,-1.1,-8.0,89.0,1.6,26.0,False,FAM_097,KEWIRR,6,19,25,DPIDISIELNKAKSDLEESKEWIRRSNQKLDSIG,AMP_002703,,,,,,,2.7,180.0,88.0,-9.1,-9.0,,,,,DPIDISIELNKAKSDLEESKEWIRRSNQKLDSIG,25,True
P0133,ELNKAKSDLEESKEWIRRSNQKLDSIGNWHQSST,-6.2,8,22,-3.0,-1.0,-5.5,87.0,2.2,7.0,False,FAM_097,KEWIRR,6,12,18,ELNKAKSDLEESKEWIRRSNQKLDSIGNWHQSST,AMP_003227,,,,,,,4.5,80.0,81.0,-9.1,-7.4,,,,,ELNKAKSDLEESKEWIRRSNQKLDSIGNWHQSST,14,True
P0134,IDISIELNKAKSDLEESKEWIRRSNQKLDSIGNW,-5.9,2,27,-4.2,-1.2,-8.1,89.0,2.1,26.0,False,FAM_097,KEWIRR,6,17,23,IDISIELNKAKSDLEESKEWIRRSNQKLDSIGNW,AMP_009974,,,,,,,2.8,190.0,84.0,-7.1,-6.8,,,,,IDISIELNKAKSDLEESKEWIRRSNQKLDSIGNW,25,True
P0135,IELNKAKSDLEESKEWIRRSNQKLDSIGNWHQSS,-6.9,2,7,-1.2,-0.7,-3.2,50.0,2.4,10.5,False,FAM_097,KEWIRR,6,13,19,IELNKAKSDLEESKEWIRRSNQKLDSIGNWHQSS,AMP_010014,,,,,,,4.4,90.0,76.0,-5.7,-5.1,,,,,IELNKAKSDLEESKEWIRRSNQKLDSIGNWHQSS,5,False
P0135,IELNKAKSDLEESKEWIRRSNQKLDSIGNWHQSS,-6.9,9,23,-3.0,-1.0,-5.5,87.0,2.2,10.5,False,FAM_097,KEWIRR,6,13,19,IELNKAKSDLEESKEWIRRSNQKLDSIGNWHQSS,AMP_010014,,,,,,,4.4,90.0,76.0,-5.7,-5.1,,,,,IELNKAKSDLEESKEWIRRSNQKLDSIGNWHQSS,14,True
P0136,ISIELNKAKSDLEESKEWIRRSNQKLDSIGNWHQ,-5.6,2,25,-0.6,2.1,-4.1,89.0,1.0,24.0,False,FAM_097,KEWIRR,6,15,21,ISIELNKAKSDLEESKEWIRRSNQKLDSIGNWHQ,AMP_010987,,,,,,,2.3,140.0,88.0,-6.0,-5.8,,,,,ISIELNKAKSDLEESKEWIRRSNQKLDSIGNWHQ,23,True
P0137,ITLNNSVALDPIDISIELNKAKSDLEESKEWIRR,-5.2,13,33,-3.4,-0.5,-6.2,89.0,1.2,21.0,False,FAM_097,KEWIRR,6,28,34,ITLNNSVALDPIDISIELNKAKSDLEESKEWIRR,AMP_011028,,,,,,,3.7,80.0,93.0,-10.7,-7.5,,,,,ITLNNSVALDPIDISIELNKAKSDLEESKEWIRR,20,True
P0138,LDPIDISIELNKAKSDLEESKEWIRRSNQKLDSI,-5.0,5,30,-4.0,-1.1,-8.0,89.0,1.6,26.0,False,FAM_097,KEWIRR,6,20,26,LDPIDISIELNKAKSDLEESKEWIRRSNQKLDSI,AMP_013834,,,,,,,3.4,200.0,88.0,-11.3,-10.7,,,,,LDPIDISIELNKAKSDLEESKEWIRRSNQKLDSI,25,True
P0144,GLLEALAELLEGLRKRLRKFRNKIKEK,-9.4,2,23,-8.6,-4.0,-9.9,82.0,3.8,22.0,False,FAM_069,GLLEAL,6,0,6,GLLEALAELLEGLRKRLRKFRNKIKEK,AMP_007972,,,,,,,7.9,80.0,77.0,-15.4,-15.3,,,,,GLLEALAELLEGLRKRLRKFRNKIKEK,21,True
P0145,GLLEALAELLEKFHTFPQTAIGVGAP,-8.3,2,22,-5.0,-0.1,-11.6,89.0,9.7,21.0,False,FAM_069,GLLEAL,6,0,6,GLLEALAELLEKFHTFPQTAIGVGAP,AMP_007974,,,,,,,8.4,400.0,80.0,-14.0,-13.8,,,,,GLLEALAELLEKFHTFPQTAIGVGAP,20,True
P0146,FTMKKSLLLIFFLGTISLSLCEQER,-13.6,1,24,-12.9,-7.2,-19.2,8.0,28.1,24.0,False,FAM_152,TISLSLCE,8,14,22,FTMKKSLLLIFFLGTISLSLCEQER,AMP_005210,28.9,1.4,2.0,4.0,-14.3,-14.1,,,,,,A,2.0,3.0,21.0,FTMKKSLLLIFFLGTISLSLCEQER,23,True
P0147,IGTISLSLCEQERDADEDEGETLEE,-1.9,3,15,1.9,3.1,-3.0,90.0,0.2,13.0,False,FAM_152,TISLSLCE,8,2,10,IGTISLSLCEQERDADEDEGETLEE,AMP_010107,,,,,,,2.1,80.0,71.0,-4.2,-3.8,,,,,IGTISLSLCEQERDADEDEGETLEE,12,True
P0148,TLKKSMLLLFFLGTISLSLCEEERNADEDDGEKE,-13.5,1,26,-13.5,-8.6,-21.0,9.0,29.2,26.0,False,FAM_152,TISLSLCE,8,13,21,TLKKSMLLLFFLGTISLSLCEEERNADEDDGEKE,AMP_022606,28.3,1.1,7.0,4.0,-13.5,-13.5,,,,,,A,7.0,3.0,20.0,TLKKSMLLLFFLGTISLSLCEEERNADEDDGEKE,25,True
P0149,AAGKWKLFKKLPKFHLHLAKKF,-8.0,5,11,-1.3,2.3,-4.0,72.0,2.9,7.5,False,FAM_163,WKLFKKJ,7,4,11,AAGKWKLFKKLPKFHLHLAKKF,AMP_000038,,,,,,,4.9,80.0,89.0,-6.3,-5.5,,,,,AAGKWKLFKKLPKFHLHLAKKF,6,True
P0149,AAGKWKLFKKLPKFHLHLAKKF,-8.0,14,21,-2.6,-0.5,-5.1,83.0,5.1,7.5,False,FAM_163,WKLFKKJ,7,4,11,AAGKWKLFKKLPKFHLHLAKKF,AMP_000038,,,,,,,4.9,80.0,89.0,-6.3,-5.5,,,,,AAGKWKLFKKLPKFHLHLAKKF,7,False
P0150,AVAVVGQATQIAKKWKLFKKIEKVGQ,-4.7,3,23,-4.7,-1.1,-7.2,72.0,4.7,21.0,False,FAM_163,WKLFKKJ,7,14,21,AVAVVGQATQIAKKWKLFKKIEKVGQ,AMP_001376,,,,,,,14.5,80.0,45.0,-9.8,-9.8,,,,,AVAVVGQATQIAKKWKLFKKIEKVGQ,20,True
P0151,EEEEAAAGKWKLFKKLPKFHLHLAKKF,-7.5,3,16,-3.9,-0.3,-4.5,69.0,2.7,11.0,False,FAM_163,WKLFKKJ,7,9,16,EEEEAAAGKWKLFKKLPKFHLHLAKKF,AMP_002995,,,,,,,2.6,80.0,84.0,-6.5,-5.2,,,,,EEEEAAAGKWKLFKKLPKFHLHLAKKF,13,True
P0151,EEEEAAAGKWKLFKKLPKFHLHLAKKF,-7.5,19,26,-2.6,-0.5,-5.1,83.0,5.1,11.0,False,FAM_163,WKLFKKJ,7,9,16,EEEEAAAGKWKLFKKLPKFHLHLAKKF,AMP_002995,,,,,,,2.6,80.0,84.0,-6.5,-5.2,,,,,EEEEAAAGKWKLFKKLPKFHLHLAKKF,7,False
P0152,GGHKWKLFKKIGAVLKVL,-4.5,4,17,-2.0,1.9,-4.5,77.0,1.2,14.0,False,FAM_163,WKLFKKJ,7,4,11,GGHKWKLFKKIGAVLKVL,AMP_006553,,,,,,,4.5,80.0,89.0,-5.8,-5.6,,,,,GGHKWKLFKKIGAVLKVL,13,True
P0153,GIGAVLKVLTTGLKWKLFKKIEKVGQ,-3.9,4,13,-1.6,0.1,-5.8,72.0,4.5,9.0,False,FAM_163,WKLFKKJ,7,14,21,GIGAVLKVLTTGLKWKLFKKIEKVGQ,AMP_006804,,,,,,,11.1,80.0,56.0,-12.0,-11.5,,,,,GIGAVLKVLTTGLKWKLFKKIEKVGQ,9,False
P0153,GIGAVLKVLTTGLKWKLFKKIEKVGQ,-3.9,16,23,-2.4,-0.5,-6.1,75.0,5.4,9.0,False,FAM_163,WKLFKKJ,7,14,21,GIGAVLKVLTTGLKWKLFKKIEKVGQ,AMP_006804,,,,,,,11.1,80.0,56.0,-12.0,-11.5,,,,,GIGAVLKVLTTGLKWKLFKKIEKVGQ,7,True
P0154,KFLHLAKKFPKWKLFKKI,-5.9,2,8,-3.8,-1.6,-6.4,87.0,4.5,6.0,False,FAM_163,WKLFKKJ,7,11,18,KFLHLAKKFPKWKLFKKI,AMP_011431,,,,,,,6.5,590.0,82.0,-9.3,-9.3,,,,,KFLHLAKKFPKWKLFKKI,6,False
P0154,KFLHLAKKFPKWKLFKKI,-5.9,13,17,-2.1,-0.5,-5.6,81.0,2.5,6.0,False,FAM_163,WKLFKKJ,7,11,18,KFLHLAKKFPKWKLFKKI,AMP_011431,,,,,,,6.5,590.0,82.0,-9.3,-9.3,,,,,KFLHLAKKFPKWKLFKKI,4,True
P0155,KKKKWKLFKKIGIGKFL,-4.9,6,15,-1.1,1.0,-5.8,58.0,5.4,10.0,False,FAM_163,WKLFKKJ,7,4,11,KKKKWKLFKKIGIGKFL,AMP_012022,3.2,2.4,80.0,14.0,-5.0,-4.8,,,,,,,,,,KKKKWKLFKKIGIGKFL,9,True
P0156,KLWKLFKKIGIGAVLKVLTTGLPALKLTLK,-8.9,2,29,-8.9,-1.8,-15.2,19.0,31.1,28.0,False,FAM_163,WKLFKKJ,7,2,9,KLWKLFKKIGIGAVLKVLTTGLPALKLTLK,AMP_012540,,,,,,,9.7,80.0,85.0,-17.7,-16.8,,,,,KLWKLFKKIGIGAVLKVLTTGLPALKLTLK,27,True
P0157,KWKLFKKI,-3.2,3,7,-2.1,-0.5,-5.6,81.0,2.5,5.0,False,FAM_163,WKLFKKJ,7,1,8,KWKLFKKI,AMP_013442,,,,,,,6.4,450.0,78.0,-6.7,-6.5,,,,,KWKLFKKI,4,True
P0158,WKLFKKILKFL,-5.5,2,10,-5.5,-2.0,-8.6,75.0,6.9,9.0,False,FAM_163,WKLFKKJ,7,0,7,WKLFKKILKFL,AMP_024501,,,,,,,9.3,120.0,78.0,-13.5,-13.4,,,,,WKLFKKILKFL,8,True
P0159,AGFAKLLAKLAKKLL,-7.4,3,14,-6.8,-3.7,-8.2,80.0,6.8,12.0,False,FAM_051,FAKLLA,6,2,8,AGFAKLLAKLAKKLL,AMP_000383,,,,,,,9.7,80.0,74.0,-12.5,-12.3,,,,,AGFAKLLAKLAKKLL,11,True
P0160,EEEEAAAGFAKLLAKLAKKLL,-6.9,4,20,-5.9,-2.8,-7.0,90.0,3.6,17.0,False,FAM_051,FAKLLA,6,8,14,EEEEAAAGFAKLLAKLAKKLL,AMP_002994,,,,,,,6.7,90.0,73.0,-7.0,-6.2,,,,,EEEEAAAGFAKLLAKLAKKLL,16,True
P0161,FAKLLAKAFKKAL,-5.8,5,12,-3.8,-2.2,-7.1,77.0,6.7,8.0,False,FAM_051,FAKLLA,6,0,6,FAKLLAKAFKKAL,AMP_003507,,,,,,,8.8,100.0,62.0,-13.0,-12.9,,,,,FAKLLAKAFKKAL,7,True
P0162,FIGAIAAALPHVINAIKNTF,-6.9,3,9,0.3,1.0,-2.6,72.0,1.2,7.5,False,FAM_053,FIGAIA,6,0,6,FIGAIAAALPHVINAIKNTF,AMP_003944,,,,,,,10.8,90.0,72.0,-17.0,-16.2,,,,,FIGAIAAALPHVINAIKNTF,6,True
P0162,FIGAIAAALPHVINAIKNTF,-6.9,12,19,-3.0,-2.6,-7.2,82.0,6.0,7.5,False,FAM_053,FIGAIA,6,0,6,FIGAIAAALPHVINAIKNTF,AMP_003944,,,,,,,10.8,90.0,72.0,-17.0,-16.2,,,,,FIGAIAAALPHVINAIKNTF,7,False
P0163,FIGAIANLLSKIF,-6.2,4,12,-3.8,-2.4,-6.4,87.0,5.7,9.0,False,FAM_053,FIGAIA,6,0,6,FIGAIANLLSKIF,AMP_003945,,,,,,,10.5,80.0,61.0,-13.5,-13.5,,,,,FIGAIANLLSKIF,8,True
P0164,FFPAILRVAAKVGPAVLCAITKKC,-4.4,4,11,-2.2,-1.4,-5.5,81.0,4.8,9.0,False,FAM_006,AITKKC,6,18,24,FFPAILRVAAKVGPAVLCAITKKC,AMP_003762,,,,,,,13.9,80.0,63.0,-16.8,-16.2,,,,,FFPAILRVAAKVGPAVLCAITKKC,7,False
P0164,FFPAILRVAAKVGPAVLCAITKKC,-4.4,14,23,-0.2,0.6,-3.1,68.0,2.5,9.0,False,FAM_006,AITKKC,6,18,24,FFPAILRVAAKVGPAVLCAITKKC,AMP_003762,,,,,,,13.9,80.0,63.0,-16.8,-16.2,,,,,FFPAILRVAAKVGPAVLCAITKKC,9,True
P0165,FFPIIAGMAAKVICAITKKC,-5.8,1,19,-5.8,-2.6,-12.6,8.0,24.5,19.0,False,FAM_006,AITKKC,6,14,20,FFPIIAGMAAKVICAITKKC,AMP_003778,,,,,,,15.6,80.0,47.0,-16.4,-16.3,,,,,FFPIIAGMAAKVICAITKKC,18,True
P0166,FFPTIAGLTKLFCAITKKC,-5.8,4,18,-3.2,-0.7,-7.3,81.0,3.9,15.0,False,FAM_006,AITKKC,6,13,19,FFPTIAGLTKLFCAITKKC,AMP_003837,,,,,,,12.1,80.0,70.0,-15.3,-15.3,,,,,FFPTIAGLTKLFCAITKKC,14,True
P0167,FLPFFAACAITKKC,-4.1,3,12,-2.8,-0.3,-6.6,65.0,6.4,10.0,False,FAM_006,AITKKC,6,8,14,FLPFFAACAITKKC,AMP_004529,10.1,2.6,60.0,24.0,-11.7,-11.6,,,,,,,,,,FLPFFAACAITKKC,9,True
P0168,FLPLFLPKIICAITKKC,-5.8,5,16,-3.8,-1.6,-7.6,80.0,5.8,12.0,False,FAM_006,AITKKC,6,11,17,FLPLFLPKIICAITKKC,AMP_004689,,,,,,,11.9,80.0,73.0,-15.7,-15.3,,,,,FLPLFLPKIICAITKKC,11,True
P0169,FLPLIAGLAAKFLPKIFCAITKKC,-9.6,3,11,-3.5,-2.3,-6.2,85.0,2.5,9.0,False,FAM_006,AITKKC,6,18,24,FLPLIAGLAAKFLPKIFCAITKKC,AMP_004692,,,,,,,15.2,80.0,65.0,-21.0,-20.6,,,,,FLPLIAGLAAKFLPKIFCAITKKC,8,False
P0169,FLPLIAGLAAKFLPKIFCAITKKC,-9.6,15,23,-1.3,0.2,-4.9,86.0,3.2,9.0,False,FAM_006,AITKKC,6,18,24,FLPLIAGLAAKFLPKIFCAITKKC,AMP_004692,,,,,,,15.2,80.0,65.0,-21.0,-20.6,,,,,FLPLIAGLAAKFLPKIFCAITKKC,8,True
P0170,FMGGLIKAATKALPAAFCAITKKC,-5.1,4,23,-0.5,2.0,-8.0,6.0,27.1,20.0,False,FAM_006,AITKKC,6,18,24,FMGGLIKAATKALPAAFCAITKKC,AMP_004977,,,,,,,15.6,80.0,59.0,-15.2,-14.7,,,,,FMGGLIKAATKALPAAFCAITKKC,19,True
P0171,GALFKVASKVLPSVKLAITKKC,-3.7,2,10,-2.1,-0.2,-6.3,85.0,6.4,7.5,False,FAM_006,AITKKC,6,16,22,GALFKVASKVLPSVKLAITKKC,AMP_005443,,,,,,,9.0,80.0,70.0,-12.3,-11.9,,,,,GALFKVASKVLPSVKLAITKKC,8,False
P0171,GALFKVASKVLPSVKLAITKKC,-3.7,15,20,0.5,1.2,-3.6,66.0,4.3,7.5,False,FAM_006,AITKKC,6,16,22,GALFKVASKVLPSVKLAITKKC,AMP_005443,,,,,,,9.0,80.0,70.0,-12.3,-11.9,,,,,GALFKVASKVLPSVKLAITKKC,5,True
P0172,KFLPKIFCAITKKC,-3.9,2,12,-2.2,0.9,-5.6,84.0,3.4,11.0,False,FAM_006,AITKKC,6,8,14,KFLPKIFCAITKKC,AMP_011437,,,,,,,8.9,80.0,71.0,-10.6,-10.4,,,,,KFLPKIFCAITKKC,10,True
P0173,KFLPWKIFCAITKKC,-6.3,4,14,-5.4,-2.5,-7.2,73.0,5.4,11.0,False,FAM_006,AITKKC,6,9,15,KFLPWKIFCAITKKC,AMP_011438,,,,,,,5.0,80.0,83.0,-8.8,-8.6,,,,,KFLPWKIFCAITKKC,10,True
P0174,AGYLLGKINLKALAALAKKIL,-4.7,3,7,-1.1,-0.1,-4.0,90.0,4.7,8.0,False,FAM_005,AGYLLG,6,0,6,AGYLLGKINLKALAALAKKIL,AMP_000456,,,,,,,8.1,200.0,75.0,-11.0,-10.9,,,,,AGYLLGKINLKALAALAKKIL,4,True
P0174,AGYLLGKINLKALAALAKKIL,-4.7,10,20,-2.5,-0.9,-5.2,89.0,2.2,8.0,False,FAM_005,AGYLLG,6,0,6,AGYLLGKINLKALAALAKKIL,AMP_000456,,,,,,,8.1,200.0,75.0,-11.0,-10.9,,,,,AGYLLGKINLKALAALAKKIL,10,False
P0175,FSGSGSGSGAGYLLGKINLKALAALAKKILGC,-5.9,9,17,-0.6,0.6,-4.1,76.0,3.0,10.0,False,FAM_005,AGYLLG,6,9,15,FSGSGSGSGAGYLLGKINLKALAALAKKILGC,AMP_005155,,,,,,,6.4,80.0,90.0,-8.6,-7.8,,,,,FSGSGSGSGAGYLLGKINLKALAALAKKILGC,8,True
P0175,FSGSGSGSGAGYLLGKINLKALAALAKKILGC,-5.9,19,29,-2.5,-0.9,-5.2,89.0,2.2,10.0,False,FAM_005,AGYLLG,6,9,15,FSGSGSGSGAGYLLGKINLKALAALAKKILGC,AMP_005155,,,,,,,6.4,80.0,90.0,-8.6,-7.8,,,,,FSGSGSGSGAGYLLGKINLKALAALAKKILGC,10,False
P0176,GWTLNSAGYLLGKINLKALAALAKKIL,-6.6,6,14,-1.0,0.1,-4.0,89.0,1.4,10.0,False,FAM_005,AGYLLG,6,6,12,GWTLNSAGYLLGKINLKALAALAKKIL,AMP_009569,,,,,,,7.3,80.0,84.0,-11.0,-9.9,,,,,GWTLNSAGYLLGKINLKALAALAKKIL,8,True
P0176,GWTLNSAGYLLGKINLKALAALAKKIL,-6.6,16,26,-2.5,-0.9,-5.2,89.0,2.2,10.0,False,FAM_005,AGYLLG,6,6,12,GWTLNSAGYLLGKINLKALAALAKKIL,AMP_009569,,,,,,,7.3,80.0,84.0,-11.0,-9.9,,,,,GWTLNSAGYLLGKINLKALAALAKKIL,10,False
P0177,GLRRLLRKIRGRWKGGGRLLRPLLQLLKQKLR,-9.5,2,12,-2.9,-1.2,-6.5,89.0,2.6,11.5,False,FAM_122,LLQLLK,6,22,28,GLRRLLRKIRGRWKGGGRLLRPLLQLLKQKLR,AMP_008424,,,,,,,8.0,80.0,84.0,-11.0,-8.3,,,,,GLRRLLRKIRGRWKGGGRLLRPLLQLLKQKLR,10,False
P0177,GLRRLLRKIRGRWKGGGRLLRPLLQLLKQKLR,-9.5,20,31,-4.5,-1.5,-6.4,79.0,5.7,11.5,False,FAM_122,LLQLLK,6,22,28,GLRRLLRKIRGRWKGGGRLLRPLLQLLKQKLR,AMP_008424,,,,,,,8.0,80.0,84.0,-11.0,-8.3,,,,,GLRRLLRKIRGRWKGGGRLLRPLLQLLKQKLR,11,True
P0178,NIKISGKWKAQKRFLKGGGRLLRPLLQLLKQKLR,-9.1,3,13,-0.3,1.3,-4.5,62.0,1.5,10.5,False,FAM_122,LLQLLK,6,24,30,NIKISGKWKAQKRFLKGGGRLLRPLLQLLKQKLR,AMP_017720,,,,,,,4.5,80.0,86.0,-7.3,-6.3,,,,,NIKISGKWKAQKRFLKGGGRLLRPLLQLLKQKLR,10,False
P0178,NIKISGKWKAQKRFLKGGGRLLRPLLQLLKQKLR,-9.1,24,33,-2.1,0.4,-3.6,65.0,0.9,10.5,False,FAM_122,LLQLLK,6,24,30,NIKISGKWKAQKRFLKGGGRLLRPLLQLLKQKLR,AMP_017720,,,,,,,4.5,80.0,86.0,-7.3,-6.3,,,,,NIKISGKWKAQKRFLKGGGRLLRPLLQLLKQKLR,9,True
P0179,RKVRGPPGGGRLLRPLLQLLKQKLR,-5.8,16,24,-4.5,-2.0,-5.7,57.0,6.3,6.5,False,FAM_122,LLQLLK,6,15,21,RKVRGPPGGGRLLRPLLQLLKQKLR,AMP_019720,5.8,0.5,88.0,3.0,-9.9,-9.8,,,,,,,,,,RKVRGPPGGGRLLRPLLQLLKQKLR,8,True
P0180,SQRKLAAKLTSKGGGRLLRPLLQLLKQKLR,-7.1,5,11,-0.8,0.2,-4.1,82.0,1.9,9.0,False,FAM_122,LLQLLK,6,20,26,SQRKLAAKLTSKGGGRLLRPLLQLLKQKLR,AMP_022021,,,,,,,6.1,80.0,88.0,-11.3,-10.0,,,,,SQRKLAAKLTSKGGGRLLRPLLQLLKQKLR,6,False
P0180,SQRKLAAKLTSKGGGRLLRPLLQLLKQKLR,-7.1,19,29,-2.5,0.0,-4.7,86.0,2.6,9.0,False,FAM_122,LLQLLK,6,20,26,SQRKLAAKLTSKGGGRLLRPLLQLLKQKLR,AMP_022021,,,,,,,6.1,80.0,88.0,-11.3,-10.0,,,,,SQRKLAAKLTSKGGGRLLRPLLQLLKQKLR,10,True
P0181,RARAWRARACTKSIPPIC,-1.8,3,11,1.6,3.0,-2.7,82.0,1.0,9.0,False,FAM_149,SIPPIC,6,12,18,RARAWRARACTKSIPPIC,AMP_019081,,,,,,,3.6,170.0,57.0,-4.3,-4.3,,,,,RARAWRARACTKSIPPIC,8,False
P0182,RFRFRFWRFRFRFCTKSIPPIC,-8.7,2,8,-2.0,2.8,-5.2,87.0,2.5,6.5,False,FAM_149,SIPPIC,6,16,22,RFRFRFWRFRFRFCTKSIPPIC,AMP_019233,,,,,,,9.8,80.0,77.0,-10.0,-9.8,,,,,RFRFRFWRFRFRFCTKSIPPIC,6,False
P0182,RFRFRFWRFRFRFCTKSIPPIC,-8.7,10,15,-1.2,1.1,-5.6,72.0,4.3,6.5,False,FAM_149,SIPPIC,6,16,22,RFRFRFWRFRFRFCTKSIPPIC,AMP_019233,,,,,,,9.8,80.0,77.0,-10.0,-9.8,,,,,RFRFRFWRFRFRFCTKSIPPIC,5,False
P0183,VRIPCVTVADCPPTILPVFYECIDKFCMLHIE,-7.4,15,29,-5.8,-1.8,-10.8,73.0,6.8,9.0,False,FAM_089,IPCVTV,6,2,8,VRIPCVTVADCPPTILPVFYECIDKFCMLHIE,AMP_023758,,,,,,,9.1,100.0,55.0,-7.7,-7.7,,,,,VRIPCVTVADCPPTILPVFYECIDKFCMLHIE,14,False
P0184,KIFKKIEKVGRNVRDGIIKAGPAVAVVEQA,-2.4,2,11,-0.2,1.4,-4.9,70.0,3.1,6.3,False,FAM_072,GPAVAVV,7,20,27,KIFKKIEKVGRNVRDGIIKAGPAVAVVEQA,AMP_011598,,,,,,,5.2,80.0,76.0,-8.9,-7.6,,,,,KIFKKIEKVGRNVRDGIIKAGPAVAVVEQA,9,False
P0184,KIFKKIEKVGRNVRDGIIKAGPAVAVVEQA,-2.4,22,26,-0.4,-0.2,-3.7,81.0,3.1,6.3,False,FAM_072,GPAVAVV,7,20,27,KIFKKIEKVGRNVRDGIIKAGPAVAVVEQA,AMP_011598,,,,,,,5.2,80.0,76.0,-8.9,-7.6,,,,,KIFKKIEKVGRNVRDGIIKAGPAVAVVEQA,4,True
P0185,KKLFKKILKYLAGPAVAVVGQATQIAKKDEL,-6.7,3,12,-4.1,-0.9,-6.9,85.0,5.5,12.0,False,FAM_072,GPAVAVV,7,12,19,KKLFKKILKYLAGPAVAVVGQATQIAKKDEL,AMP_012102,,,,,,,7.1,80.0,80.0,-15.8,-13.5,,,,,KKLFKKILKYLAGPAVAVVGQATQIAKKDEL,9,True
P0185,KKLFKKILKYLAGPAVAVVGQATQIAKKDEL,-6.7,14,27,-2.0,-1.5,-6.4,70.0,6.0,12.0,False,FAM_072,GPAVAVV,7,12,19,KKLFKKILKYLAGPAVAVVGQATQIAKKDEL,AMP_012102,,,,,,,7.1,80.0,80.0,-15.8,-13.5,,,,,KKLFKKILKYLAGPAVAVVGQATQIAKKDEL,13,True
P0186,RWKIFKKIEKVGQNIRDGIVKAGPAVAVVGQAATI,-3.9,3,10,-2.1,-0.6,-5.9,72.0,5.0,9.5,False,FAM_072,GPAVAVV,7,22,29,RWKIFKKIEKVGQNIRDGIVKAGPAVAVVGQAATI,AMP_021101,,,,,,,7.4,80.0,78.0,-9.7,-8.4,,,,,RWKIFKKIEKVGQNIRDGIVKAGPAVAVVGQAATI,7,False
P0186,RWKIFKKIEKVGQNIRDGIVKAGPAVAVVGQAATI,-3.9,24,34,-0.6,-0.3,-5.4,74.0,4.2,9.5,False,FAM_072,GPAVAVV,7,22,29,RWKIFKKIEKVGQNIRDGIVKAGPAVAVVGQAATI,AMP_021101,,,,,,,7.4,80.0,78.0,-9.7,-8.4,,,,,RWKIFKKIEKVGQNIRDGIVKAGPAVAVVGQAATI,10,True
P0187,WKPFKKIEKAVRRVRDGVAKAGPAVAVVGQAT,-4.1,3,16,-1.9,-0.4,-6.6,82.0,3.1,11.0,False,FAM_072,GPAVAVV,7,21,28,WKPFKKIEKAVRRVRDGVAKAGPAVAVVGQAT,AMP_024513,7.4,2.5,128.0,1.0,-11.2,-11.0,,,,,,,,,,WKPFKKIEKAVRRVRDGVAKAGPAVAVVGQAT,13,False
P0187,WKPFKKIEKAVRRVRDGVAKAGPAVAVVGQAT,-4.1,23,30,0.5,0.8,-4.4,76.0,3.8,11.0,False,FAM_072,GPAVAVV,7,21,28,WKPFKKIEKAVRRVRDGVAKAGPAVAVVGQAT,AMP_024513,7.4,2.5,128.0,1.0,-11.2,-11.0,,,,,,,,,,WKPFKKIEKAVRRVRDGVAKAGPAVAVVGQAT,7,True
P0188,ASNYWILEYLWKVPFDFW,-10.3,6,13,-6.3,-3.7,-8.3,70.0,7.8,8.0,False,FAM_134,NYWILEY,7,2,9,ASNYWILEYLWKVPFDFW,AMP_001144,,,,,,,5.9,80.0,87.0,-14.5,-13.7,,,,,ASNYWILEYLWKVPFDFW,7,True
P0189,EFWRWTEQLASNYWILEY,-6.1,2,12,-2.5,2.0,-6.4,88.0,4.3,7.0,False,FAM_134,NYWILEY,7,11,18,EFWRWTEQLASNYWILEY,AMP_003076,,,,,,,7.0,80.0,72.0,-9.7,-8.9,,,,,EFWRWTEQLASNYWILEY,10,True
P0189,EFWRWTEQLASNYWILEY,-6.1,15,17,-1.1,-0.4,-3.6,73.0,0.1,7.0,False,FAM_134,NYWILEY,7,11,18,EFWRWTEQLASNYWILEY,AMP_003076,,,,,,,7.0,80.0,72.0,-9.7,-8.9,,,,,EFWRWTEQLASNYWILEY,2,True
P0190,EQLASNYWILEYLWKVPF,-8.3,9,16,-6.3,-3.7,-8.3,70.0,7.8,6.5,False,FAM_134,NYWILEY,7,5,12,EQLASNYWILEYLWKVPF,AMP_003327,,,,,,,10.5,80.0,81.0,-11.9,-11.6,,,,,EQLASNYWILEYLWKVPF,7,True
P0191,FWRWTEQLASNYWILEYL,-7.1,4,11,-1.0,0.9,-3.6,82.0,2.0,6.0,False,FAM_134,NYWILEY,7,10,17,FWRWTEQLASNYWILEYL,AMP_005385,,,,,,,10.3,80.0,62.0,-11.6,-11.6,,,,,FWRWTEQLASNYWILEYL,7,True
P0191,FWRWTEQLASNYWILEYL,-7.1,14,17,-1.8,-0.8,-5.4,67.0,4.3,6.0,False,FAM_134,NYWILEY,7,10,17,FWRWTEQLASNYWILEYL,AMP_005385,,,,,,,10.3,80.0,62.0,-11.6,-11.6,,,,,FWRWTEQLASNYWILEYL,3,True
P0192,LASNYWILEYLWKVPFDF,-9.4,7,14,-6.3,-3.7,-8.3,70.0,7.8,5.5,False,FAM_134,NYWILEY,7,3,10,LASNYWILEYLWKVPFDF,AMP_013760,,,,,,,7.5,80.0,81.0,-13.6,-13.2,,,,,LASNYWILEYLWKVPFDF,7,True
P0193,NYWILEYLWKVPFDFWRG,-8.9,4,11,-6.3,-3.7,-8.3,70.0,7.8,6.0,False,FAM_134,NYWILEY,7,0,7,NYWILEYLWKVPFDFWRG,AMP_018041,,,,,,,7.9,80.0,79.0,-15.1,-14.3,,,,,NYWILEYLWKVPFDFWRG,7,True
P0194,QLASNYWILEYLWKVPFD,-8.3,8,15,-6.3,-3.7,-8.3,70.0,7.8,6.0,False,FAM_134,NYWILEY,7,4,11,QLASNYWILEYLWKVPFD,AMP_018742,,,,,,,3.7,80.0,89.0,-10.4,-9.7,,,,,QLASNYWILEYLWKVPFD,7,True
P0195,RWTEQLASNYWILEYLWK,-6.8,2,9,-0.8,1.1,-3.4,88.0,2.9,7.0,False,FAM_134,NYWILEY,7,8,15,RWTEQLASNYWILEYLWK,AMP_021288,,,,,,,4.7,160.0,85.0,-9.7,-9.7,,,,,RWTEQLASNYWILEYLWK,7,True
P0195,RWTEQLASNYWILEYLWK,-6.8,12,17,-3.7,-1.1,-7.0,71.0,6.3,7.0,False,FAM_134,NYWILEY,7,8,15,RWTEQLASNYWILEYLWK,AMP_021288,,,,,,,4.7,160.0,85.0,-9.7,-9.7,,,,,RWTEQLASNYWILEYLWK,5,True
P0196,SNYWILEYLWKVPFDFWR,-10.3,5,12,-6.3,-3.7,-8.3,70.0,7.8,5.5,False,FAM_134,NYWILEY,7,1,8,SNYWILEYLWKVPFDFWR,AMP_021961,,,,,,,6.7,80.0,83.0,-13.9,-12.8,,,,,SNYWILEYLWKVPFDFWR,7,True
P0197,TEQLASNYWILEYLWKVP,-7.1,2,7,0.2,0.7,-2.6,43.0,1.6,7.0,False,FAM_134,NYWILEY,7,6,13,TEQLASNYWILEYLWKVP,AMP_022441,,,,,,,6.5,80.0,85.0,-9.0,-8.8,,,,,TEQLASNYWILEYLWKVP,5,True
P0197,TEQLASNYWILEYLWKVP,-7.1,10,17,-6.3,-3.7,-8.3,70.0,7.8,7.0,False,FAM_134,NYWILEY,7,6,13,TEQLASNYWILEYLWKVP,AMP_022441,,,,,,,6.5,80.0,85.0,-9.0,-8.8,,,,,TEQLASNYWILEYLWKVP,7,True
P0198,LNPLIKAGIFILKHRRPIGRGIEITGRGIKKFFSK,-6.4,3,15,-2.0,0.5,-5.6,80.0,0.9,12.5,False,FAM_141,RRPIGRGJ,8,14,22,LNPLIKAGIFILKHRRPIGRGIEITGRGIKKFFSK,AMP_014553,,,,,,,4.6,80.0,89.0,-14.9,-12.1,,,,,LNPLIKAGIFILKHRRPIGRGIEITGRGIKKFFSK,12,True
P0198,LNPLIKAGIFILKHRRPIGRGIEITGRGIKKFFSK,-6.4,21,32,-1.5,0.2,-7.0,84.0,2.1,12.5,False,FAM_141,RRPIGRGJ,8,14,22,LNPLIKAGIFILKHRRPIGRGIEITGRGIKKFFSK,AMP_014553,,,,,,,4.6,80.0,89.0,-14.9,-12.1,,,,,LNPLIKAGIFILKHRRPIGRGIEITGRGIKKFFSK,11,True
P0199,HFLLTLKNLAKKIL,-6.1,2,13,-5.5,-2.6,-8.6,79.0,7.1,12.0,False,FAM_079,HFLLTL,6,0,6,HFLLTLKNLAKKIL,AMP_009681,,,,,,,9.7,140.0,67.0,-14.3,-14.2,,,,,HFLLTLKNLAKKIL,11,True
P0200,ATLHLVLRLRGG,-2.5,4,10,-2.5,-1.0,-5.8,77.0,5.1,7.0,False,FAM_153,TLHLVLRL,8,1,9,ATLHLVLRLRGG,AMP_001324,,,,,,,1.4,80.0,91.0,-3.9,-3.9,,,,,ATLHLVLRLRGG,6,True
P0201,APKEWMEWDREINNYTSLIHSLIKQGI,-5.8,7,15,-1.6,0.3,-4.0,85.0,1.6,9.0,False,FAM_042,EINNYT,6,10,16,APKEWMEWDREINNYTSLIHSLIKQGI,AMP_000943,,,,,,,3.9,100.0,80.0,-10.4,-9.6,,,,,APKEWMEWDREINNYTSLIHSLIKQGI,8,True
P0201,APKEWMEWDREINNYTSLIHSLIKQGI,-5.8,17,25,-2.1,-0.7,-5.3,71.0,2.0,9.0,False,FAM_042,EINNYT,6,10,16,APKEWMEWDREINNYTSLIHSLIKQGI,AMP_000943,,,,,,,3.9,100.0,80.0,-10.4,-9.6,,,,,APKEWMEWDREINNYTSLIHSLIKQGI,8,False
P0202,WMEWDREINNYTSLIGSLIEESQNQQEKNEQELLE,-5.7,3,10,-0.9,0.7,-3.3,75.0,4.9,11.5,False,FAM_042,EINNYT,6,6,12,WMEWDREINNYTSLIGSLIEESQNQQEKNEQELLE,AMP_024620,,,,,,,3.9,80.0,87.0,-8.0,-6.5,,,,,WMEWDREINNYTSLIGSLIEESQNQQEKNEQELLE,7,True
P0202,WMEWDREINNYTSLIGSLIEESQNQQEKNEQELLE,-5.7,13,27,0.5,1.8,-5.3,68.0,3.7,11.5,False,FAM_042,EINNYT,6,6,12,WMEWDREINNYTSLIGSLIEESQNQQEKNEQELLE,AMP_024620,,,,,,,3.9,80.0,87.0,-8.0,-6.5,,,,,WMEWDREINNYTSLIGSLIEESQNQQEKNEQELLE,14,False
P0209,GGGCGLRRLGCKIAHGVKKYGPTVLRIIRIAG,-3.6,23,31,-1.9,-0.8,-5.6,78.0,4.2,5.3,False,FAM_070,GLRRLG,6,4,10,GGGCGLRRLGCKIAHGVKKYGPTVLRIIRIAG,AMP_006528,,,,,,,6.7,80.0,84.0,-9.4,-7.9,,,,,GGGCGLRRLGCKIAHGVKKYGPTVLRIIRIAG,8,False
P0210,GGLRRLGRKILRAVKKYG,-2.1,2,16,-1.0,0.7,-5.2,87.0,4.0,15.0,False,FAM_070,GLRRLG,6,1,7,GGLRRLGRKILRAVKKYG,AMP_006588,,,,,,,6.0,80.0,87.0,-9.6,-9.1,,,,,GGLRRLGRKILRAVKKYG,14,True
P0211,KRIGLIRLIGKILRGLRRLG,-6.4,4,19,-6.4,-3.4,-9.9,81.0,5.6,16.0,False,FAM_070,GLRRLG,6,14,20,KRIGLIRLIGKILRGLRRLG,AMP_012806,,,,,,,5.3,80.0,83.0,-9.4,-8.3,,,,,KRIGLIRLIGKILRGLRRLG,15,True
P0213,ENLLRFFVAPFPEVFG,-7.0,3,6,-3.3,-1.2,-6.2,71.0,5.0,4.5,False,FAM_154,VAPFPEV,7,7,14,ENLLRFFVAPFPEVFG,AMP_003279,,,,,,,8.4,80.0,80.0,-11.6,-11.0,,,,,ENLLRFFVAPFPEVFG,3,False
P0218,LIIFRILISH,-4.2,2,9,-4.2,-2.2,-7.4,73.0,5.8,8.0,False,FAM_116,LIIFRILIS,9,0,9,LIIFRILISH,AMP_014061,,,,,,,8.8,80.0,72.0,-13.3,-13.3,,,,,LIIFRILISH,7,True
P0220,DSAAKRHHGYKR,-0.6,3,7,-0.1,-0.1,-3.0,83.0,2.2,5.0,False,FAM_008,AKRHHGY,7,3,10,DSAAKRHHGYKR,AMP_002765,,,,,,,0.4,80.0,85.0,-1.7,-1.5,,,,,DSAAKRHHGYKR,4,True
P0221,WDSHAKRHHGYKRKFHEKHHSHRGY,-3.2,3,8,2.0,2.0,-1.4,72.0,0.0,4.7,False,FAM_008,AKRHHGY,7,4,11,WDSHAKRHHGYKRKFHEKHHSHRGY,AMP_024266,,,,,,,4.5,110.0,87.0,-5.5,-4.8,,,,,WDSHAKRHHGYKRKFHEKHHSHRGY,5,True
P0223,SRSELIVHQR,-0.8,6,9,-0.6,-0.3,-4.2,68.0,1.2,3.5,False,FAM_047,ELIVHQR,7,3,10,SRSELIVHQR,AMP_022062,,,,,,,1.2,80.0,84.0,-2.2,-2.0,,,,,SRSELIVHQR,3,True
P0224,LKNVGKEVGMDVVRTGIDIAGCKIKGEC,-1.5,11,24,1.6,2.4,-3.7,73.0,2.8,14.0,False,FAM_048,EVGMDVVRT,9,6,15,LKNVGKEVGMDVVRTGIDIAGCKIKGEC,AMP_014248,,,,,,,2.8,80.0,85.0,-7.4,-6.2,,,,,LKNVGKEVGMDVVRTGIDIAGCKIKGEC,13,True
P0225,NVGKEVGMDVVRTGIDIAGCKIKGEC,-1.0,9,22,1.6,2.4,-3.7,73.0,2.8,14.0,False,FAM_048,EVGMDVVRT,9,4,13,NVGKEVGMDVVRTGIDIAGCKIKGEC,AMP_017984,,,,,,,5.1,80.0,81.0,-4.1,-3.2,,,,,NVGKEVGMDVVRTGIDIAGCKIKGEC,13,True
P0226,GLVTSLIKGAGKLLGGLFGSVTGGQS,-4.0,2,21,-2.3,1.7,-9.5,88.0,4.3,20.0,False,FAM_074,GSVTGG,6,18,24,GLVTSLIKGAGKLLGGLFGSVTGGQS,AMP_008479,,,,,,,5.0,80.0,79.0,-16.3,-16.2,,,,,GLVTSLIKGAGKLLGGLFGSVTGGQS,19,True
P0228,GSRIPTGERVWDRGNVTLLC,-2.8,6,12,1.6,3.1,-3.4,89.0,1.7,5.0,False,FAM_071,GNVTLL,6,13,19,GSRIPTGERVWDRGNVTLLC,AMP_009091,,,,,,,2.4,80.0,74.0,-3.8,-3.2,,,,,GSRIPTGERVWDRGNVTLLC,6,False
P0231,RIPTGERVWDRGNVTLLCDC,-2.8,3,10,1.3,2.8,-4.5,84.0,2.2,6.0,False,FAM_071,GNVTLL,6,11,17,RIPTGERVWDRGNVTLLCDC,AMP_019525,,,,,,,2.3,80.0,38.0,-2.7,-2.6,,,,,RIPTGERVWDRGNVTLLCDC,7,False
