Peptide_ID,Num_Helices,Tilt_Mean,Tilt_Std,Tilt_Min,Tilt_Max,Depth_Mean,Depth_Std,Depth_Min,Depth_Max,Energy_Mean,Energy_Std,Motif_Overlap_Fraction,Tilt_Range,Depth_Range,High_Variability,Sequence,Best_Energy,Best_Tilt,Best_Depth,Best_Helix_Length,Best_Motif_Overlap,Mechanism
P0001,1,89.0,,89.0,89.0,2.8,,2.8,2.8,-8.1,,1.0,0.0,0.0,False,FLPLLAGLAAKWF,-8.1,89.0,2.8,8,True,Intermediate
P0002,1,57.0,,57.0,57.0,2.3,,2.3,2.3,-3.0,,1.0,0.0,0.0,False,GLLSGILGAGKNIVCGLSGLC,-3.0,57.0,2.3,9,True,Carpet-like
P0003,1,84.0,,84.0,84.0,3.8,,3.8,3.8,-1.7,,1.0,0.0,0.0,False,ADLKVVAATYVLVA,-1.7,84.0,3.8,8,True,Intermediate
P0004,1,89.0,,89.0,89.0,3.5,,3.5,3.5,-4.0,,1.0,0.0,0.0,False,KKKKVVAATYFFFA,-4.0,89.0,3.5,7,True,Intermediate
P0005,1,84.0,,84.0,84.0,3.8,,3.8,3.8,-1.7,,1.0,0.0,0.0,False,ADLKVVAATYVLVA,-1.7,84.0,3.8,8,True,Intermediate
P0006,1,70.0,,70.0,70.0,1.3,,1.3,1.3,-0.9,,1.0,0.0,0.0,False,ADKEVVAATYVKKK,-0.9,70.0,1.3,8,True,Carpet-like
P0007,1,51.0,,51.0,51.0,3.7,,3.7,3.7,-1.9,,1.0,0.0,0.0,False,DLEVVAATYV,-1.9,51.0,3.7,5,True,Toroidal pore-like
P0008,1,84.0,,84.0,84.0,3.9,,3.9,3.9,-1.1,,1.0,0.0,0.0,False,KKKKVVAATYALV,-1.1,84.0,3.9,7,True,Intermediate
P0009,1,81.0,,81.0,81.0,6.4,,6.4,6.4,-10.8,,1.0,0.0,0.0,False,FALALKALKKLLKKLKKLAKKAL,-10.8,81.0,6.4,19,True,Barrel-stave-like
P0010,1,90.0,,90.0,90.0,2.4,,2.4,2.4,-4.5,,1.0,0.0,0.0,False,KLKKLLKKLKKLLK,-4.5,90.0,2.4,11,True,Intermediate
P0011,1,88.0,,88.0,88.0,2.4,,2.4,2.4,-3.0,,1.0,0.0,0.0,False,LKKLKKLLKKLKKKL,-3.0,88.0,2.4,12,True,Intermediate
P0012,1,73.0,,73.0,73.0,1.3,,1.3,1.3,-1.1,,1.0,0.0,0.0,False,ARLRIRVAVIRA,-1.1,73.0,1.3,2,True,Carpet-like
P0013,1,73.0,,73.0,73.0,1.3,,1.3,1.3,-1.1,,1.0,0.0,0.0,False,ARLRIRVAVIRA,-1.1,73.0,1.3,2,True,Carpet-like
P0014,1,83.0,,83.0,83.0,5.9,,5.9,5.9,-7.7,,1.0,0.0,0.0,False,ALWKKLLKKLLKSAKKLG,-7.7,83.0,5.9,14,True,Barrel-stave-like
P0015,1,65.0,,65.0,65.0,4.7,,4.7,4.7,-5.2,,1.0,0.0,0.0,False,APKAMKLLKKLLKLQKKGI,-5.2,65.0,4.7,14,True,Toroidal pore-like
P0016,1,88.0,,88.0,88.0,1.1,,1.1,1.1,-3.5,,1.0,0.0,0.0,False,CLKKGLKLLKKLLKLC,-3.5,88.0,1.1,13,True,Intermediate
P0017,1,87.0,,87.0,87.0,2.4,,2.4,2.4,-5.0,,1.0,0.0,0.0,False,DDALKKLLKKLLKKL,-5.0,87.0,2.4,12,True,Intermediate
P0018,1,80.0,,80.0,80.0,3.4,,3.4,3.4,-5.7,,1.0,0.0,0.0,False,KCKKCLLKLLKKLLKLKL,-5.7,80.0,3.4,12,True,Toroidal pore-like
P0019,1,73.0,,73.0,73.0,7.1,,7.1,7.1,-5.7,,1.0,0.0,0.0,False,KLLKLLKKLLKALG,-5.7,73.0,7.1,11,True,Barrel-stave-like
P0020,1,85.0,,85.0,85.0,3.6,,3.6,3.6,-2.6,,1.0,0.0,0.0,False,LKKLLKKLLK,-2.6,85.0,3.6,5,True,Intermediate
P0021,1,88.0,,88.0,88.0,4.2,,4.2,4.2,-8.7,,1.0,0.0,0.0,False,LKLLKKLLKLLKKF,-8.7,88.0,4.2,11,True,Barrel-stave-like
P0022,1,81.0,,81.0,81.0,4.8,,4.8,4.8,-8.6,,1.0,0.0,0.0,False,RAGLQFPVGKLLKKLLKRLKR,-8.6,81.0,4.8,13,True,Barrel-stave-like
P0023,2,68.5,21.920310216782973,53.0,84.0,1.2,1.697056274847714,0.0,2.4,-7.5,0.0,0.5,31.0,2.4,True,RPRENRGRERGLGGGLKLLKKLLKLLKKL,-7.5,53.0,0.0,6,False,Carpet-like
P0024,1,76.0,,76.0,76.0,4.9,,4.9,4.9,-8.5,,1.0,0.0,0.0,False,GLFKLLKKLLKLLK,-8.5,76.0,4.9,11,True,Barrel-stave-like
P0025,1,90.0,,90.0,90.0,5.7,,5.7,5.7,-3.7,,1.0,0.0,0.0,False,KLLKKLLKLL,-3.7,90.0,5.7,7,True,Barrel-stave-like
P0026,1,87.0,,87.0,87.0,3.7,,3.7,3.7,-6.4,,1.0,0.0,0.0,False,LKLLKKLLKKLLKLL,-6.4,87.0,3.7,12,True,Intermediate
P0027,2,68.5,21.920310216782973,53.0,84.0,1.2,1.697056274847714,0.0,2.4,-7.5,0.0,0.5,31.0,2.4,True,RPRENRGRERGLGGGLKLLKKLLKLLKKL,-7.5,53.0,0.0,6,False,Carpet-like
P0028,2,70.0,24.041630560342615,53.0,87.0,1.3,1.8384776310850237,0.0,2.6,-7.5,0.0,0.5,34.0,2.6,True,RPRENRGRERGLGSGGGLKLLKKLLKLLKKL,-7.5,53.0,0.0,6,False,Carpet-like
P0029,1,60.0,,60.0,60.0,2.6,,2.6,2.6,-2.8,,1.0,0.0,0.0,False,CFWQRNIRKVCR,-2.8,60.0,2.6,8,True,Toroidal pore-like
P0030,1,80.0,,80.0,80.0,0.2,,0.2,0.2,-2.8,,1.0,0.0,0.0,False,FWQRNIRKVKK,-2.8,80.0,0.2,5,True,Carpet-like
P0031,1,60.0,,60.0,60.0,2.6,,2.6,2.6,-2.8,,1.0,0.0,0.0,False,CFWQRNIRKVCR,-2.8,60.0,2.6,8,True,Toroidal pore-like
P0032,1,80.0,,80.0,80.0,0.2,,0.2,0.2,-2.8,,1.0,0.0,0.0,False,FWQRNIRKVKK,-2.8,80.0,0.2,5,True,Carpet-like
P0033,1,90.0,,90.0,90.0,3.6,,3.6,3.6,-11.6,,1.0,0.0,0.0,False,EEYTKKIEEYTKKIEEYTKKIEEYTKKIEEYTKKI,-11.6,90.0,3.6,32,True,Intermediate
P0034,1,87.0,,87.0,87.0,3.2,,3.2,3.2,-13.5,,1.0,0.0,0.0,False,EMTWEEWEKKIEEYTKKIEEILKKSQNQQIDL,-13.5,87.0,3.2,22,True,Intermediate
P0035,1,87.0,,87.0,87.0,3.1,,3.1,3.1,-7.6,,1.0,0.0,0.0,False,MTWEEWDKKIEEYTKKIEEL,-7.6,87.0,3.1,16,True,Intermediate
P0036,1,89.0,,89.0,89.0,4.2,,4.2,4.2,-6.8,,1.0,0.0,0.0,False,WEEWDKKIEEYTKKIEEL,-6.8,89.0,4.2,15,True,Barrel-stave-like
P0037,1,90.0,,90.0,90.0,3.6,,3.6,3.6,-11.6,,1.0,0.0,0.0,False,EEYTKKIEEYTKKIEEYTKKIEEYTKKIEEYTKKI,-11.6,90.0,3.6,32,True,Intermediate
P0038,1,87.0,,87.0,87.0,3.2,,3.2,3.2,-13.5,,1.0,0.0,0.0,False,EMTWEEWEKKIEEYTKKIEEILKKSQNQQIDL,-13.5,87.0,3.2,22,True,Intermediate
P0039,1,87.0,,87.0,87.0,3.1,,3.1,3.1,-7.6,,1.0,0.0,0.0,False,MTWEEWDKKIEEYTKKIEEL,-7.6,87.0,3.1,16,True,Intermediate
P0040,1,89.0,,89.0,89.0,4.2,,4.2,4.2,-6.8,,1.0,0.0,0.0,False,WEEWDKKIEEYTKKIEEL,-6.8,89.0,4.2,15,True,Barrel-stave-like
P0041,1,83.0,,83.0,83.0,5.8,,5.8,5.8,-7.8,,1.0,0.0,0.0,False,FHFHLHFASASAFIKHFIHRF,-7.8,83.0,5.8,14,True,Barrel-stave-like
P0042,2,86.0,1.4142135623730951,85.0,87.0,4.15,0.6363961030678921,3.7,4.6,-7.8,0.0,0.5,2.0,0.8999999999999995,False,FHFHLHFGGGFIKHFIHRF,-7.8,85.0,3.7,4,False,Intermediate
P0043,2,79.0,7.0710678118654755,74.0,84.0,2.95,0.7778174593052025,2.4,3.5,-12.0,0.0,0.5,10.0,1.1,False,FIKHFIHRFGGGFKKFWKWFRRF,-12.0,84.0,3.5,3,True,Intermediate
P0044,1,81.0,,81.0,81.0,8.0,,8.0,8.0,-12.5,,1.0,0.0,0.0,False,FIKHFIHRFSATLQLLKQLLKLLKQF,-12.5,81.0,8.0,20,True,Barrel-stave-like
P0045,2,82.5,9.192388155425117,76.0,89.0,5.1,0.4242640687119292,4.8,5.4,-11.4,0.0,0.5,13.0,0.6000000000000005,False,FIKHFIHRFSATRWRRLLKKLHHLLH,-11.4,76.0,4.8,6,True,Barrel-stave-like
P0046,2,86.0,1.4142135623730951,85.0,87.0,4.05,0.7778174593052021,3.5,4.6,-11.3,0.0,0.5,2.0,1.0999999999999996,False,FKKFWKWFRRFGGGFIKHFIHRF,-11.3,85.0,3.5,8,False,Intermediate
P0047,1,89.0,,89.0,89.0,3.8,,3.8,3.8,-14.6,,1.0,0.0,0.0,False,LQLLKQLLKLLKQFSATFIKHFIHRF,-14.6,89.0,3.8,23,True,Intermediate
P0048,2,84.5,4.949747468305833,81.0,88.0,5.25,0.21213203435596475,5.1,5.4,-11.7,0.0,0.5,7.0,0.3000000000000007,False,RWRRLLKKLHHLLHSATFIKHFIHRF,-11.7,88.0,5.4,12,False,Barrel-stave-like
P0049,1,81.0,,81.0,81.0,5.1,,5.1,5.1,-10.8,,1.0,0.0,0.0,False,RWRWRWFSATFIKHFIHRF,-10.8,81.0,5.1,7,True,Barrel-stave-like
P0050,1,83.0,,83.0,83.0,5.8,,5.8,5.8,-7.8,,1.0,0.0,0.0,False,FHFHLHFASASAFIKHFIHRF,-7.8,83.0,5.8,14,True,Barrel-stave-like
P0051,2,86.0,1.4142135623730951,85.0,87.0,4.15,0.6363961030678921,3.7,4.6,-7.8,0.0,0.5,2.0,0.8999999999999995,False,FHFHLHFGGGFIKHFIHRF,-7.8,85.0,3.7,4,False,Intermediate
P0052,2,79.0,7.0710678118654755,74.0,84.0,2.95,0.7778174593052025,2.4,3.5,-12.0,0.0,0.5,10.0,1.1,False,FIKHFIHRFGGGFKKFWKWFRRF,-12.0,84.0,3.5,3,True,Intermediate
P0053,1,81.0,,81.0,81.0,8.0,,8.0,8.0,-12.5,,1.0,0.0,0.0,False,FIKHFIHRFSATLQLLKQLLKLLKQF,-12.5,81.0,8.0,20,True,Barrel-stave-like
P0054,2,82.5,9.192388155425117,76.0,89.0,5.1,0.4242640687119292,4.8,5.4,-11.4,0.0,0.5,13.0,0.6000000000000005,False,FIKHFIHRFSATRWRRLLKKLHHLLH,-11.4,76.0,4.8,6,True,Barrel-stave-like
P0055,2,86.0,1.4142135623730951,85.0,87.0,4.05,0.7778174593052021,3.5,4.6,-11.3,0.0,0.5,2.0,1.0999999999999996,False,FKKFWKWFRRFGGGFIKHFIHRF,-11.3,85.0,3.5,8,False,Intermediate
P0056,1,89.0,,89.0,89.0,3.8,,3.8,3.8,-14.6,,1.0,0.0,0.0,False,LQLLKQLLKLLKQFSATFIKHFIHRF,-14.6,89.0,3.8,23,True,Intermediate
P0057,2,84.5,4.949747468305833,81.0,88.0,5.25,0.21213203435596475,5.1,5.4,-11.7,0.0,0.5,7.0,0.3000000000000007,False,RWRRLLKKLHHLLHSATFIKHFIHRF,-11.7,88.0,5.4,12,False,Barrel-stave-like
P0058,1,81.0,,81.0,81.0,5.1,,5.1,5.1,-10.8,,1.0,0.0,0.0,False,RWRWRWFSATFIKHFIHRF,-10.8,81.0,5.1,7,True,Barrel-stave-like
P0059,1,70.0,,70.0,70.0,8.2,,8.2,8.2,-3.0,,1.0,0.0,0.0,False,HMLQLTVWGIKQLQA,-3.0,70.0,8.2,11,True,Barrel-stave-like
P0060,1,88.0,,88.0,88.0,4.1,,4.1,4.1,-3.6,,1.0,0.0,0.0,False,IEAQQHLLQLTVWGIKQLQARIL,-3.6,88.0,4.1,19,True,Barrel-stave-like
P0061,1,90.0,,90.0,90.0,1.4,,1.4,1.4,-6.2,,1.0,0.0,0.0,False,KIKKIENEIARIKKLLQLTVWGIKQLQARIL,-6.2,90.0,1.4,24,True,Intermediate
P0062,1,38.0,,38.0,38.0,0.9,,0.9,0.9,-4.4,,1.0,0.0,0.0,False,LLQLTVWGIKQLQARIL,-4.4,38.0,0.9,9,True,Carpet-like
P0063,2,70.5,3.5355339059327378,68.0,73.0,5.5,2.545584412271571,3.7,7.3,-6.9,0.0,0.5,5.0,3.5999999999999996,True,QHLLQLTVWGIKQLQARILAVERYLKDQ,-6.9,73.0,7.3,15,True,Barrel-stave-like
P0064,2,84.0,4.242640687119285,81.0,87.0,1.85,0.3535533905932738,1.6,2.1,-5.9,0.0,1.0,6.0,0.5,False,VQQQNNLLRAIEAQQHLLQLTVWGIKQL,-5.9,87.0,2.1,14,True,Intermediate
P0065,1,88.0,,88.0,88.0,4.1,,4.1,4.1,-3.6,,1.0,0.0,0.0,False,IEAQQHLLQLTVWGIKQLQARIL,-3.6,88.0,4.1,19,True,Barrel-stave-like
P0066,1,88.0,,88.0,88.0,4.2,,4.2,4.2,-8.4,,1.0,0.0,0.0,False,AAGRWWRWWRRWWRR,-8.4,88.0,4.2,12,True,Barrel-stave-like
P0067,1,89.0,,89.0,89.0,4.2,,4.2,4.2,-8.3,,1.0,0.0,0.0,False,EEEEAAAGRWWRWWRRWWRR,-8.3,89.0,4.2,16,True,Barrel-stave-like
P0068,1,76.0,,76.0,76.0,2.4,,2.4,2.4,-8.8,,1.0,0.0,0.0,False,NGVQPKYRWWRWWRRWW,-8.8,76.0,2.4,5,True,Carpet-like
P0069,1,85.0,,85.0,85.0,5.9,,5.9,5.9,-13.1,,1.0,0.0,0.0,False,RWWRRWWRWWRRWWRR,-13.1,85.0,5.9,12,True,Barrel-stave-like
P0070,1,89.0,,89.0,89.0,5.8,,5.8,5.8,-13.1,,1.0,0.0,0.0,False,WRRWWRRWWRWWRRWWRR,-13.1,89.0,5.8,15,True,Barrel-stave-like
P0075,1,82.0,,82.0,82.0,1.9,,1.9,1.9,-2.2,,1.0,0.0,0.0,False,AGETCVGGTCNTPGATCSWPVCTRNGLPV,-2.2,82.0,1.9,5,True,Carpet-like
P0081,1,73.0,,73.0,73.0,5.5,,5.5,5.5,-5.8,,1.0,0.0,0.0,False,AIIRILQQLLFIHFRIGRRRRRRRR,-5.8,73.0,5.5,21,True,Barrel-stave-like
P0082,1,49.0,,49.0,49.0,4.0,,4.0,4.0,-5.0,,1.0,0.0,0.0,False,AQQLLFIHFRIGRRRRRRRR,-5.0,49.0,4.0,13,True,Toroidal pore-like
P0083,2,60.5,9.192388155425117,54.0,67.0,3.0,4.242640687119285,0.0,6.0,-4.3,0.0,0.5,13.0,6.0,True,CTLISWIKNKRKQRPRVSRRRRRRGGRRRR,-4.3,54.0,6.0,11,False,Intermediate
P0084,1,57.0,,57.0,57.0,5.3,,5.3,5.3,-1.1,,1.0,0.0,0.0,False,DILIIVGGRRRRRR,-1.1,57.0,5.3,10,True,Intermediate
P0085,2,52.0,4.242640687119285,49.0,55.0,3.8,0.2828427124746191,3.6,4.0,-5.4,0.0,0.5,6.0,0.3999999999999999,False,EAEIRIKQQLLFIHFRIGRRRRRRRR,-5.4,55.0,3.6,5,False,Toroidal pore-like
P0087,1,55.0,,55.0,55.0,2.8,,2.8,2.8,-1.5,,1.0,0.0,0.0,False,IHFRIGRRRRRRRR,-1.5,55.0,2.8,10,True,Toroidal pore-like
P0088,1,75.0,,75.0,75.0,5.4,,5.4,5.4,-6.1,,1.0,0.0,0.0,False,IIRILQQLLFIHFRIGRRRRRRRR,-6.1,75.0,5.4,19,True,Barrel-stave-like
P0089,1,49.0,,49.0,49.0,4.0,,4.0,4.0,-5.7,,1.0,0.0,0.0,False,ILQQLLFIHFRIGRRRRRRRR,-5.7,49.0,4.0,13,True,Toroidal pore-like
P0090,1,75.0,,75.0,75.0,6.1,,6.1,6.1,-5.9,,1.0,0.0,0.0,False,IRILQQLLFIHFRIGRRRRRRRR,-5.9,75.0,6.1,19,True,Barrel-stave-like
P0091,1,21.0,,21.0,21.0,28.8,,28.8,28.8,-7.4,,1.0,0.0,0.0,False,FLPLLLAGLPKFLCLVFKKC,-7.4,21.0,28.8,16,True,Intermediate
P0092,1,81.0,,81.0,81.0,1.9,,1.9,1.9,-2.7,,1.0,0.0,0.0,False,KKLLKLKLKLKK,-2.7,81.0,1.9,9,True,Carpet-like
P0093,1,66.0,,66.0,66.0,4.6,,4.6,4.6,-2.7,,1.0,0.0,0.0,False,LKLKLKINGKKLKLK,-2.7,66.0,4.6,6,True,Barrel-stave-like
P0094,2,66.5,6.363961030678928,62.0,71.0,3.05,2.0506096654409878,1.6,4.5,-3.5,0.0,0.5,9.0,2.9,True,LKLKLKLTGKLKLKL,-3.5,62.0,4.5,6,True,Toroidal pore-like
P0097,1,85.0,,85.0,85.0,2.5,,2.5,2.5,-4.1,,1.0,0.0,0.0,False,GLKLLLKLGLKLL,-4.1,85.0,2.5,8,True,Intermediate
P0098,1,68.0,,68.0,68.0,5.9,,5.9,5.9,-6.0,,1.0,0.0,0.0,False,KKLLKLLLKLLK,-6.0,68.0,5.9,8,True,Barrel-stave-like
P0099,1,81.0,,81.0,81.0,6.5,,6.5,6.5,-8.9,,1.0,0.0,0.0,False,KLLKLLLKLLLKLLK,-8.9,81.0,6.5,12,True,Barrel-stave-like
P0100,1,80.0,,80.0,80.0,5.4,,5.4,5.4,-3.5,,1.0,0.0,0.0,False,LKKKKLKLLLKLKCLC,-3.5,80.0,5.4,7,True,Barrel-stave-like
P0101,1,81.0,,81.0,81.0,7.1,,7.1,7.1,-9.9,,1.0,0.0,0.0,False,RKKRRQRRRGGGKLLKLLLKLLLKLLK,-9.9,81.0,7.1,12,True,Barrel-stave-like
P0102,1,77.0,,77.0,77.0,4.2,,4.2,4.2,-2.4,,1.0,0.0,0.0,False,FDVMGIIKKIAGA,-2.4,77.0,4.2,9,True,Barrel-stave-like
P0103,1,74.0,,74.0,74.0,5.4,,5.4,5.4,-1.9,,1.0,0.0,0.0,False,GIIKGIIKKIIK,-1.9,74.0,5.4,9,True,Barrel-stave-like
P0105,1,73.0,,73.0,73.0,2.8,,2.8,2.8,-1.5,,1.0,0.0,0.0,False,LKNVGKEVGMDVVRTGIDIAGCKIKGEC,-1.5,73.0,2.8,13,True,Toroidal pore-like
P0106,1,73.0,,73.0,73.0,2.8,,2.8,2.8,-1.0,,1.0,0.0,0.0,False,NVGKEVGMDVVRTGIDIAGCKIKGEC,-1.0,73.0,2.8,13,True,Toroidal pore-like
P0107,2,74.5,2.1213203435596424,73.0,76.0,3.9,0.5656854249492379,3.5,4.3,-3.3,0.0,0.5,3.0,0.7999999999999998,False,FLGALIKGAIHGGRFIHGMIQNHH,-3.3,76.0,4.3,8,True,Barrel-stave-like
P0108,1,87.0,,87.0,87.0,2.8,,2.8,2.8,-4.3,,1.0,0.0,0.0,False,GEKLKKIGKKIKNFFQKL,-4.3,87.0,2.8,15,True,Intermediate
P0109,2,74.0,21.213203435596427,59.0,89.0,3.65,2.0506096654409873,2.2,5.1,-5.4,0.0,1.0,30.0,2.8999999999999995,True,AAYLLAKINLKALAALAKKIL,-5.4,59.0,5.1,5,True,Intermediate
P0110,2,84.5,6.363961030678928,80.0,89.0,3.65,2.0506096654409873,2.2,5.1,-4.7,0.0,0.5,9.0,2.8999999999999995,True,AYLLGKINLKALAALAKKIL,-4.7,80.0,5.1,4,False,Barrel-stave-like
P0111,2,82.5,9.192388155425117,76.0,89.0,2.6,0.5656854249492379,2.2,3.0,-5.9,0.0,1.0,13.0,0.7999999999999998,False,FSGSGSGSGAGYLLGKINLKALAALAKKILGC,-5.9,76.0,3.0,8,True,Toroidal pore-like
P0112,1,88.0,,88.0,88.0,2.5,,2.5,2.5,-1.8,,1.0,0.0,0.0,False,GNLKALAAVAKKIL,-1.8,88.0,2.5,10,True,Intermediate
P0113,2,89.0,0.0,89.0,89.0,1.8,0.5656854249492382,1.4,2.2,-6.6,0.0,1.0,0.0,0.8000000000000003,False,GWTLNSAGYLLGKINLKALAALAKKIL,-6.6,89.0,1.4,8,True,Intermediate
P0114,1,87.0,,87.0,87.0,3.1,,3.1,3.1,-3.3,,1.0,0.0,0.0,False,INLKAIAAFAKALI,-3.3,87.0,3.1,11,True,Intermediate
P0115,1,81.0,,81.0,81.0,2.4,,2.4,2.4,-4.1,,1.0,0.0,0.0,False,NLKAIAALAKKLL,-4.1,81.0,2.4,9,True,Carpet-like
P0116,1,73.0,,73.0,73.0,1.6,,1.6,1.6,-4.1,,0.0,0.0,0.0,False,AFKCKFCCGCCRAGVCGLCCRF,-4.1,73.0,1.6,3,False,Carpet-like
P0119,1,90.0,,90.0,90.0,3.1,,3.1,3.1,-2.8,,1.0,0.0,0.0,False,DTHFPICIFCCGCCHRSKCGMCCKT,-2.8,90.0,3.1,3,True,Intermediate
P0123,1,62.0,,62.0,62.0,0.0,,0.0,0.0,-2.5,,0.0,0.0,0.0,False,SPAGRNSRRRRCRFCCGCCPDMVGCGTCCKF,-2.5,62.0,0.0,9,False,Carpet-like
P0126,1,86.0,,86.0,86.0,4.2,,4.2,4.2,-8.3,,1.0,0.0,0.0,False,LQKWEDWVRWIGNIPQYLKG,-8.3,86.0,4.2,14,True,Barrel-stave-like
P0127,1,81.0,,81.0,81.0,4.6,,4.6,4.6,-5.7,,1.0,0.0,0.0,False,QKWEDWVRWIGN,-5.7,81.0,4.6,7,True,Barrel-stave-like
P0128,1,86.0,,86.0,86.0,1.8,,1.8,1.8,-5.0,,1.0,0.0,0.0,False,QLQKWEDWVRWI,-5.0,86.0,1.8,4,True,Intermediate
P0129,1,89.0,,89.0,89.0,1.6,,1.6,1.6,-4.8,,1.0,0.0,0.0,False,ALDPIDISIELNKAKSDLEESKEWIRRSNQKLDS,-4.8,89.0,1.6,25,True,Intermediate
P0130,1,90.0,,90.0,90.0,1.8,,1.8,1.8,-6.6,,1.0,0.0,0.0,False,DISIELNKAKSDLEESKEWIRRSNQKLDSIGNWH,-6.6,90.0,1.8,24,True,Intermediate
P0131,1,89.0,,89.0,89.0,1.2,,1.2,1.2,-5.4,,1.0,0.0,0.0,False,DITLNNSVALDPIDISIELNKAKSDLEESKEWIRR,-5.4,89.0,1.2,20,True,Intermediate
P0132,1,89.0,,89.0,89.0,1.6,,1.6,1.6,-4.5,,1.0,0.0,0.0,False,DPIDISIELNKAKSDLEESKEWIRRSNQKLDSIG,-4.5,89.0,1.6,25,True,Intermediate
P0133,1,87.0,,87.0,87.0,2.2,,2.2,2.2,-6.2,,1.0,0.0,0.0,False,ELNKAKSDLEESKEWIRRSNQKLDSIGNWHQSST,-6.2,87.0,2.2,14,True,Intermediate
P0134,1,89.0,,89.0,89.0,2.1,,2.1,2.1,-5.9,,1.0,0.0,0.0,False,IDISIELNKAKSDLEESKEWIRRSNQKLDSIGNW,-5.9,89.0,2.1,25,True,Intermediate
P0135,2,68.5,26.16295090390226,50.0,87.0,2.3,0.14142135623730917,2.2,2.4,-6.9,0.0,0.5,37.0,0.19999999999999973,True,IELNKAKSDLEESKEWIRRSNQKLDSIGNWHQSS,-6.9,50.0,2.4,5,False,Carpet-like
P0136,1,89.0,,89.0,89.0,1.0,,1.0,1.0,-5.6,,1.0,0.0,0.0,False,ISIELNKAKSDLEESKEWIRRSNQKLDSIGNWHQ,-5.6,89.0,1.0,23,True,Intermediate
P0137,1,89.0,,89.0,89.0,1.2,,1.2,1.2,-5.2,,1.0,0.0,0.0,False,ITLNNSVALDPIDISIELNKAKSDLEESKEWIRR,-5.2,89.0,1.2,20,True,Intermediate
P0138,1,89.0,,89.0,89.0,1.6,,1.6,1.6,-5.0,,1.0,0.0,0.0,False,LDPIDISIELNKAKSDLEESKEWIRRSNQKLDSI,-5.0,89.0,1.6,25,True,Intermediate
P0144,1,82.0,,82.0,82.0,3.8,,3.8,3.8,-9.4,,1.0,0.0,0.0,False,GLLEALAELLEGLRKRLRKFRNKIKEK,-9.4,82.0,3.8,21,True,Intermediate
P0145,1,89.0,,89.0,89.0,9.7,,9.7,9.7,-8.3,,1.0,0.0,0.0,False,GLLEALAELLEKFHTFPQTAIGVGAP,-8.3,89.0,9.7,20,True,Barrel-stave-like
P0146,1,8.0,,8.0,8.0,28.1,,28.1,28.1,-13.6,,1.0,0.0,0.0,False,FTMKKSLLLIFFLGTISLSLCEQER,-13.6,8.0,28.1,23,True,Intermediate
P0147,1,90.0,,90.0,90.0,0.2,,0.2,0.2,-1.9,,1.0,0.0,0.0,False,IGTISLSLCEQERDADEDEGETLEE,-1.9,90.0,0.2,12,True,Intermediate
P0148,1,9.0,,9.0,9.0,29.2,,29.2,29.2,-13.5,,1.0,0.0,0.0,False,TLKKSMLLLFFLGTISLSLCEEERNADEDDGEKE,-13.5,9.0,29.2,25,True,Intermediate
P0149,2,77.5,7.7781745930520225,72.0,83.0,4.0,1.5556349186104041,2.9,5.1,-8.0,0.0,0.5,11.0,2.1999999999999997,True,AAGKWKLFKKLPKFHLHLAKKF,-8.0,72.0,2.9,6,True,Toroidal pore-like
P0150,1,72.0,,72.0,72.0,4.7,,4.7,4.7,-4.7,,1.0,0.0,0.0,False,AVAVVGQATQIAKKWKLFKKIEKVGQ,-4.7,72.0,4.7,20,True,Barrel-stave-like
P0151,2,76.0,9.899494936611665,69.0,83.0,3.9,1.6970562748477136,2.7,5.1,-7.5,0.0,0.5,14.0,2.3999999999999995,True,EEEEAAAGKWKLFKKLPKFHLHLAKKF,-7.5,69.0,2.7,13,True,Toroidal pore-like
P0152,1,77.0,,77.0,77.0,1.2,,1.2,1.2,-4.5,,1.0,0.0,0.0,False,GGHKWKLFKKIGAVLKVL,-4.5,77.0,1.2,13,True,Carpet-like
P0153,2,73.5,2.1213203435596424,72.0,75.0,4.95,0.636396103067893,4.5,5.4,-3.9,0.0,0.5,3.0,0.9000000000000004,False,GIGAVLKVLTTGLKWKLFKKIEKVGQ,-3.9,72.0,4.5,9,False,Barrel-stave-like
P0154,2,84.0,4.242640687119285,81.0,87.0,3.5,1.4142135623730951,2.5,4.5,-5.9,0.0,0.5,6.0,2.0,False,KFLHLAKKFPKWKLFKKI,-5.9,87.0,4.5,6,False,Barrel-stave-like
P0155,1,58.0,,58.0,58.0,5.4,,5.4,5.4,-4.9,,1.0,0.0,0.0,False,KKKKWKLFKKIGIGKFL,-4.9,58.0,5.4,9,True,Intermediate
P0156,1,19.0,,19.0,19.0,31.1,,31.1,31.1,-8.9,,1.0,0.0,0.0,False,KLWKLFKKIGIGAVLKVLTTGLPALKLTLK,-8.9,19.0,31.1,27,True,Intermediate
P0157,1,81.0,,81.0,81.0,2.5,,2.5,2.5,-3.2,,1.0,0.0,0.0,False,KWKLFKKI,-3.2,81.0,2.5,4,True,Intermediate
P0158,1,75.0,,75.0,75.0,6.9,,6.9,6.9,-5.5,,1.0,0.0,0.0,False,WKLFKKILKFL,-5.5,75.0,6.9,8,True,Barrel-stave-like
P0159,1,80.0,,80.0,80.0,6.8,,6.8,6.8,-7.4,,1.0,0.0,0.0,False,AGFAKLLAKLAKKLL,-7.4,80.0,6.8,11,True,Barrel-stave-like
P0160,1,90.0,,90.0,90.0,3.6,,3.6,3.6,-6.9,,1.0,0.0,0.0,False,EEEEAAAGFAKLLAKLAKKLL,-6.9,90.0,3.6,16,True,Intermediate
P0161,1,77.0,,77.0,77.0,6.7,,6.7,6.7,-5.8,,1.0,0.0,0.0,False,FAKLLAKAFKKAL,-5.8,77.0,6.7,7,True,Barrel-stave-like
P0162,2,77.0,7.0710678118654755,72.0,82.0,3.6,3.3941125496954285,1.2,6.0,-6.9,0.0,0.5,10.0,4.8,True,FIGAIAAALPHVINAIKNTF,-6.9,72.0,1.2,6,True,Carpet-like
P0163,1,87.0,,87.0,87.0,5.7,,5.7,5.7,-6.2,,1.0,0.0,0.0,False,FIGAIANLLSKIF,-6.2,87.0,5.7,8,True,Barrel-stave-like
P0164,2,74.5,9.192388155425117,68.0,81.0,3.65,1.6263455967290592,2.5,4.8,-4.4,0.0,0.5,13.0,2.3,True,FFPAILRVAAKVGPAVLCAITKKC,-4.4,81.0,4.8,7,False,Barrel-stave-like
P0165,1,8.0,,8.0,8.0,24.5,,24.5,24.5,-5.8,,1.0,0.0,0.0,False,FFPIIAGMAAKVICAITKKC,-5.8,8.0,24.5,18,True,Intermediate
P0166,1,81.0,,81.0,81.0,3.9,,3.9,3.9,-5.8,,1.0,0.0,0.0,False,FFPTIAGLTKLFCAITKKC,-5.8,81.0,3.9,14,True,Intermediate
P0167,1,65.0,,65.0,65.0,6.4,,6.4,6.4,-4.1,,1.0,0.0,0.0,False,FLPFFAACAITKKC,-4.1,65.0,6.4,9,True,Intermediate
P0168,1,80.0,,80.0,80.0,5.8,,5.8,5.8,-5.8,,1.0,0.0,0.0,False,FLPLFLPKIICAITKKC,-5.8,80.0,5.8,11,True,Barrel-stave-like
P0169,2,85.5,0.7071067811865476,85.0,86.0,2.85,0.4949747468305834,2.5,3.2,-9.6,0.0,0.5,1.0,0.7000000000000002,False,FLPLIAGLAAKFLPKIFCAITKKC,-9.6,85.0,2.5,8,False,Intermediate
P0170,1,6.0,,6.0,6.0,27.1,,27.1,27.1,-5.1,,1.0,0.0,0.0,False,FMGGLIKAATKALPAAFCAITKKC,-5.1,6.0,27.1,19,True,Intermediate
P0171,2,75.5,13.435028842544403,66.0,85.0,5.35,1.4849242404917498,4.3,6.4,-3.7,0.0,0.5,19.0,2.1000000000000005,True,GALFKVASKVLPSVKLAITKKC,-3.7,85.0,6.4,8,False,Barrel-stave-like
P0172,1,84.0,,84.0,84.0,3.4,,3.4,3.4,-3.9,,1.0,0.0,0.0,False,KFLPKIFCAITKKC,-3.9,84.0,3.4,10,True,Intermediate
P0173,1,73.0,,73.0,73.0,5.4,,5.4,5.4,-6.3,,1.0,0.0,0.0,False,KFLPWKIFCAITKKC,-6.3,73.0,5.4,10,True,Barrel-stave-like
P0174,2,89.5,0.7071067811865476,89.0,90.0,3.45,1.7677669529663689,2.2,4.7,-4.7,0.0,0.5,1.0,2.5,True,AGYLLGKINLKALAALAKKIL,-4.7,90.0,4.7,4,True,Barrel-stave-like
P0175,2,82.5,9.192388155425117,76.0,89.0,2.6,0.5656854249492379,2.2,3.0,-5.9,0.0,0.5,13.0,0.7999999999999998,False,FSGSGSGSGAGYLLGKINLKALAALAKKILGC,-5.9,76.0,3.0,8,True,Toroidal pore-like
P0176,2,89.0,0.0,89.0,89.0,1.8,0.5656854249492382,1.4,2.2,-6.6,0.0,0.5,0.0,0.8000000000000003,False,GWTLNSAGYLLGKINLKALAALAKKIL,-6.6,89.0,1.4,8,True,Intermediate
P0177,2,84.0,7.0710678118654755,79.0,89.0,4.15,2.1920310216782974,2.6,5.7,-9.5,0.0,0.5,10.0,3.1,True,GLRRLLRKIRGRWKGGGRLLRPLLQLLKQKLR,-9.5,89.0,2.6,10,False,Intermediate
P0178,2,63.5,2.1213203435596424,62.0,65.0,1.2,0.42426406871192845,0.9,1.5,-9.1,0.0,0.5,3.0,0.6,False,NIKISGKWKAQKRFLKGGGRLLRPLLQLLKQKLR,-9.1,62.0,1.5,10,False,Carpet-like
P0179,1,57.0,,57.0,57.0,6.3,,6.3,6.3,-5.8,,1.0,0.0,0.0,False,RKVRGPPGGGRLLRPLLQLLKQKLR,-5.8,57.0,6.3,8,True,Intermediate
P0180,2,84.0,2.8284271247461903,82.0,86.0,2.25,0.4949747468305834,1.9,2.6,-7.1,0.0,0.5,4.0,0.7000000000000002,False,SQRKLAAKLTSKGGGRLLRPLLQLLKQKLR,-7.1,82.0,1.9,6,False,Carpet-like
P0181,1,82.0,,82.0,82.0,1.0,,1.0,1.0,-1.8,,0.0,0.0,0.0,False,RARAWRARACTKSIPPIC,-1.8,82.0,1.0,8,False,Carpet-like
P0182,2,79.5,10.606601717798213,72.0,87.0,3.4,1.2727922061357855,2.5,4.3,-8.7,0.0,0.0,15.0,1.7999999999999998,False,RFRFRFWRFRFRFCTKSIPPIC,-8.7,87.0,2.5,6,False,Intermediate
P0183,1,73.0,,73.0,73.0,6.8,,6.8,6.8,-7.4,,0.0,0.0,0.0,False,VRIPCVTVADCPPTILPVFYECIDKFCMLHIE,-7.4,73.0,6.8,14,False,Barrel-stave-like
P0184,2,75.5,7.7781745930520225,70.0,81.0,3.1,0.0,3.1,3.1,-2.4,0.0,0.5,11.0,0.0,False,KIFKKIEKVGRNVRDGIIKAGPAVAVVEQA,-2.4,70.0,3.1,9,False,Toroidal pore-like
P0185,2,77.5,10.606601717798213,70.0,85.0,5.75,0.3535533905932738,5.5,6.0,-6.7,0.0,1.0,15.0,0.5,False,KKLFKKILKYLAGPAVAVVGQATQIAKKDEL,-6.7,85.0,5.5,9,True,Barrel-stave-like
P0186,2,73.0,1.4142135623730951,72.0,74.0,4.6,0.5656854249492376,4.2,5.0,-3.9,0.0,0.5,2.0,0.7999999999999998,False,RWKIFKKIEKVGQNIRDGIVKAGPAVAVVGQAATI,-3.9,72.0,5.0,7,False,Barrel-stave-like
P0187,2,79.0,4.242640687119285,76.0,82.0,3.45,0.4949747468305829,3.1,3.8,-4.1,0.0,0.5,6.0,0.6999999999999997,False,WKPFKKIEKAVRRVRDGVAKAGPAVAVVGQAT,-4.1,82.0,3.1,13,False,Intermediate
P0188,1,70.0,,70.0,70.0,7.8,,7.8,7.8,-10.3,,1.0,0.0,0.0,False,ASNYWILEYLWKVPFDFW,-10.3,70.0,7.8,7,True,Barrel-stave-like
P0189,2,80.5,10.606601717798213,73.0,88.0,2.1999999999999997,2.9698484809834995,0.1,4.3,-6.1,0.0,1.0,15.0,4.2,True,EFWRWTEQLASNYWILEY,-6.1,88.0,4.3,10,True,Barrel-stave-like
P0190,1,70.0,,70.0,70.0,7.8,,7.8,7.8,-8.3,,1.0,0.0,0.0,False,EQLASNYWILEYLWKVPF,-8.3,70.0,7.8,7,True,Barrel-stave-like
P0191,2,74.5,10.606601717798213,67.0,82.0,3.15,1.6263455967290592,2.0,4.3,-7.1,0.0,1.0,15.0,2.3,True,FWRWTEQLASNYWILEYL,-7.1,82.0,2.0,7,True,Carpet-like
P0192,1,70.0,,70.0,70.0,7.8,,7.8,7.8,-9.4,,1.0,0.0,0.0,False,LASNYWILEYLWKVPFDF,-9.4,70.0,7.8,7,True,Barrel-stave-like
P0193,1,70.0,,70.0,70.0,7.8,,7.8,7.8,-8.9,,1.0,0.0,0.0,False,NYWILEYLWKVPFDFWRG,-8.9,70.0,7.8,7,True,Barrel-stave-like
P0194,1,70.0,,70.0,70.0,7.8,,7.8,7.8,-8.3,,1.0,0.0,0.0,False,QLASNYWILEYLWKVPFD,-8.3,70.0,7.8,7,True,Barrel-stave-like
P0195,2,79.5,12.020815280171307,71.0,88.0,4.6,2.4041630560342617,2.9,6.3,-6.8,0.0,1.0,17.0,3.4,True,RWTEQLASNYWILEYLWK,-6.8,88.0,2.9,7,True,Intermediate
P0196,1,70.0,,70.0,70.0,7.8,,7.8,7.8,-10.3,,1.0,0.0,0.0,False,SNYWILEYLWKVPFDFWR,-10.3,70.0,7.8,7,True,Barrel-stave-like
P0197,2,56.5,19.091883092036785,43.0,70.0,4.7,4.384062043356595,1.6,7.8,-7.1,0.0,1.0,27.0,6.199999999999999,True,TEQLASNYWILEYLWKVP,-7.1,43.0,1.6,5,True,Carpet-like
P0198,2,82.0,2.8284271247461903,80.0,84.0,1.5,0.8485281374238571,0.9,2.1,-6.4,0.0,1.0,4.0,1.2000000000000002,False,LNPLIKAGIFILKHRRPIGRGIEITGRGIKKFFSK,-6.4,80.0,0.9,12,True,Carpet-like
P0199,1,79.0,,79.0,79.0,7.1,,7.1,7.1,-6.1,,1.0,0.0,0.0,False,HFLLTLKNLAKKIL,-6.1,79.0,7.1,11,True,Barrel-stave-like
P0200,1,77.0,,77.0,77.0,5.1,,5.1,5.1,-2.5,,1.0,0.0,0.0,False,ATLHLVLRLRGG,-2.5,77.0,5.1,6,True,Barrel-stave-like
P0201,2,78.0,9.899494936611665,71.0,85.0,1.8,0.28284271247461895,1.6,2.0,-5.8,0.0,0.5,14.0,0.3999999999999999,False,APKEWMEWDREINNYTSLIHSLIKQGI,-5.8,85.0,1.6,8,True,Intermediate
P0202,2,71.5,4.949747468305833,68.0,75.0,4.300000000000001,0.8485281374238575,3.7,4.9,-5.7,0.0,0.5,7.0,1.2000000000000002,False,WMEWDREINNYTSLIGSLIEESQNQQEKNEQELLE,-5.7,75.0,4.9,7,True,Barrel-stave-like
P0209,1,78.0,,78.0,78.0,4.2,,4.2,4.2,-3.6,,0.0,0.0,0.0,False,GGGCGLRRLGCKIAHGVKKYGPTVLRIIRIAG,-3.6,78.0,4.2,8,False,Barrel-stave-like
P0210,1,87.0,,87.0,87.0,4.0,,4.0,4.0,-2.1,,1.0,0.0,0.0,False,GGLRRLGRKILRAVKKYG,-2.1,87.0,4.0,14,True,Barrel-stave-like
P0211,1,81.0,,81.0,81.0,5.6,,5.6,5.6,-6.4,,1.0,0.0,0.0,False,KRIGLIRLIGKILRGLRRLG,-6.4,81.0,5.6,15,True,Barrel-stave-like
P0213,1,71.0,,71.0,71.0,5.0,,5.0,5.0,-7.0,,0.0,0.0,0.0,False,ENLLRFFVAPFPEVFG,-7.0,71.0,5.0,3,False,Barrel-stave-like
P0218,1,73.0,,73.0,73.0,5.8,,5.8,5.8,-4.2,,1.0,0.0,0.0,False,LIIFRILISH,-4.2,73.0,5.8,7,True,Barrel-stave-like
P0220,1,83.0,,83.0,83.0,2.2,,2.2,2.2,-0.6,,1.0,0.0,0.0,False,DSAAKRHHGYKR,-0.6,83.0,2.2,4,True,Carpet-like
P0221,1,72.0,,72.0,72.0,0.0,,0.0,0.0,-3.2,,1.0,0.0,0.0,False,WDSHAKRHHGYKRKFHEKHHSHRGY,-3.2,72.0,0.0,5,True,Carpet-like
P0223,1,68.0,,68.0,68.0,1.2,,1.2,1.2,-0.8,,1.0,0.0,0.0,False,SRSELIVHQR,-0.8,68.0,1.2,3,True,Carpet-like
P0224,1,73.0,,73.0,73.0,2.8,,2.8,2.8,-1.5,,1.0,0.0,0.0,False,LKNVGKEVGMDVVRTGIDIAGCKIKGEC,-1.5,73.0,2.8,13,True,Toroidal pore-like
P0225,1,73.0,,73.0,73.0,2.8,,2.8,2.8,-1.0,,1.0,0.0,0.0,False,NVGKEVGMDVVRTGIDIAGCKIKGEC,-1.0,73.0,2.8,13,True,Toroidal pore-like
P0226,1,88.0,,88.0,88.0,4.3,,4.3,4.3,-4.0,,1.0,0.0,0.0,False,GLVTSLIKGAGKLLGGLFGSVTGGQS,-4.0,88.0,4.3,19,True,Barrel-stave-like
P0228,1,89.0,,89.0,89.0,1.7,,1.7,1.7,-2.8,,0.0,0.0,0.0,False,GSRIPTGERVWDRGNVTLLC,-2.8,89.0,1.7,6,False,Intermediate
P0231,1,84.0,,84.0,84.0,2.2,,2.2,2.2,-2.8,,0.0,0.0,0.0,False,RIPTGERVWDRGNVTLLCDC,-2.8,84.0,2.2,7,False,Carpet-like
