source_db,protein_name,organism,taxonomy,sequence,length
dbAMP3,Peptide-4&&(A)10 Magainin-2,,,AAAAAAAAAAGIGKFLHSAKKFGKAFVGEIMNS,33
dbAMP3,A9K,,,AAAAAAAAAK,10
dbAMP3,Surfactant like protein,Synthetic Construct,,AAAAAAAAAR,10
CAMP | dbAMP3,ORF107 virion morphogenesis  (25-52) | Q6TV81,Bovine Papular Stomatitis Virus,Virus(Virus),AAAAAAAIKMLMDLVNERIMALNKKAKK,28
dbAMP3,A6K,Synthetic Construct,,AAAAAAK,7
dbAMP3,APK,Synthetic Construct,,AAAAAAPKKPAAAAAA,16
dbAMP3,"Defensin heliomicin [D1A,K2A,L3A,I4A,N19A,G20A]",,,AAAAGSCVWGAVNYTSDCAAECKRRGYKGGHCGSFANVNCWCET,44
dbAMP3,"Defensin heliomicin [D1A,K2A,L3A,I4A,N19A,G20A,E43R]",,,AAAAGSCVWGAVNYTSDCAAECKRRGYKGGHCGSFANVNCWCRT,44
dbAMP3,"Defensin heliomicin [D1A,K2A,L3A,I4A,N19A,G20A,K23L,R24L]",,,AAAAGSCVWGAVNYTSDCAAECLLRGYKGGHCGSFANVNCWCET,44
dbAMP3,"Defensin heliomicin [D1A,K2A,L3A,I4A,N19A,G20A,K23L,R24L,E43R]",,,AAAAGSCVWGAVNYTSDCAAECLLRGYKGGHCGSFANVNCWCRT,44
dbAMP3,"Defensin heliomicin [D1A,K2A,L3A,I4A]",,,AAAAGSCVWGAVNYTSDCNGECKRRGYKGGHCGSFANVNCWCET,44
dbAMP3,"Defensin heliomicin [D1A,K2A,L3A,I4A,E43R]",,,AAAAGSCVWGAVNYTSDCNGECKRRGYKGGHCGSFANVNCWCRT,44
dbAMP3,"Defensin heliomicin [D1A,K2A,L3A,I4A,K23L,R24L,E43R]",,,AAAAGSCVWGAVNYTSDCNGECLLRGYKGGHCGSFANVNCWCRT,44
dbAMP3,"Mycobacterium phage peptide (33-47)[ K2,3,4,15A; W8,9A; G12W; A13W], AK15 (K-A, W-A)",,,AAAALSRAALRAAVA,15
dbAMP3,[A4R4]&&A4R4,,,AAAARRRR,8
dbAMP3,,,,AAAEETRRMLHRAFDTLA,18
dbAMP3,S4-(13–28)&&Dermaseptin S4 (13-28),,,AAAKAALNAVLVGANA,16
CAMP | dbAMP3,ApMolluscidin,Atrina Pectinata | Atrina Pectinata [Comb Pen Shell],Animalia(Pinnidae) | Animalia;Pinnidae,AAAKGKGKKGAAKGAGDSPAKKATKAKKPASKGVKKAGKGKKGAAKKGAKGKGKKATKK,59
dbAMP3,gag,Gag,,AAAMSQVTN,9
dbAMP3,gag,Gag,,AAANPGLLETSEGCRQIL,18
