Clustering;Tool;Motif;Motif_raw;Motif_class;AMP_sequences_with_hit;nonAMP_sequences_with_hit;Enrichment_ratio;ER_corrected;ER_is_infinite;FDR_for_reporting;MinusLog10_FDR;OddsRatio_is_infinite;Total_hits;AMP_total_sequences;AMP_hit_frequency_pct
mmseq;meme;CINGKCRC;CINGKCRC;Cys-rich;1408;0;inf;;True;0.0;300.0;True;1896;8331;16.9
cdhit;meme;KCINGVCC;KCINGVCC;Cys-rich;1216;0;inf;;True;0.0;300.0;True;1443;5974;20.35
mmseq;streme;FLPILKGLLKGL;FLPILKGLLKGL;Other;1119;0;inf;;True;0.0;300.0;True;1351;8440;13.26
mmseq;streme;FLYLLJJFLSLFL;FLYLLJJFLSLFL;Hydrophobic/signal-like;1078;0;inf;;True;0.0;300.0;True;1373;8440;12.77
mmseq;meme;CGAXCLSGGYSGGGC;CGAXCLSGGYSGGGC;Gly-rich;1001;0;inf;;True;0.0;300.0;True;1393;8331;12.02
cdhit;streme;CDADCP;CDADCP;Cys-rich;944;0;inf;;True;0.0;300.0;True;1059;5568;16.95
cdhit;meme;LILLLLLFLVLILLS;LILLLLLFLVLILLS;Hydrophobic/signal-like;808;0;inf;;True;0.0;300.0;True;1960;5974;13.53
mmseq;meme;FVYVLIJFLSLFLVVTNGSA;FVYVLIJFLSLFLVVTNGSA;Hydrophobic/signal-like;792;0;inf;;True;0.0;300.0;True;1704;8331;9.51
mmseq;meme;FFKKIKKKIKKIGK;FFKKIKKKIKKIGK;Cationic-rich;654;0;inf;;True;0.0;300.0;True;877;8331;7.85
mmseq;streme;CGGSCVT;CGGSCVT;Cys-rich;609;0;inf;;True;0.0;300.0;True;725;8440;7.22
cdhit;streme;KSCCPSTTC;KSCCPSTTC;Cys-rich;598;0;inf;;True;0.0;300.0;True;643;5568;10.74
mmseq;streme;KVVAATYVLV;KVVAATYVLV;Hydrophobic/signal-like;597;0;inf;;True;0.0;300.0;True;734;8440;7.07
cdhit;meme;ILGAIWEGIKSLF;ILGAIWEGIKSLF;Hydrophobic/signal-like;588;0;inf;;True;0.0;300.0;True;661;5974;9.84
cdhit;meme;KKCCRK;KKCCRK;Cys-rich;574;0;inf;;True;0.0;300.0;True;620;5974;9.61
mmseq;meme;FLFHLFLALF;FLFHLFLALF;Hydrophobic/signal-like;536;0;inf;;True;0.0;300.0;True;643;8331;6.43
mmseq;meme;LLKAAGKVLAKIJGG;LLKAAGKVLAKIJGG;Other;530;0;inf;;True;0.0;300.0;True;640;8331;6.36
mmseq;meme;IGKLIKGAAGGAGALVG;IGKLIKGAAGGAGALVG;Gly-rich;493;0;inf;;True;0.0;300.0;True;844;8331;5.92
cdhit;meme;CKJTKTC;CKJTKTC;Cys-rich;471;0;inf;;True;0.0;300.0;True;479;5974;7.88
mmseq;meme;FLPLLAGLAAKLLP;FLPLLAGLAAKLLP;Hydrophobic/signal-like;453;0;inf;;True;0.0;300.0;True;526;8331;5.44
mmseq;meme;LKKRLKKWKK;LKKRLKKWKK;Cationic-rich;374;0;inf;;True;0.0;300.0;True;427;8331;4.49
cdhit;streme;LKKAVK;LKKAVK;Cationic-rich;370;0;inf;;True;0.0;300.0;True;438;5568;6.65
cdhit;streme;ILKFVYA;ILKFVYA;Hydrophobic/signal-like;328;0;inf;;True;0.0;300.0;True;330;5568;5.89
cdhit;meme;FSGGSC;FSGGSC;Gly-rich;310;0;inf;;True;0.0;300.0;True;319;5974;5.19
cdhit;meme;LGLLGKLL;LGLLGKLL;Hydrophobic/signal-like;308;0;inf;;True;3.5e-323;300.0;True;324;5974;5.16
cdhit;streme;GGGCPFN;GGGCPFN;Gly-rich;285;0;inf;;True;7.527637966166264e-299;298.1233412760151;True;297;5568;5.12
