Peptide_ID,Sequence_x,Membrane_Binding_Energy,Helix_Start,Helix_End,Stability_Water,Stability_Bound_Coil,Transfer_Energy,Tilt_Angle,Depth_Thickness,Fpen,Is_False_Helix,Family_ID,Motif,Motif_Length,Motif_Start,Motif_End,Sequence_y,Header
P0001,FLPLLAGLAAKWF,-8.1,3,11,-3.9,-2.4,-6.4,89.0,2.8,9.0,FALSE,FAM_056,FLPLLAGL,8,0,8,FLPLLAGLAAKWF,AMP_004734
P0002,GLLSGILGAGKNIVCGLSGLC,-3.0,2,11,-0.1,1.6,-4.3,57.0,2.3,7.5,FALSE,FAM_056,GJLSGJLGAGKNJVC,15,0,15,GLLSGILGAGKNIVCGLSGLC,AMP_008102
P0002,GLLSGILGAGKNIVCGLSGLC,-3.0,13,17,-0.1,0.6,-3.9,87.0,1.9,7.5,TRUE,FAM_056,GJLSGJLGAGKNJVC,15,0,15,GLLSGILGAGKNIVCGLSGLC,AMP_008102
P0003,ADLKVVAATYVLVA,-1.7,4,12,-0.3,0.7,-5.9,84.0,3.8,9.0,FALSE,FAM_110,KVVAATY,7,3,10,ADLKVVAATYVLVA,AMP_000248
P0004,KKKKVVAATYFFFA,-4.0,5,12,-1.9,0.6,-7.2,89.0,3.5,8.0,FALSE,FAM_110,KVVAATY,7,3,10,KKKKVVAATYFFFA,AMP_011962
P0005,ADLKVVAATYVLVA,-1.7,4,12,-0.3,0.7,-5.9,84.0,3.8,9.0,FALSE,FAM_110,KVVAATYVLV,10,3,13,ADLKVVAATYVLVA,AMP_000248
P0006,ADKEVVAATYVKKK,-0.9,5,13,-0.2,0.4,-3.5,70.0,1.3,9.0,FALSE,FAM_110,VVAATY,6,4,10,ADKEVVAATYVKKK,AMP_000231
P0007,DLEVVAATYV,-1.9,3,8,-1.2,-1.0,-4.5,51.0,3.7,6.0,FALSE,FAM_110,VVAATY,6,3,9,DLEVVAATYV,AMP_002624
P0008,KKKKVVAATYALV,-1.1,5,12,-0.8,0.2,-5.1,84.0,3.9,8.0,FALSE,FAM_110,VVAATY,6,4,10,KKKKVVAATYALV,AMP_011960
P0009,FALALKALKKLLKKLKKLAKKAL,-10.8,3,22,-9.2,-5.7,-9.4,81.0,6.4,20.0,FALSE,FAM_104,LKKLLKKLKK,10,7,17,FALALKALKKLLKKLKKLAKKAL,AMP_003542
P0010,KLKKLLKKLKKLLK,-4.5,2,13,-4.4,-1.4,-6.6,90.0,2.4,12.0,FALSE,FAM_104,LKKLLKKLKK,10,1,11,KLKKLLKKLKKLLK,AMP_012388
P0011,LKKLKKLLKKLKKKL,-3.0,2,14,-2.6,-0.6,-5.1,88.0,2.4,13.0,FALSE,FAM_104,LKKLLKKLKK,10,3,13,LKKLKKLLKKLKKKL,AMP_014159
P0012,ARLRIRVAVIRA,-1.1,4,6,-0.7,-0.5,-3.5,73.0,1.3,3.5,FALSE,FAM_090,IRVAVIR,7,4,11,ARLRIRVAVIRA,AMP_001063
P0012,ARLRIRVAVIRA,-1.1,8,11,0.1,0.4,-3.1,90.0,3.7,3.5,TRUE,FAM_090,IRVAVIR,7,4,11,ARLRIRVAVIRA,AMP_001063
P0013,ARLRIRVAVIRA,-1.1,4,6,-0.7,-0.5,-3.5,73.0,1.3,3.5,FALSE,FAM_090,RIRVAVIRA,9,3,12,ARLRIRVAVIRA,AMP_001063
P0013,ARLRIRVAVIRA,-1.1,8,11,0.1,0.4,-3.1,90.0,3.7,3.5,TRUE,FAM_090,RIRVAVIRA,9,3,12,ARLRIRVAVIRA,AMP_001063
P0014,ALWKKLLKKLLKSAKKLG,-7.7,2,16,-6.8,-2.9,-7.4,83.0,5.9,15.0,FALSE,FAM_106,KLLKKLLK,8,4,12,ALWKKLLKKLLKSAKKLG,AMP_000779
P0015,APKAMKLLKKLLKLQKKGI,-5.2,3,17,-4.5,-1.9,-5.5,65.0,4.7,15.0,FALSE,FAM_106,KLLKKLLK,8,5,13,APKAMKLLKKLLKLQKKGI,AMP_000933
P0016,CLKKGLKLLKKLLKLC,-3.5,2,15,-3.0,0.5,-5.5,88.0,1.1,14.0,FALSE,FAM_106,KLLKKLLK,8,6,14,CLKKGLKLLKKLLKLC,AMP_001932
P0017,DDALKKLLKKLLKKL,-5.0,2,14,-4.2,-1.7,-4.2,87.0,2.4,13.0,FALSE,FAM_106,KLLKKLLK,8,5,13,DDALKKLLKKLLKKL,AMP_002395
P0018,KCKKCLLKLLKKLLKLKL,-5.7,5,17,-4.8,-1.3,-5.7,80.0,3.4,13.0,FALSE,FAM_106,KLLKKLLK,8,7,15,KCKKCLLKLLKKLLKLKL,AMP_011259
P0019,KLLKLLKKLLKALG,-5.7,2,13,-5.7,-2.2,-7.1,73.0,7.1,12.0,FALSE,FAM_106,KLLKKLLK,8,3,11,KLLKLLKKLLKALG,AMP_012450
P0020,LKKLLKKLLK,-2.6,4,9,-2.2,-0.2,-4.7,85.0,3.6,6.0,FALSE,FAM_106,KLLKKLLK,8,2,10,LKKLLKKLLK,AMP_014164
P0021,LKLLKKLLKLLKKF,-8.7,2,13,-7.5,-4.5,-9.2,88.0,4.2,12.0,FALSE,FAM_106,KLLKKLLK,8,1,9,LKLLKKLLKLLKKF,AMP_014237
P0022,RAGLQFPVGKLLKKLLKRLKR,-8.6,7,20,-8.1,-5.5,-9.6,81.0,4.8,14.0,FALSE,FAM_106,KLLKKLLK,8,9,17,RAGLQFPVGKLLKKLLKRLKR,AMP_019063
P0023,RPRENRGRERGLGGGLKLLKKLLKLLKKL,-7.5,3,9,1.7,1.7,-1.6,53.0,0.0,11.0,FALSE,FAM_106,KLLKKLLK,8,16,24,RPRENRGRERGLGGGLKLLKKLLKLLKKL,AMP_020153
P0023,RPRENRGRERGLGGGLKLLKKLLKLLKKL,-7.5,14,28,-4.6,-1.1,-5.7,84.0,2.4,11.0,FALSE,FAM_106,KLLKKLLK,8,16,24,RPRENRGRERGLGGGLKLLKKLLKLLKKL,AMP_020153
P0024,GLFKLLKKLLKLLK,-8.5,2,13,-8.5,-3.9,-8.5,76.0,4.9,12.0,FALSE,FAM_106,KLLKKLLKLL,10,3,13,GLFKLLKKLLKLLK,AMP_007681
P0025,KLLKKLLKLL,-3.7,2,9,-3.7,-1.2,-6.6,90.0,5.7,8.0,FALSE,FAM_106,KLLKKLLKLL,10,0,10,KLLKKLLKLL,AMP_012444
P0026,LKLLKKLLKKLLKLL,-6.4,2,14,-5.9,-2.4,-7.7,87.0,3.7,13.0,FALSE,FAM_106,KLLKKLLKLL,10,5,15,LKLLKKLLKKLLKLL,AMP_014235
P0027,RPRENRGRERGLGGGLKLLKKLLKLLKKL,-7.5,3,9,1.7,1.7,-1.6,53.0,0.0,11.0,FALSE,FAM_106,KLLKKLLKLL,10,16,26,RPRENRGRERGLGGGLKLLKKLLKLLKKL,AMP_020153
P0027,RPRENRGRERGLGGGLKLLKKLLKLLKKL,-7.5,14,28,-4.6,-1.1,-5.7,84.0,2.4,11.0,FALSE,FAM_106,KLLKKLLKLL,10,16,26,RPRENRGRERGLGGGLKLLKKLLKLLKKL,AMP_020153
P0028,RPRENRGRERGLGSGGGLKLLKKLLKLLKKL,-7.5,3,9,1.7,1.7,-1.6,53.0,0.0,10.5,FALSE,FAM_106,KLLKKLLKLL,10,18,28,RPRENRGRERGLGSGGGLKLLKKLLKLLKKL,AMP_020154
P0028,RPRENRGRERGLGSGGGLKLLKKLLKLLKKL,-7.5,17,30,-5.3,-1.8,-6.4,87.0,2.6,10.5,FALSE,FAM_106,KLLKKLLKLL,10,18,28,RPRENRGRERGLGSGGGLKLLKKLLKLLKKL,AMP_020154
P0029,CFWQRNIRKVCR,-2.8,2,10,-0.9,1.9,-3.7,60.0,2.6,9.0,FALSE,FAM_164,WQRNIRKV,8,2,10,CFWQRNIRKVCR,AMP_001708
P0030,FWQRNIRKVKK,-2.8,5,10,0.8,1.0,-2.7,80.0,0.2,6.0,FALSE,FAM_164,WQRNIRKV,8,1,9,FWQRNIRKVKK,AMP_005341
P0031,CFWQRNIRKVCR,-2.8,2,10,-0.9,1.9,-3.7,60.0,2.6,9.0,FALSE,FAM_164,WQRNJRKV,8,2,10,CFWQRNIRKVCR,AMP_001708
P0032,FWQRNIRKVKK,-2.8,5,10,0.8,1.0,-2.7,80.0,0.2,6.0,FALSE,FAM_164,WQRNJRKV,8,1,9,FWQRNIRKVKK,AMP_005341
P0033,EEYTKKIEEYTKKIEEYTKKIEEYTKKIEEYTKKI,-11.6,2,34,-11.6,-9.4,-6.9,90.0,3.6,33.0,FALSE,FAM_098,KIEEYT,6,5,11,EEYTKKIEEYTKKIEEYTKKIEEYTKKIEEYTKKI,AMP_003031
P0034,EMTWEEWEKKIEEYTKKIEEILKKSQNQQIDL,-13.5,4,26,-13.0,-8.9,-6.0,87.0,3.2,23.0,FALSE,FAM_098,KIEEYT,6,9,15,EMTWEEWEKKIEEYTKKIEEILKKSQNQQIDL,AMP_003257
P0035,MTWEEWDKKIEEYTKKIEEL,-7.6,3,19,-7.0,-3.6,-3.7,87.0,3.1,17.0,FALSE,FAM_098,KIEEYT,6,8,14,MTWEEWDKKIEEYTKKIEEL,AMP_017463
P0036,WEEWDKKIEEYTKKIEEL,-6.8,2,17,-6.1,-4.1,-3.8,89.0,4.2,16.0,FALSE,FAM_098,KIEEYT,6,6,12,WEEWDKKIEEYTKKIEEL,AMP_024279
P0037,EEYTKKIEEYTKKIEEYTKKIEEYTKKIEEYTKKI,-11.6,2,34,-11.6,-9.4,-6.9,90.0,3.6,33.0,FALSE,FAM_098,KKIEEYTK,8,4,12,EEYTKKIEEYTKKIEEYTKKIEEYTKKIEEYTKKI,AMP_003031
P0038,EMTWEEWEKKIEEYTKKIEEILKKSQNQQIDL,-13.5,4,26,-13.0,-8.9,-6.0,87.0,3.2,23.0,FALSE,FAM_098,KKIEEYTK,8,8,16,EMTWEEWEKKIEEYTKKIEEILKKSQNQQIDL,AMP_003257
P0039,MTWEEWDKKIEEYTKKIEEL,-7.6,3,19,-7.0,-3.6,-3.7,87.0,3.1,17.0,FALSE,FAM_098,KKIEEYTK,8,7,15,MTWEEWDKKIEEYTKKIEEL,AMP_017463
P0040,WEEWDKKIEEYTKKIEEL,-6.8,2,17,-6.1,-4.1,-3.8,89.0,4.2,16.0,FALSE,FAM_098,KKIEEYTK,8,5,13,WEEWDKKIEEYTKKIEEL,AMP_024279
P0041,FHFHLHFASASAFIKHFIHRF,-7.8,6,20,-5.1,-1.3,-10.8,83.0,5.8,15.0,FALSE,FAM_054,FIKHFIHR,8,12,20,FHFHLHFASASAFIKHFIHRF,AMP_003913
P0042,FHFHLHFGGGFIKHFIHRF,-7.8,2,6,-2.1,-0.5,-6.7,85.0,3.7,6.5,FALSE,FAM_054,FIKHFIHR,8,10,18,FHFHLHFGGGFIKHFIHRF,AMP_003914
P0042,FHFHLHFGGGFIKHFIHRF,-7.8,11,18,-3.4,-0.8,-8.1,87.0,4.6,6.5,FALSE,FAM_054,FIKHFIHR,8,10,18,FHFHLHFGGGFIKHFIHRF,AMP_003914
P0043,FIKHFIHRFGGGFKKFWKWFRRF,-12.0,5,8,-2.5,-1.1,-6.0,84.0,3.5,3.3,FALSE,FAM_054,FIKHFIHR,8,0,8,FIKHFIHRFGGGFKKFWKWFRRF,AMP_004009
P0043,FIKHFIHRFGGGFKKFWKWFRRF,-12.0,13,15,-0.9,0.2,-3.7,69.0,2.2,3.3,TRUE,FAM_054,FIKHFIHR,8,0,8,FIKHFIHRFGGGFKKFWKWFRRF,AMP_004009
P0043,FIKHFIHRFGGGFKKFWKWFRRF,-12.0,20,22,-2.3,-1.1,-4.9,74.0,2.4,3.3,FALSE,FAM_054,FIKHFIHR,8,0,8,FIKHFIHRFGGGFKKFWKWFRRF,AMP_004009
P0044,FIKHFIHRFSATLQLLKQLLKLLKQF,-12.5,5,25,-10.0,-4.0,-12.7,81.0,8.0,21.0,FALSE,FAM_054,FIKHFIHR,8,0,8,FIKHFIHRFSATLQLLKQLLKLLKQF,AMP_004012
P0045,FIKHFIHRFSATRWRRLLKKLHHLLH,-11.4,2,8,-2.7,-1.2,-7.1,76.0,4.8,11.5,FALSE,FAM_054,FIKHFIHR,8,0,8,FIKHFIHRFSATRWRRLLKKLHHLLH,AMP_004013
P0045,FIKHFIHRFSATRWRRLLKKLHHLLH,-11.4,10,25,-8.0,-4.1,-8.6,89.0,5.4,11.5,FALSE,FAM_054,FIKHFIHR,8,0,8,FIKHFIHRFSATRWRRLLKKLHHLLH,AMP_004013
P0046,FKKFWKWFRRFGGGFIKHFIHRF,-11.3,3,11,-4.5,1.8,-7.1,85.0,3.5,8.5,FALSE,FAM_054,FIKHFIHR,8,14,22,FKKFWKWFRRFGGGFIKHFIHRF,AMP_004156
P0046,FKKFWKWFRRFGGGFIKHFIHRF,-11.3,15,22,-3.4,-0.8,-8.1,87.0,4.6,8.5,FALSE,FAM_054,FIKHFIHR,8,14,22,FKKFWKWFRRFGGGFIKHFIHRF,AMP_004156
P0047,LQLLKQLLKLLKQFSATFIKHFIHRF,-14.6,2,25,-6.3,0.5,-11.1,89.0,3.8,24.0,FALSE,FAM_054,FIKHFIHR,8,17,25,LQLLKQLLKLLKQFSATFIKHFIHRF,AMP_014701
P0048,RWRRLLKKLHHLLHSATFIKHFIHRF,-11.7,2,14,-5.5,-1.6,-7.0,88.0,5.4,10.5,FALSE,FAM_054,FIKHFIHR,8,17,25,RWRRLLKKLHHLLHSATFIKHFIHRF,AMP_021199
P0048,RWRRLLKKLHHLLHSATFIKHFIHRF,-11.7,18,25,-4.3,-1.6,-9.1,81.0,5.1,10.5,FALSE,FAM_054,FIKHFIHR,8,17,25,RWRRLLKKLHHLLHSATFIKHFIHRF,AMP_021199
P0049,RWRWRWFSATFIKHFIHRF,-10.8,6,9,-1.9,0.7,-5.1,68.0,2.2,6.0,TRUE,FAM_054,FIKHFIHR,8,10,18,RWRWRWFSATFIKHFIHRF,AMP_021258
P0049,RWRWRWFSATFIKHFIHRF,-10.8,11,18,-4.3,-1.6,-9.1,81.0,5.1,6.0,FALSE,FAM_054,FIKHFIHR,8,10,18,RWRWRWFSATFIKHFIHRF,AMP_021258
P0050,FHFHLHFASASAFIKHFIHRF,-7.8,6,20,-5.1,-1.3,-10.8,83.0,5.8,15.0,FALSE,FAM_054,KHFIHRF,7,14,21,FHFHLHFASASAFIKHFIHRF,AMP_003913
P0051,FHFHLHFGGGFIKHFIHRF,-7.8,2,6,-2.1,-0.5,-6.7,85.0,3.7,6.5,FALSE,FAM_054,KHFIHRF,7,12,19,FHFHLHFGGGFIKHFIHRF,AMP_003914
P0051,FHFHLHFGGGFIKHFIHRF,-7.8,11,18,-3.4,-0.8,-8.1,87.0,4.6,6.5,FALSE,FAM_054,KHFIHRF,7,12,19,FHFHLHFGGGFIKHFIHRF,AMP_003914
P0052,FIKHFIHRFGGGFKKFWKWFRRF,-12.0,5,8,-2.5,-1.1,-6.0,84.0,3.5,3.3,FALSE,FAM_054,KHFIHRF,7,2,9,FIKHFIHRFGGGFKKFWKWFRRF,AMP_004009
P0052,FIKHFIHRFGGGFKKFWKWFRRF,-12.0,13,15,-0.9,0.2,-3.7,69.0,2.2,3.3,TRUE,FAM_054,KHFIHRF,7,2,9,FIKHFIHRFGGGFKKFWKWFRRF,AMP_004009
P0052,FIKHFIHRFGGGFKKFWKWFRRF,-12.0,20,22,-2.3,-1.1,-4.9,74.0,2.4,3.3,FALSE,FAM_054,KHFIHRF,7,2,9,FIKHFIHRFGGGFKKFWKWFRRF,AMP_004009
P0053,FIKHFIHRFSATLQLLKQLLKLLKQF,-12.5,5,25,-10.0,-4.0,-12.7,81.0,8.0,21.0,FALSE,FAM_054,KHFIHRF,7,2,9,FIKHFIHRFSATLQLLKQLLKLLKQF,AMP_004012
P0054,FIKHFIHRFSATRWRRLLKKLHHLLH,-11.4,2,8,-2.7,-1.2,-7.1,76.0,4.8,11.5,FALSE,FAM_054,KHFIHRF,7,2,9,FIKHFIHRFSATRWRRLLKKLHHLLH,AMP_004013
P0054,FIKHFIHRFSATRWRRLLKKLHHLLH,-11.4,10,25,-8.0,-4.1,-8.6,89.0,5.4,11.5,FALSE,FAM_054,KHFIHRF,7,2,9,FIKHFIHRFSATRWRRLLKKLHHLLH,AMP_004013
P0055,FKKFWKWFRRFGGGFIKHFIHRF,-11.3,3,11,-4.5,1.8,-7.1,85.0,3.5,8.5,FALSE,FAM_054,KHFIHRF,7,16,23,FKKFWKWFRRFGGGFIKHFIHRF,AMP_004156
P0055,FKKFWKWFRRFGGGFIKHFIHRF,-11.3,15,22,-3.4,-0.8,-8.1,87.0,4.6,8.5,FALSE,FAM_054,KHFIHRF,7,16,23,FKKFWKWFRRFGGGFIKHFIHRF,AMP_004156
P0056,LQLLKQLLKLLKQFSATFIKHFIHRF,-14.6,2,25,-6.3,0.5,-11.1,89.0,3.8,24.0,FALSE,FAM_054,KHFIHRF,7,19,26,LQLLKQLLKLLKQFSATFIKHFIHRF,AMP_014701
P0057,RWRRLLKKLHHLLHSATFIKHFIHRF,-11.7,2,14,-5.5,-1.6,-7.0,88.0,5.4,10.5,FALSE,FAM_054,KHFIHRF,7,19,26,RWRRLLKKLHHLLHSATFIKHFIHRF,AMP_021199
P0057,RWRRLLKKLHHLLHSATFIKHFIHRF,-11.7,18,25,-4.3,-1.6,-9.1,81.0,5.1,10.5,FALSE,FAM_054,KHFIHRF,7,19,26,RWRRLLKKLHHLLHSATFIKHFIHRF,AMP_021199
P0058,RWRWRWFSATFIKHFIHRF,-10.8,6,9,-1.9,0.7,-5.1,68.0,2.2,6.0,TRUE,FAM_054,KHFIHRF,7,12,19,RWRWRWFSATFIKHFIHRF,AMP_021258
P0058,RWRWRWFSATFIKHFIHRF,-10.8,11,18,-4.3,-1.6,-9.1,81.0,5.1,6.0,FALSE,FAM_054,KHFIHRF,7,12,19,RWRWRWFSATFIKHFIHRF,AMP_021258
P0059,HMLQLTVWGIKQLQA,-3.0,2,13,-3.0,0.3,-6.6,70.0,8.2,12.0,FALSE,FAM_123,LQLTVWG,7,2,9,HMLQLTVWGIKQLQA,AMP_009772
P0060,IEAQQHLLQLTVWGIKQLQARIL,-3.6,2,21,-3.6,0.0,-6.6,88.0,4.1,20.0,FALSE,FAM_123,LQLTVWG,7,7,14,IEAQQHLLQLTVWGIKQLQARIL,AMP_010003
P0061,KIKKIENEIARIKKLLQLTVWGIKQLQARIL,-6.2,5,29,-6.2,-2.0,-9.3,90.0,1.4,25.0,FALSE,FAM_123,LQLTVWG,7,15,22,KIKKIENEIARIKKLLQLTVWGIKQLQARIL,AMP_011628
P0062,LLQLTVWGIKQLQARIL,-4.4,6,15,-1.0,1.2,-4.3,38.0,0.9,10.0,FALSE,FAM_123,LQLTVWG,7,1,8,LLQLTVWGIKQLQARIL,AMP_014459
P0063,QHLLQLTVWGIKQLQARILAVERYLKDQ,-6.9,3,18,-4.9,-1.1,-7.9,73.0,7.3,12.0,FALSE,FAM_123,LQLTVWG,7,3,10,QHLLQLTVWGIKQLQARILAVERYLKDQ,AMP_018636
P0063,QHLLQLTVWGIKQLQARILAVERYLKDQ,-6.9,20,27,-2.0,-1.1,-4.6,68.0,3.7,12.0,FALSE,FAM_123,LQLTVWG,7,3,10,QHLLQLTVWGIKQLQARILAVERYLKDQ,AMP_018636
P0064,VQQQNNLLRAIEAQQHLLQLTVWGIKQL,-5.9,7,21,-1.9,0.7,-5.8,87.0,2.1,9.5,FALSE,FAM_123,LQLTVWG,7,17,24,VQQQNNLLRAIEAQQHLLQLTVWGIKQL,AMP_023733
P0064,VQQQNNLLRAIEAQQHLLQLTVWGIKQL,-5.9,24,27,-0.5,-0.3,-4.0,81.0,1.6,9.5,FALSE,FAM_123,LQLTVWG,7,17,24,VQQQNNLLRAIEAQQHLLQLTVWGIKQL,AMP_023733
P0065,IEAQQHLLQLTVWGIKQLQARIL,-3.6,2,21,-3.6,0.0,-6.6,88.0,4.1,20.0,FALSE,FAM_123,QQHLLQLTVWGIKQLQA,17,3,20,IEAQQHLLQLTVWGIKQLQARIL,AMP_010003
P0066,AAGRWWRWWRRWWRR,-8.4,2,14,-7.1,1.3,-5.6,88.0,4.2,13.0,FALSE,FAM_165,WRWWRRW,7,5,12,AAGRWWRWWRRWWRR,AMP_000042
P0067,EEEEAAAGRWWRWWRRWWRR,-8.3,3,19,-8.3,0.1,-5.2,89.0,4.2,17.0,FALSE,FAM_165,WRWWRRW,7,10,17,EEEEAAAGRWWRWWRRWWRR,AMP_002998
P0068,NGVQPKYRWWRWWRRWW,-8.8,4,8,0.4,0.7,-4.2,85.0,2.2,5.5,TRUE,FAM_165,WRWWRRW,7,9,16,NGVQPKYRWWRWWRRWW,AMP_017694
P0068,NGVQPKYRWWRWWRRWW,-8.8,11,16,-1.6,2.6,-4.8,76.0,2.4,5.5,FALSE,FAM_165,WRWWRRW,7,9,16,NGVQPKYRWWRWWRRWW,AMP_017694
P0069,RWWRRWWRWWRRWWRR,-13.1,2,14,-13.1,-1.9,-8.9,85.0,5.9,13.0,FALSE,FAM_165,WRWWRRW,7,6,13,RWWRRWWRWWRRWWRR,AMP_021318
P0070,WRRWWRRWWRWWRRWWRR,-13.1,1,16,-12.7,-0.1,-9.0,89.0,5.8,16.0,FALSE,FAM_165,WRWWRRW,7,8,15,WRRWWRRWWRWWRRWWRR,AMP_024796
P0075,AGETCVGGTCNTPGATCSWPVCTRNGLPV,-2.2,13,18,1.6,1.6,-3.0,82.0,1.9,5.5,FALSE,FAM_028,CSWPVC,6,16,22,AGETCVGGTCNTPGATCSWPVCTRNGLPV,AMP_000377
P0075,AGETCVGGTCNTPGATCSWPVCTRNGLPV,-2.2,20,24,0.1,0.2,-3.6,52.0,4.6,5.5,TRUE,FAM_028,CSWPVC,6,16,22,AGETCVGGTCNTPGATCSWPVCTRNGLPV,AMP_000377
P0076,CTCSWPVCTRNGLPVCGETCVGGTCNTPG,-2.2,6,9,-0.1,0.0,-3.8,63.0,4.7,4.0,TRUE,FAM_028,CSWPVC,6,2,8,CTCSWPVCTRNGLPVCGETCVGGTCNTPG,AMP_002175
P0076,CTCSWPVCTRNGLPVCGETCVGGTCNTPG,-2.2,14,17,0.8,0.9,-3.2,60.0,1.2,4.0,TRUE,FAM_028,CSWPVC,6,2,8,CTCSWPVCTRNGLPVCGETCVGGTCNTPG,AMP_002175
P0077,GAPICGESCFTGKCYTVQCSCSWPVCTRN,-3.2,3,5,0.6,0.8,-2.6,63.0,2.6,3.5,TRUE,FAM_028,CSWPVC,6,20,26,GAPICGESCFTGKCYTVQCSCSWPVCTRN,AMP_005464
P0077,GAPICGESCFTGKCYTVQCSCSWPVCTRN,-3.2,24,27,-0.1,0.0,-3.8,63.0,4.7,3.5,TRUE,FAM_028,CSWPVC,6,20,26,GAPICGESCFTGKCYTVQCSCSWPVCTRN,AMP_005464
P0078,ICGETCVGGTCNTPGCSCSWPVCTRNGLP,-2.3,14,16,1.1,1.1,-1.6,83.0,0.8,4.0,TRUE,FAM_028,CSWPVC,6,17,23,ICGETCVGGTCNTPGCSCSWPVCTRNGLP,AMP_009953
P0078,ICGETCVGGTCNTPGCSCSWPVCTRNGLP,-2.3,21,25,0.1,0.2,-3.6,52.0,4.6,4.0,TRUE,FAM_028,CSWPVC,6,17,23,ICGETCVGGTCNTPGCSCSWPVCTRNGLP,AMP_009953
P0079,NGLPVCGETCVGGTCNTPGCTCSWPVCTR,-2.2,4,6,-0.1,0.0,-3.3,59.0,1.4,3.5,TRUE,FAM_028,CSWPVC,6,21,27,NGLPVCGETCVGGTCNTPGCTCSWPVCTR,AMP_017687
P0079,NGLPVCGETCVGGTCNTPGCTCSWPVCTR,-2.2,25,28,-0.1,0.0,-3.8,63.0,4.7,3.5,TRUE,FAM_028,CSWPVC,6,21,27,NGLPVCGETCVGGTCNTPGCTCSWPVCTR,AMP_017687
P0080,TCTLGTCYTAGCSCSWPVCTRNGVPICGE,-2.6,7,10,0.4,0.7,-3.2,84.0,0.0,4.5,TRUE,FAM_028,CSWPVC,6,13,19,TCTLGTCYTAGCSCSWPVCTRNGVPICGE,AMP_022390
P0080,TCTLGTCYTAGCSCSWPVCTRNGVPICGE,-2.6,17,21,0.1,0.2,-3.6,52.0,4.6,4.5,TRUE,FAM_028,CSWPVC,6,13,19,TCTLGTCYTAGCSCSWPVCTRNGVPICGE,AMP_022390
P0081,AIIRILQQLLFIHFRIGRRRRRRRR,-5.8,2,23,-4.8,-0.6,-8.3,73.0,5.5,22.0,FALSE,FAM_142,RRRRRR,6,17,23,AIIRILQQLLFIHFRIGRRRRRRRR,AMP_000503
P0082,AQQLLFIHFRIGRRRRRRRR,-5.0,5,18,-4.6,-1.6,-6.9,49.0,4.0,14.0,FALSE,FAM_142,RRRRRR,6,12,18,AQQLLFIHFRIGRRRRRRRR,AMP_000998
P0083,CTLISWIKNKRKQRPRVSRRRRRRGGRRRR,-4.3,3,14,-4.5,-2.2,-5.8,54.0,6.0,10.0,FALSE,FAM_142,RRRRRR,6,18,24,CTLISWIKNKRKQRPRVSRRRRRRGGRRRR,AMP_002190
P0083,CTLISWIKNKRKQRPRVSRRRRRRGGRRRR,-4.3,16,23,0.2,0.3,-3.5,67.0,0.0,10.0,FALSE,FAM_142,RRRRRR,6,18,24,CTLISWIKNKRKQRPRVSRRRRRRGGRRRR,AMP_002190
P0084,DILIIVGGRRRRRR,-1.1,3,13,-0.3,0.5,-5.5,57.0,5.3,11.0,FALSE,FAM_142,RRRRRR,6,8,14,DILIIVGGRRRRRR,AMP_002565
P0085,EAEIRIKQQLLFIHFRIGRRRRRRRR,-5.4,3,8,0.6,1.0,-2.6,55.0,3.6,10.0,FALSE,FAM_142,RRRRRR,6,18,24,EAEIRIKQQLLFIHFRIGRRRRRRRR,AMP_002919
P0085,EAEIRIKQQLLFIHFRIGRRRRRRRR,-5.4,11,24,-4.6,-1.6,-6.9,49.0,4.0,10.0,FALSE,FAM_142,RRRRRR,6,18,24,EAEIRIKQQLLFIHFRIGRRRRRRRR,AMP_002919
P0086,GRKKRRRRRR,0.0,5,8,1.1,1.1,-1.5,82.0,0.0,4.0,TRUE,FAM_142,RRRRRR,6,4,10,GRKKRRRRRR,AMP_008888
P0087,IHFRIGRRRRRRRR,-1.5,2,12,-0.7,0.7,-5.1,55.0,2.8,11.0,FALSE,FAM_142,RRRRRR,6,6,12,IHFRIGRRRRRRRR,AMP_010117
P0088,IIRILQQLLFIHFRIGRRRRRRRR,-6.1,3,22,-3.9,-0.1,-7.4,75.0,5.4,20.0,FALSE,FAM_142,RRRRRR,6,16,22,IIRILQQLLFIHFRIGRRRRRRRR,AMP_010178
P0089,ILQQLLFIHFRIGRRRRRRRR,-5.7,2,4,0.6,1.1,-2.5,69.0,0.8,8.5,TRUE,FAM_142,RRRRRR,6,13,19,ILQQLLFIHFRIGRRRRRRRR,AMP_010709
P0089,ILQQLLFIHFRIGRRRRRRRR,-5.7,6,19,-4.6,-1.6,-6.9,49.0,4.0,8.5,FALSE,FAM_142,RRRRRR,6,13,19,ILQQLLFIHFRIGRRRRRRRR,AMP_010709
P0090,IRILQQLLFIHFRIGRRRRRRRR,-5.9,2,21,-5.3,-1.4,-8.7,75.0,6.1,20.0,FALSE,FAM_142,RRRRRR,6,15,21,IRILQQLLFIHFRIGRRRRRRRR,AMP_010918
P0091,FLPLLLAGLPKFLCLVFKKC,-7.4,3,19,-6.7,-1.9,-16.6,21.0,28.8,17.0,FALSE,FAM_057,FLPLLL,6,0,6,FLPLLLAGLPKFLCLVFKKC,AMP_004762
P0092,KKLLKLKLKLKK,-2.7,2,11,-1.5,1.0,-3.7,81.0,1.9,10.0,FALSE,FAM_120,LKLKLK,6,3,9,KKLLKLKLKLKK,AMP_012153
P0093,LKLKLKINGKKLKLK,-2.7,2,8,0.4,1.6,-4.4,66.0,4.6,5.0,FALSE,FAM_120,LKLKLK,6,0,6,LKLKLKINGKKLKLK,AMP_014214
P0093,LKLKLKINGKKLKLK,-2.7,10,12,0.8,1.3,-1.4,84.0,0.0,5.0,TRUE,FAM_120,LKLKLK,6,0,6,LKLKLKINGKKLKLK,AMP_014214
P0094,LKLKLKLTGKLKLKL,-3.5,2,8,-0.3,1.2,-4.8,62.0,4.5,5.0,FALSE,FAM_120,LKLKLK,6,0,6,LKLKLKLTGKLKLKL,AMP_014215
P0094,LKLKLKLTGKLKLKL,-3.5,12,14,-0.8,-0.3,-3.5,71.0,1.6,5.0,FALSE,FAM_120,LKLKLK,6,0,6,LKLKLKLTGKLKLKL,AMP_014215
P0095,ARKKWFW,-4.0,2,5,0.5,1.9,-3.1,58.0,1.5,4.0,TRUE,FAM_140,RKKWFW,6,1,7,ARKKWFW,AMP_001050
P0097,GLKLLLKLGLKLL,-4.1,3,11,-2.8,-0.8,-6.0,85.0,2.5,9.0,FALSE,FAM_121,LKLLLKL,7,1,8,GLKLLLKLGLKLL,AMP_007893
P0098,KKLLKLLLKLLK,-6.0,3,11,-6.0,-3.0,-7.5,68.0,5.9,9.0,FALSE,FAM_121,LKLLLKL,7,3,10,KKLLKLLLKLLK,AMP_012155
P0099,KLLKLLLKLLLKLLK,-8.9,2,14,-8.9,-4.9,-8.9,81.0,6.5,13.0,FALSE,FAM_121,LKLLLKL,7,2,9,KLLKLLLKLLLKLLK,AMP_012461
P0100,LKKKKLKLLLKLKCLC,-3.5,2,4,0.1,0.1,-2.3,75.0,0.0,5.5,TRUE,FAM_121,LKLLLKL,7,5,12,LKKKKLKLLLKLKCLC,AMP_014134
P0100,LKKKKLKLLLKLKCLC,-3.5,7,14,-2.0,-0.5,-5.6,80.0,5.4,5.5,FALSE,FAM_121,LKLLLKL,7,5,12,LKKKKLKLLLKLKCLC,AMP_014134
P0101,RKKRRQRRRGGGKLLKLLLKLLLKLLK,-9.9,14,26,-9.9,-5.9,-10.0,81.0,7.1,13.0,FALSE,FAM_121,LKLLLKL,7,14,21,RKKRRQRRRGGGKLLKLLLKLLLKLLK,AMP_019658
P0102,FDVMGIIKKIAGA,-2.4,2,11,-2.4,-1.6,-5.7,77.0,4.2,10.0,FALSE,FAM_068,GIJKKI,6,4,10,FDVMGIIKKIAGA,AMP_003607
P0103,GIIKGIIKKIIK,-1.9,2,11,-1.7,-0.6,-5.9,74.0,5.4,10.0,FALSE,FAM_068,GIJKKI,6,4,10,GIIKGIIKKIIK,AMP_006985
P0105,LKNVGKEVGMDVVRTGIDIAGCKIKGEC,-1.5,11,24,1.6,2.4,-3.7,73.0,2.8,14.0,FALSE,FAM_060,GCKIKGEC,8,20,28,LKNVGKEVGMDVVRTGIDIAGCKIKGEC,AMP_014248
P0106,NVGKEVGMDVVRTGIDIAGCKIKGEC,-1.0,9,22,1.6,2.4,-3.7,73.0,2.8,14.0,FALSE,FAM_060,GCKIKGEC,8,18,26,NVGKEVGMDVVRTGIDIAGCKIKGEC,AMP_017984
P0107,FLGALIKGAIHGGRFIHGMIQNHH,-3.3,2,10,-2.0,-0.7,-6.1,76.0,4.3,8.0,FALSE,FAM_113,LGALIK,6,1,7,FLGALIKGAIHGGRFIHGMIQNHH,AMP_004313
P0107,FLGALIKGAIHGGRFIHGMIQNHH,-3.3,16,22,-0.6,-0.1,-5.2,73.0,3.5,8.0,FALSE,FAM_113,LGALIK,6,1,7,FLGALIKGAIHGGRFIHGMIQNHH,AMP_004313
P0108,GEKLKKIGKKIKNFFQKL,-4.3,2,17,-3.4,-0.2,-7.3,87.0,2.8,16.0,FALSE,FAM_118,LKKJGKKIK,9,3,12,GEKLKKIGKKIKNFFQKL,AMP_005603
P0109,AAYLLAKINLKALAALAKKIL,-5.4,3,8,-1.9,-0.7,-4.6,59.0,5.1,8.5,FALSE,FAM_130,NLKAJAA,7,8,15,AAYLLAKINLKALAALAKKIL,AMP_000143
P0109,AAYLLAKINLKALAALAKKIL,-5.4,10,20,-2.5,-0.9,-5.2,89.0,2.2,8.5,FALSE,FAM_130,NLKAJAA,7,8,15,AAYLLAKINLKALAALAKKIL,AMP_000143
P0110,AYLLGKINLKALAALAKKIL,-4.7,2,6,-1.2,-0.2,-4.5,80.0,5.1,8.0,FALSE,FAM_130,NLKAJAA,7,7,14,AYLLGKINLKALAALAKKIL,AMP_001525
P0110,AYLLGKINLKALAALAKKIL,-4.7,9,19,-2.5,-0.9,-5.2,89.0,2.2,8.0,FALSE,FAM_130,NLKAJAA,7,7,14,AYLLGKINLKALAALAKKIL,AMP_001525
P0111,FSGSGSGSGAGYLLGKINLKALAALAKKILGC,-5.9,9,17,-0.6,0.6,-4.1,76.0,3.0,10.0,FALSE,FAM_130,NLKAJAA,7,17,24,FSGSGSGSGAGYLLGKINLKALAALAKKILGC,AMP_005155
P0111,FSGSGSGSGAGYLLGKINLKALAALAKKILGC,-5.9,19,29,-2.5,-0.9,-5.2,89.0,2.2,10.0,FALSE,FAM_130,NLKAJAA,7,17,24,FSGSGSGSGAGYLLGKINLKALAALAKKILGC,AMP_005155
P0112,GNLKALAAVAKKIL,-1.8,3,13,-1.2,0.1,-4.7,88.0,2.5,11.0,FALSE,FAM_130,NLKAJAA,7,1,8,GNLKALAAVAKKIL,AMP_008656
P0113,GWTLNSAGYLLGKINLKALAALAKKIL,-6.6,6,14,-1.0,0.1,-4.0,89.0,1.4,10.0,FALSE,FAM_130,NLKAJAA,7,14,21,GWTLNSAGYLLGKINLKALAALAKKIL,AMP_009569
P0113,GWTLNSAGYLLGKINLKALAALAKKIL,-6.6,16,26,-2.5,-0.9,-5.2,89.0,2.2,10.0,FALSE,FAM_130,NLKAJAA,7,14,21,GWTLNSAGYLLGKINLKALAALAKKIL,AMP_009569
P0114,INLKAIAAFAKALI,-3.3,2,13,-2.8,-0.5,-6.4,87.0,3.1,12.0,FALSE,FAM_130,NLKAJAA,7,1,8,INLKAIAAFAKALI,AMP_010756
P0115,NLKAIAALAKKLL,-4.1,3,12,-2.1,-0.9,-5.0,81.0,2.4,10.0,FALSE,FAM_130,NLKAJAA,7,0,7,NLKAIAALAKKLL,AMP_017789
P0116,AFKCKFCCGCCRAGVCGLCCRF,-4.1,2,5,-0.5,0.6,-4.1,72.0,2.8,4.0,TRUE,FAM_167,XFCCGC,6,4,10,AFKCKFCCGCCRAGVCGLCCRF,AMP_000330
P0116,AFKCKFCCGCCRAGVCGLCCRF,-4.1,18,21,-0.6,-0.1,-3.8,73.0,1.6,4.0,FALSE,FAM_167,XFCCGC,6,4,10,AFKCKFCCGCCRAGVCGLCCRF,AMP_000330
P0117,CRFCCGCCPDMVGCGTCCKF,-2.5,16,19,0.7,0.7,-3.0,63.0,2.8,4.0,TRUE,FAM_167,XFCCGC,6,1,7,CRFCCGCCPDMVGCGTCCKF,AMP_002085
P0118,DCRFCCGCCTDVSGCGVCCRF,-2.5,11,13,0.9,1.0,-2.3,71.0,0.0,3.5,TRUE,FAM_167,XFCCGC,6,2,8,DCRFCCGCCTDVSGCGVCCRF,AMP_002383
P0118,DCRFCCGCCTDVSGCGVCCRF,-2.5,17,20,0.1,0.2,-3.5,81.0,0.8,3.5,TRUE,FAM_167,XFCCGC,6,2,8,DCRFCCGCCTDVSGCGVCCRF,AMP_002383
P0119,DTHFPICIFCCGCCHRSKCGMCCKT,-2.8,5,8,-1.5,-1.1,-5.3,90.0,3.1,4.0,FALSE,FAM_167,XFCCGC,6,7,13,DTHFPICIFCCGCCHRSKCGMCCKT,AMP_002813
P0120,HSNAAGCRFCCGCCPNMHGCGVCCRF,-2.5,4,8,0.6,0.6,-2.8,62.0,2.3,4.5,TRUE,FAM_167,XFCCGC,6,7,13,HSNAAGCRFCCGCCPNMHGCGVCCRF,AMP_009846
P0120,HSNAAGCRFCCGCCPNMHGCGVCCRF,-2.5,22,25,0.1,0.2,-3.5,81.0,0.8,4.5,TRUE,FAM_167,XFCCGC,6,7,13,HSNAAGCRFCCGCCPNMHGCGVCCRF,AMP_009846
P0121,ICIFCCGCCHRSKCGMCCKT,-1.6,10,13,2.3,2.3,-1.1,58.0,0.0,4.0,TRUE,FAM_167,XFCCGC,6,2,8,ICIFCCGCCHRSKCGMCCKT,AMP_009955
P0121,ICIFCCGCCHRSKCGMCCKT,-1.6,16,19,0.9,1.0,-2.5,84.0,2.1,4.0,TRUE,FAM_167,XFCCGC,6,2,8,ICIFCCGCCHRSKCGMCCKT,AMP_009955
P0122,NPAGCRFCCGCCPNMIGCGVCCRF,-2.7,2,6,0.5,0.5,-2.9,80.0,1.6,4.5,TRUE,FAM_167,XFCCGC,6,5,11,NPAGCRFCCGCCPNMIGCGVCCRF,AMP_017865
P0122,NPAGCRFCCGCCPNMIGCGVCCRF,-2.7,20,23,0.1,0.2,-3.5,81.0,0.8,4.5,TRUE,FAM_167,XFCCGC,6,5,11,NPAGCRFCCGCCPNMIGCGVCCRF,AMP_017865
P0123,SPAGRNSRRRRCRFCCGCCPDMVGCGTCCKF,-2.5,2,11,0.4,0.4,-3.6,62.0,0.0,10.0,FALSE,FAM_167,XFCCGC,6,12,18,SPAGRNSRRRRCRFCCGCCPDMVGCGTCCKF,AMP_021964
P0124,AEDWVRWI,-3.1,3,6,0.5,2.0,-2.3,53.0,0.0,4.0,TRUE,FAM_034,DWVRWI,6,2,8,AEDWVRWI,AMP_000278
P0126,LQKWEDWVRWIGNIPQYLKG,-8.3,4,18,-6.6,-1.2,-7.4,86.0,4.2,15.0,FALSE,FAM_034,DWVRWI,6,5,11,LQKWEDWVRWIGNIPQYLKG,AMP_014691
P0127,QKWEDWVRWIGN,-5.7,3,10,-5.7,-1.2,-4.7,81.0,4.6,8.0,FALSE,FAM_034,DWVRWI,6,4,10,QKWEDWVRWIGN,AMP_018738
P0128,QLQKWEDWVRWI,-5.0,2,4,0.3,0.8,-2.9,58.0,1.7,4.0,TRUE,FAM_034,DWVRWI,6,6,12,QLQKWEDWVRWI,AMP_018773
P0128,QLQKWEDWVRWI,-5.0,6,10,-2.9,-1.4,-5.0,86.0,1.8,4.0,FALSE,FAM_034,DWVRWI,6,6,12,QLQKWEDWVRWI,AMP_018773
P0129,ALDPIDISIELNKAKSDLEESKEWIRRSNQKLDS,-4.8,6,31,-4.0,-1.1,-8.0,89.0,1.6,26.0,FALSE,FAM_097,KEWIRR,6,21,27,ALDPIDISIELNKAKSDLEESKEWIRRSNQKLDS,AMP_000669
P0130,DISIELNKAKSDLEESKEWIRRSNQKLDSIGNWH,-6.6,2,26,-3.8,-0.9,-7.9,90.0,1.8,25.0,FALSE,FAM_097,KEWIRR,6,16,22,DISIELNKAKSDLEESKEWIRRSNQKLDSIGNWH,AMP_002579
P0131,DITLNNSVALDPIDISIELNKAKSDLEESKEWIRR,-5.4,14,34,-3.4,-0.5,-6.2,89.0,1.2,21.0,FALSE,FAM_097,KEWIRR,6,29,35,DITLNNSVALDPIDISIELNKAKSDLEESKEWIRR,AMP_002581
P0132,DPIDISIELNKAKSDLEESKEWIRRSNQKLDSIG,-4.5,4,29,-4.0,-1.1,-8.0,89.0,1.6,26.0,FALSE,FAM_097,KEWIRR,6,19,25,DPIDISIELNKAKSDLEESKEWIRRSNQKLDSIG,AMP_002703
P0133,ELNKAKSDLEESKEWIRRSNQKLDSIGNWHQSST,-6.2,8,22,-3.0,-1.0,-5.5,87.0,2.2,7.0,FALSE,FAM_097,KEWIRR,6,12,18,ELNKAKSDLEESKEWIRRSNQKLDSIGNWHQSST,AMP_003227
P0133,ELNKAKSDLEESKEWIRRSNQKLDSIGNWHQSST,-6.2,26,28,0.5,0.7,-3.0,73.0,1.2,7.0,TRUE,FAM_097,KEWIRR,6,12,18,ELNKAKSDLEESKEWIRRSNQKLDSIGNWHQSST,AMP_003227
P0133,ELNKAKSDLEESKEWIRRSNQKLDSIGNWHQSST,-6.2,30,32,0.5,0.5,-2.6,72.0,2.1,7.0,TRUE,FAM_097,KEWIRR,6,12,18,ELNKAKSDLEESKEWIRRSNQKLDSIGNWHQSST,AMP_003227
P0134,IDISIELNKAKSDLEESKEWIRRSNQKLDSIGNW,-5.9,2,27,-4.2,-1.2,-8.1,89.0,2.1,26.0,FALSE,FAM_097,KEWIRR,6,17,23,IDISIELNKAKSDLEESKEWIRRSNQKLDSIGNW,AMP_009974
P0135,IELNKAKSDLEESKEWIRRSNQKLDSIGNWHQSS,-6.9,2,7,-1.2,-0.7,-3.2,50.0,2.4,10.5,FALSE,FAM_097,KEWIRR,6,13,19,IELNKAKSDLEESKEWIRRSNQKLDSIGNWHQSS,AMP_010014
P0135,IELNKAKSDLEESKEWIRRSNQKLDSIGNWHQSS,-6.9,9,23,-3.0,-1.0,-5.5,87.0,2.2,10.5,FALSE,FAM_097,KEWIRR,6,13,19,IELNKAKSDLEESKEWIRRSNQKLDSIGNWHQSS,AMP_010014
P0136,ISIELNKAKSDLEESKEWIRRSNQKLDSIGNWHQ,-5.6,2,25,-0.6,2.1,-4.1,89.0,1.0,24.0,FALSE,FAM_097,KEWIRR,6,15,21,ISIELNKAKSDLEESKEWIRRSNQKLDSIGNWHQ,AMP_010987
P0137,ITLNNSVALDPIDISIELNKAKSDLEESKEWIRR,-5.2,13,33,-3.4,-0.5,-6.2,89.0,1.2,21.0,FALSE,FAM_097,KEWIRR,6,28,34,ITLNNSVALDPIDISIELNKAKSDLEESKEWIRR,AMP_011028
P0138,LDPIDISIELNKAKSDLEESKEWIRRSNQKLDSI,-5.0,5,30,-4.0,-1.1,-8.0,89.0,1.6,26.0,FALSE,FAM_097,KEWIRR,6,20,26,LDPIDISIELNKAKSDLEESKEWIRRSNQKLDSI,AMP_013834
P0139,AKKIRVRLSA,-0.8,4,8,-0.1,0.7,-3.4,85.0,1.1,5.0,TRUE,FAM_099,KIRVRL,6,2,8,AKKIRVRLSA,AMP_000578
P0140,GQKKIRVRLS,-0.8,5,9,-0.1,0.7,-3.4,85.0,1.1,5.0,TRUE,FAM_099,KIRVRL,6,3,9,GQKKIRVRLS,AMP_008795
P0141,KIRVRLSA,-0.8,3,7,0.5,1.1,-3.8,85.0,4.0,5.0,TRUE,FAM_099,KIRVRL,6,0,6,KIRVRLSA,AMP_011676
P0142,KKIRVRLSA,-0.8,3,7,-0.1,0.7,-3.4,85.0,1.1,5.0,TRUE,FAM_099,KIRVRL,6,1,7,KKIRVRLSA,AMP_011808
P0144,GLLEALAELLEGLRKRLRKFRNKIKEK,-9.4,2,23,-8.6,-4.0,-9.9,82.0,3.8,22.0,FALSE,FAM_069,GLLEAL,6,0,6,GLLEALAELLEGLRKRLRKFRNKIKEK,AMP_007972
P0145,GLLEALAELLEKFHTFPQTAIGVGAP,-8.3,2,22,-5.0,-0.1,-11.6,89.0,9.7,21.0,FALSE,FAM_069,GLLEAL,6,0,6,GLLEALAELLEKFHTFPQTAIGVGAP,AMP_007974
P0146,FTMKKSLLLIFFLGTISLSLCEQER,-13.6,1,24,-12.9,-7.2,-19.2,8.0,28.1,24.0,FALSE,FAM_152,TISLSLCE,8,14,22,FTMKKSLLLIFFLGTISLSLCEQER,AMP_005210
P0147,IGTISLSLCEQERDADEDEGETLEE,-1.9,3,15,1.9,3.1,-3.0,90.0,0.2,13.0,FALSE,FAM_152,TISLSLCE,8,2,10,IGTISLSLCEQERDADEDEGETLEE,AMP_010107
P0148,TLKKSMLLLFFLGTISLSLCEEERNADEDDGEKE,-13.5,1,26,-13.5,-8.6,-21.0,9.0,29.2,26.0,FALSE,FAM_152,TISLSLCE,8,13,21,TLKKSMLLLFFLGTISLSLCEEERNADEDDGEKE,AMP_022606
P0149,AAGKWKLFKKLPKFHLHLAKKF,-8.0,5,11,-1.3,2.3,-4.0,72.0,2.9,7.5,FALSE,FAM_163,WKLFKKJ,7,4,11,AAGKWKLFKKLPKFHLHLAKKF,AMP_000038
P0149,AAGKWKLFKKLPKFHLHLAKKF,-8.0,14,21,-2.6,-0.5,-5.1,83.0,5.1,7.5,FALSE,FAM_163,WKLFKKJ,7,4,11,AAGKWKLFKKLPKFHLHLAKKF,AMP_000038
P0150,AVAVVGQATQIAKKWKLFKKIEKVGQ,-4.7,3,23,-4.7,-1.1,-7.2,72.0,4.7,21.0,FALSE,FAM_163,WKLFKKJ,7,14,21,AVAVVGQATQIAKKWKLFKKIEKVGQ,AMP_001376
P0151,EEEEAAAGKWKLFKKLPKFHLHLAKKF,-7.5,3,16,-3.9,-0.3,-4.5,69.0,2.7,11.0,FALSE,FAM_163,WKLFKKJ,7,9,16,EEEEAAAGKWKLFKKLPKFHLHLAKKF,AMP_002995
P0151,EEEEAAAGKWKLFKKLPKFHLHLAKKF,-7.5,19,26,-2.6,-0.5,-5.1,83.0,5.1,11.0,FALSE,FAM_163,WKLFKKJ,7,9,16,EEEEAAAGKWKLFKKLPKFHLHLAKKF,AMP_002995
P0152,GGHKWKLFKKIGAVLKVL,-4.5,4,17,-2.0,1.9,-4.5,77.0,1.2,14.0,FALSE,FAM_163,WKLFKKJ,7,4,11,GGHKWKLFKKIGAVLKVL,AMP_006553
P0153,GIGAVLKVLTTGLKWKLFKKIEKVGQ,-3.9,4,13,-1.6,0.1,-5.8,72.0,4.5,9.0,FALSE,FAM_163,WKLFKKJ,7,14,21,GIGAVLKVLTTGLKWKLFKKIEKVGQ,AMP_006804
P0153,GIGAVLKVLTTGLKWKLFKKIEKVGQ,-3.9,16,23,-2.4,-0.5,-6.1,75.0,5.4,9.0,FALSE,FAM_163,WKLFKKJ,7,14,21,GIGAVLKVLTTGLKWKLFKKIEKVGQ,AMP_006804
P0154,KFLHLAKKFPKWKLFKKI,-5.9,2,8,-3.8,-1.6,-6.4,87.0,4.5,6.0,FALSE,FAM_163,WKLFKKJ,7,11,18,KFLHLAKKFPKWKLFKKI,AMP_011431
P0154,KFLHLAKKFPKWKLFKKI,-5.9,13,17,-2.1,-0.5,-5.6,81.0,2.5,6.0,FALSE,FAM_163,WKLFKKJ,7,11,18,KFLHLAKKFPKWKLFKKI,AMP_011431
P0155,KKKKWKLFKKIGIGKFL,-4.9,6,15,-1.1,1.0,-5.8,58.0,5.4,10.0,FALSE,FAM_163,WKLFKKJ,7,4,11,KKKKWKLFKKIGIGKFL,AMP_012022
P0156,KLWKLFKKIGIGAVLKVLTTGLPALKLTLK,-8.9,2,29,-8.9,-1.8,-15.2,19.0,31.1,28.0,FALSE,FAM_163,WKLFKKJ,7,2,9,KLWKLFKKIGIGAVLKVLTTGLPALKLTLK,AMP_012540
P0157,KWKLFKKI,-3.2,3,7,-2.1,-0.5,-5.6,81.0,2.5,5.0,FALSE,FAM_163,WKLFKKJ,7,1,8,KWKLFKKI,AMP_013442
P0158,WKLFKKILKFL,-5.5,2,10,-5.5,-2.0,-8.6,75.0,6.9,9.0,FALSE,FAM_163,WKLFKKJ,7,0,7,WKLFKKILKFL,AMP_024501
P0159,AGFAKLLAKLAKKLL,-7.4,3,14,-6.8,-3.7,-8.2,80.0,6.8,12.0,FALSE,FAM_051,FAKLLA,6,2,8,AGFAKLLAKLAKKLL,AMP_000383
P0160,EEEEAAAGFAKLLAKLAKKLL,-6.9,4,20,-5.9,-2.8,-7.0,90.0,3.6,17.0,FALSE,FAM_051,FAKLLA,6,8,14,EEEEAAAGFAKLLAKLAKKLL,AMP_002994
P0161,FAKLLAKAFKKAL,-5.8,5,12,-3.8,-2.2,-7.1,77.0,6.7,8.0,FALSE,FAM_051,FAKLLA,6,0,6,FAKLLAKAFKKAL,AMP_003507
P0162,FIGAIAAALPHVINAIKNTF,-6.9,3,9,0.3,1.0,-2.6,72.0,1.2,7.5,FALSE,FAM_053,FIGAIA,6,0,6,FIGAIAAALPHVINAIKNTF,AMP_003944
P0162,FIGAIAAALPHVINAIKNTF,-6.9,12,19,-3.0,-2.6,-7.2,82.0,6.0,7.5,FALSE,FAM_053,FIGAIA,6,0,6,FIGAIAAALPHVINAIKNTF,AMP_003944
P0163,FIGAIANLLSKIF,-6.2,4,12,-3.8,-2.4,-6.4,87.0,5.7,9.0,FALSE,FAM_053,FIGAIA,6,0,6,FIGAIANLLSKIF,AMP_003945
P0164,FFPAILRVAAKVGPAVLCAITKKC,-4.4,4,11,-2.2,-1.4,-5.5,81.0,4.8,9.0,FALSE,FAM_006,AITKKC,6,18,24,FFPAILRVAAKVGPAVLCAITKKC,AMP_003762
P0164,FFPAILRVAAKVGPAVLCAITKKC,-4.4,14,23,-0.2,0.6,-3.1,68.0,2.5,9.0,FALSE,FAM_006,AITKKC,6,18,24,FFPAILRVAAKVGPAVLCAITKKC,AMP_003762
P0165,FFPIIAGMAAKVICAITKKC,-5.8,1,19,-5.8,-2.6,-12.6,8.0,24.5,19.0,FALSE,FAM_006,AITKKC,6,14,20,FFPIIAGMAAKVICAITKKC,AMP_003778
P0166,FFPTIAGLTKLFCAITKKC,-5.8,4,18,-3.2,-0.7,-7.3,81.0,3.9,15.0,FALSE,FAM_006,AITKKC,6,13,19,FFPTIAGLTKLFCAITKKC,AMP_003837
P0167,FLPFFAACAITKKC,-4.1,3,12,-2.8,-0.3,-6.6,65.0,6.4,10.0,FALSE,FAM_006,AITKKC,6,8,14,FLPFFAACAITKKC,AMP_004529
P0168,FLPLFLPKIICAITKKC,-5.8,5,16,-3.8,-1.6,-7.6,80.0,5.8,12.0,FALSE,FAM_006,AITKKC,6,11,17,FLPLFLPKIICAITKKC,AMP_004689
P0169,FLPLIAGLAAKFLPKIFCAITKKC,-9.6,3,11,-3.5,-2.3,-6.2,85.0,2.5,9.0,FALSE,FAM_006,AITKKC,6,18,24,FLPLIAGLAAKFLPKIFCAITKKC,AMP_004692
P0169,FLPLIAGLAAKFLPKIFCAITKKC,-9.6,15,23,-1.3,0.2,-4.9,86.0,3.2,9.0,FALSE,FAM_006,AITKKC,6,18,24,FLPLIAGLAAKFLPKIFCAITKKC,AMP_004692
P0170,FMGGLIKAATKALPAAFCAITKKC,-5.1,4,23,-0.5,2.0,-8.0,6.0,27.1,20.0,FALSE,FAM_006,AITKKC,6,18,24,FMGGLIKAATKALPAAFCAITKKC,AMP_004977
P0171,GALFKVASKVLPSVKLAITKKC,-3.7,2,10,-2.1,-0.2,-6.3,85.0,6.4,7.5,FALSE,FAM_006,AITKKC,6,16,22,GALFKVASKVLPSVKLAITKKC,AMP_005443
P0171,GALFKVASKVLPSVKLAITKKC,-3.7,15,20,0.5,1.2,-3.6,66.0,4.3,7.5,FALSE,FAM_006,AITKKC,6,16,22,GALFKVASKVLPSVKLAITKKC,AMP_005443
P0172,KFLPKIFCAITKKC,-3.9,2,12,-2.2,0.9,-5.6,84.0,3.4,11.0,FALSE,FAM_006,AITKKC,6,8,14,KFLPKIFCAITKKC,AMP_011437
P0173,KFLPWKIFCAITKKC,-6.3,4,14,-5.4,-2.5,-7.2,73.0,5.4,11.0,FALSE,FAM_006,AITKKC,6,9,15,KFLPWKIFCAITKKC,AMP_011438
P0174,AGYLLGKINLKALAALAKKIL,-4.7,3,7,-1.1,-0.1,-4.0,90.0,4.7,8.0,FALSE,FAM_005,AGYLLG,6,0,6,AGYLLGKINLKALAALAKKIL,AMP_000456
P0174,AGYLLGKINLKALAALAKKIL,-4.7,10,20,-2.5,-0.9,-5.2,89.0,2.2,8.0,FALSE,FAM_005,AGYLLG,6,0,6,AGYLLGKINLKALAALAKKIL,AMP_000456
P0175,FSGSGSGSGAGYLLGKINLKALAALAKKILGC,-5.9,9,17,-0.6,0.6,-4.1,76.0,3.0,10.0,FALSE,FAM_005,AGYLLG,6,9,15,FSGSGSGSGAGYLLGKINLKALAALAKKILGC,AMP_005155
P0175,FSGSGSGSGAGYLLGKINLKALAALAKKILGC,-5.9,19,29,-2.5,-0.9,-5.2,89.0,2.2,10.0,FALSE,FAM_005,AGYLLG,6,9,15,FSGSGSGSGAGYLLGKINLKALAALAKKILGC,AMP_005155
P0176,GWTLNSAGYLLGKINLKALAALAKKIL,-6.6,6,14,-1.0,0.1,-4.0,89.0,1.4,10.0,FALSE,FAM_005,AGYLLG,6,6,12,GWTLNSAGYLLGKINLKALAALAKKIL,AMP_009569
P0176,GWTLNSAGYLLGKINLKALAALAKKIL,-6.6,16,26,-2.5,-0.9,-5.2,89.0,2.2,10.0,FALSE,FAM_005,AGYLLG,6,6,12,GWTLNSAGYLLGKINLKALAALAKKIL,AMP_009569
P0177,GLRRLLRKIRGRWKGGGRLLRPLLQLLKQKLR,-9.5,2,12,-2.9,-1.2,-6.5,89.0,2.6,11.5,FALSE,FAM_122,LLQLLK,6,22,28,GLRRLLRKIRGRWKGGGRLLRPLLQLLKQKLR,AMP_008424
P0177,GLRRLLRKIRGRWKGGGRLLRPLLQLLKQKLR,-9.5,20,31,-4.5,-1.5,-6.4,79.0,5.7,11.5,FALSE,FAM_122,LLQLLK,6,22,28,GLRRLLRKIRGRWKGGGRLLRPLLQLLKQKLR,AMP_008424
P0178,NIKISGKWKAQKRFLKGGGRLLRPLLQLLKQKLR,-9.1,3,13,-0.3,1.3,-4.5,62.0,1.5,10.5,FALSE,FAM_122,LLQLLK,6,24,30,NIKISGKWKAQKRFLKGGGRLLRPLLQLLKQKLR,AMP_017720
P0178,NIKISGKWKAQKRFLKGGGRLLRPLLQLLKQKLR,-9.1,24,33,-2.1,0.4,-3.6,65.0,0.9,10.5,FALSE,FAM_122,LLQLLK,6,24,30,NIKISGKWKAQKRFLKGGGRLLRPLLQLLKQKLR,AMP_017720
P0179,RKVRGPPGGGRLLRPLLQLLKQKLR,-5.8,11,14,-0.6,0.4,-3.2,69.0,2.3,6.5,TRUE,FAM_122,LLQLLK,6,15,21,RKVRGPPGGGRLLRPLLQLLKQKLR,AMP_019720
P0179,RKVRGPPGGGRLLRPLLQLLKQKLR,-5.8,16,24,-4.5,-2.0,-5.7,57.0,6.3,6.5,FALSE,FAM_122,LLQLLK,6,15,21,RKVRGPPGGGRLLRPLLQLLKQKLR,AMP_019720
P0180,SQRKLAAKLTSKGGGRLLRPLLQLLKQKLR,-7.1,5,11,-0.8,0.2,-4.1,82.0,1.9,9.0,FALSE,FAM_122,LLQLLK,6,20,26,SQRKLAAKLTSKGGGRLLRPLLQLLKQKLR,AMP_022021
P0180,SQRKLAAKLTSKGGGRLLRPLLQLLKQKLR,-7.1,19,29,-2.5,0.0,-4.7,86.0,2.6,9.0,FALSE,FAM_122,LLQLLK,6,20,26,SQRKLAAKLTSKGGGRLLRPLLQLLKQKLR,AMP_022021
P0181,RARAWRARACTKSIPPIC,-1.8,3,11,1.6,3.0,-2.7,82.0,1.0,9.0,FALSE,FAM_149,SIPPIC,6,12,18,RARAWRARACTKSIPPIC,AMP_019081
P0182,RFRFRFWRFRFRFCTKSIPPIC,-8.7,2,8,-2.0,2.8,-5.2,87.0,2.5,6.5,FALSE,FAM_149,SIPPIC,6,16,22,RFRFRFWRFRFRFCTKSIPPIC,AMP_019233
P0182,RFRFRFWRFRFRFCTKSIPPIC,-8.7,10,15,-1.2,1.1,-5.6,72.0,4.3,6.5,FALSE,FAM_149,SIPPIC,6,16,22,RFRFRFWRFRFRFCTKSIPPIC,AMP_019233
P0183,VRIPCVTVADCPPTILPVFYECIDKFCMLHIE,-7.4,8,10,0.2,0.3,-2.8,66.0,0.3,9.0,TRUE,FAM_089,IPCVTV,6,2,8,VRIPCVTVADCPPTILPVFYECIDKFCMLHIE,AMP_023758
P0183,VRIPCVTVADCPPTILPVFYECIDKFCMLHIE,-7.4,15,29,-5.8,-1.8,-10.8,73.0,6.8,9.0,FALSE,FAM_089,IPCVTV,6,2,8,VRIPCVTVADCPPTILPVFYECIDKFCMLHIE,AMP_023758
P0184,KIFKKIEKVGRNVRDGIIKAGPAVAVVEQA,-2.4,2,11,-0.2,1.4,-4.9,70.0,3.1,6.3,FALSE,FAM_072,GPAVAVV,7,20,27,KIFKKIEKVGRNVRDGIIKAGPAVAVVEQA,AMP_011598
P0184,KIFKKIEKVGRNVRDGIIKAGPAVAVVEQA,-2.4,17,20,-0.2,0.1,-3.1,85.0,1.7,6.3,TRUE,FAM_072,GPAVAVV,7,20,27,KIFKKIEKVGRNVRDGIIKAGPAVAVVEQA,AMP_011598
P0184,KIFKKIEKVGRNVRDGIIKAGPAVAVVEQA,-2.4,22,26,-0.4,-0.2,-3.7,81.0,3.1,6.3,FALSE,FAM_072,GPAVAVV,7,20,27,KIFKKIEKVGRNVRDGIIKAGPAVAVVEQA,AMP_011598
P0185,KKLFKKILKYLAGPAVAVVGQATQIAKKDEL,-6.7,3,12,-4.1,-0.9,-6.9,85.0,5.5,12.0,FALSE,FAM_072,GPAVAVV,7,12,19,KKLFKKILKYLAGPAVAVVGQATQIAKKDEL,AMP_012102
P0185,KKLFKKILKYLAGPAVAVVGQATQIAKKDEL,-6.7,14,27,-2.0,-1.5,-6.4,70.0,6.0,12.0,FALSE,FAM_072,GPAVAVV,7,12,19,KKLFKKILKYLAGPAVAVVGQATQIAKKDEL,AMP_012102
P0186,RWKIFKKIEKVGQNIRDGIVKAGPAVAVVGQAATI,-3.9,3,10,-2.1,-0.6,-5.9,72.0,5.0,9.5,FALSE,FAM_072,GPAVAVV,7,22,29,RWKIFKKIEKVGQNIRDGIVKAGPAVAVVGQAATI,AMP_021101
P0186,RWKIFKKIEKVGQNIRDGIVKAGPAVAVVGQAATI,-3.9,24,34,-0.6,-0.3,-5.4,74.0,4.2,9.5,FALSE,FAM_072,GPAVAVV,7,22,29,RWKIFKKIEKVGQNIRDGIVKAGPAVAVVGQAATI,AMP_021101
P0187,WKPFKKIEKAVRRVRDGVAKAGPAVAVVGQAT,-4.1,3,16,-1.9,-0.4,-6.6,82.0,3.1,11.0,FALSE,FAM_072,GPAVAVV,7,21,28,WKPFKKIEKAVRRVRDGVAKAGPAVAVVGQAT,AMP_024513
P0187,WKPFKKIEKAVRRVRDGVAKAGPAVAVVGQAT,-4.1,23,30,0.5,0.8,-4.4,76.0,3.8,11.0,FALSE,FAM_072,GPAVAVV,7,21,28,WKPFKKIEKAVRRVRDGVAKAGPAVAVVGQAT,AMP_024513
P0188,ASNYWILEYLWKVPFDFW,-10.3,6,13,-6.3,-3.7,-8.3,70.0,7.8,8.0,FALSE,FAM_134,NYWILEY,7,2,9,ASNYWILEYLWKVPFDFW,AMP_001144
P0189,EFWRWTEQLASNYWILEY,-6.1,2,12,-2.5,2.0,-6.4,88.0,4.3,7.0,FALSE,FAM_134,NYWILEY,7,11,18,EFWRWTEQLASNYWILEY,AMP_003076
P0189,EFWRWTEQLASNYWILEY,-6.1,15,17,-1.1,-0.4,-3.6,73.0,0.1,7.0,FALSE,FAM_134,NYWILEY,7,11,18,EFWRWTEQLASNYWILEY,AMP_003076
P0190,EQLASNYWILEYLWKVPF,-8.3,2,6,1.2,1.7,-2.0,84.0,0.0,6.5,TRUE,FAM_134,NYWILEY,7,5,12,EQLASNYWILEYLWKVPF,AMP_003327
P0190,EQLASNYWILEYLWKVPF,-8.3,9,16,-6.3,-3.7,-8.3,70.0,7.8,6.5,FALSE,FAM_134,NYWILEY,7,5,12,EQLASNYWILEYLWKVPF,AMP_003327
P0191,FWRWTEQLASNYWILEYL,-7.1,4,11,-1.0,0.9,-3.6,82.0,2.0,6.0,FALSE,FAM_134,NYWILEY,7,10,17,FWRWTEQLASNYWILEYL,AMP_005385
P0191,FWRWTEQLASNYWILEYL,-7.1,14,17,-1.8,-0.8,-5.4,67.0,4.3,6.0,FALSE,FAM_134,NYWILEY,7,10,17,FWRWTEQLASNYWILEYL,AMP_005385
P0192,LASNYWILEYLWKVPFDF,-9.4,2,4,0.1,0.1,-2.8,57.0,0.9,5.5,TRUE,FAM_134,NYWILEY,7,3,10,LASNYWILEYLWKVPFDF,AMP_013760
P0192,LASNYWILEYLWKVPFDF,-9.4,7,14,-6.3,-3.7,-8.3,70.0,7.8,5.5,FALSE,FAM_134,NYWILEY,7,3,10,LASNYWILEYLWKVPFDF,AMP_013760
P0193,NYWILEYLWKVPFDFWRG,-8.9,4,11,-6.3,-3.7,-8.3,70.0,7.8,6.0,FALSE,FAM_134,NYWILEY,7,0,7,NYWILEYLWKVPFDFWRG,AMP_018041
P0193,NYWILEYLWKVPFDFWRG,-8.9,14,17,-2.5,0.0,-5.2,71.0,1.6,6.0,TRUE,FAM_134,NYWILEY,7,0,7,NYWILEYLWKVPFDFWRG,AMP_018041
P0194,QLASNYWILEYLWKVPFD,-8.3,2,5,0.7,1.2,-2.9,85.0,2.5,6.0,TRUE,FAM_134,NYWILEY,7,4,11,QLASNYWILEYLWKVPFD,AMP_018742
P0194,QLASNYWILEYLWKVPFD,-8.3,8,15,-6.3,-3.7,-8.3,70.0,7.8,6.0,FALSE,FAM_134,NYWILEY,7,4,11,QLASNYWILEYLWKVPFD,AMP_018742
P0195,RWTEQLASNYWILEYLWK,-6.8,2,9,-0.8,1.1,-3.4,88.0,2.9,7.0,FALSE,FAM_134,NYWILEY,7,8,15,RWTEQLASNYWILEYLWK,AMP_021288
P0195,RWTEQLASNYWILEYLWK,-6.8,12,17,-3.7,-1.1,-7.0,71.0,6.3,7.0,FALSE,FAM_134,NYWILEY,7,8,15,RWTEQLASNYWILEYLWK,AMP_021288
P0196,SNYWILEYLWKVPFDFWR,-10.3,5,12,-6.3,-3.7,-8.3,70.0,7.8,5.5,FALSE,FAM_134,NYWILEY,7,1,8,SNYWILEYLWKVPFDFWR,AMP_021961
P0196,SNYWILEYLWKVPFDFWR,-10.3,15,17,-2.3,0.3,-5.2,70.0,2.4,5.5,TRUE,FAM_134,NYWILEY,7,1,8,SNYWILEYLWKVPFDFWR,AMP_021961
P0197,TEQLASNYWILEYLWKVP,-7.1,2,7,0.2,0.7,-2.6,43.0,1.6,7.0,FALSE,FAM_134,NYWILEY,7,6,13,TEQLASNYWILEYLWKVP,AMP_022441
P0197,TEQLASNYWILEYLWKVP,-7.1,10,17,-6.3,-3.7,-8.3,70.0,7.8,7.0,FALSE,FAM_134,NYWILEY,7,6,13,TEQLASNYWILEYLWKVP,AMP_022441
P0198,LNPLIKAGIFILKHRRPIGRGIEITGRGIKKFFSK,-6.4,3,15,-2.0,0.5,-5.6,80.0,0.9,12.5,FALSE,FAM_141,RRPIGRGJ,8,14,22,LNPLIKAGIFILKHRRPIGRGIEITGRGIKKFFSK,AMP_014553
P0198,LNPLIKAGIFILKHRRPIGRGIEITGRGIKKFFSK,-6.4,21,32,-1.5,0.2,-7.0,84.0,2.1,12.5,FALSE,FAM_141,RRPIGRGJ,8,14,22,LNPLIKAGIFILKHRRPIGRGIEITGRGIKKFFSK,AMP_014553
P0199,HFLLTLKNLAKKIL,-6.1,2,13,-5.5,-2.6,-8.6,79.0,7.1,12.0,FALSE,FAM_079,HFLLTL,6,0,6,HFLLTLKNLAKKIL,AMP_009681
P0200,ATLHLVLRLRGG,-2.5,4,10,-2.5,-1.0,-5.8,77.0,5.1,7.0,FALSE,FAM_153,TLHLVLRL,8,1,9,ATLHLVLRLRGG,AMP_001324
P0201,APKEWMEWDREINNYTSLIHSLIKQGI,-5.8,7,15,-1.6,0.3,-4.0,85.0,1.6,9.0,FALSE,FAM_042,EINNYT,6,10,16,APKEWMEWDREINNYTSLIHSLIKQGI,AMP_000943
P0201,APKEWMEWDREINNYTSLIHSLIKQGI,-5.8,17,25,-2.1,-0.7,-5.3,71.0,2.0,9.0,FALSE,FAM_042,EINNYT,6,10,16,APKEWMEWDREINNYTSLIHSLIKQGI,AMP_000943
P0202,WMEWDREINNYTSLIGSLIEESQNQQEKNEQELLE,-5.7,3,10,-0.9,0.7,-3.3,75.0,4.9,11.5,FALSE,FAM_042,EINNYT,6,6,12,WMEWDREINNYTSLIGSLIEESQNQQEKNEQELLE,AMP_024620
P0202,WMEWDREINNYTSLIGSLIEESQNQQEKNEQELLE,-5.7,13,27,0.5,1.8,-5.3,68.0,3.7,11.5,FALSE,FAM_042,EINNYT,6,6,12,WMEWDREINNYTSLIGSLIEESQNQQEKNEQELLE,AMP_024620
P0209,GGGCGLRRLGCKIAHGVKKYGPTVLRIIRIAG,-3.6,5,8,0.1,0.6,-3.2,84.0,1.4,5.3,TRUE,FAM_070,GLRRLG,6,4,10,GGGCGLRRLGCKIAHGVKKYGPTVLRIIRIAG,AMP_006528
P0209,GGGCGLRRLGCKIAHGVKKYGPTVLRIIRIAG,-3.6,14,16,0.8,0.8,-2.7,89.0,0.3,5.3,TRUE,FAM_070,GLRRLG,6,4,10,GGGCGLRRLGCKIAHGVKKYGPTVLRIIRIAG,AMP_006528
P0209,GGGCGLRRLGCKIAHGVKKYGPTVLRIIRIAG,-3.6,23,31,-1.9,-0.8,-5.6,78.0,4.2,5.3,FALSE,FAM_070,GLRRLG,6,4,10,GGGCGLRRLGCKIAHGVKKYGPTVLRIIRIAG,AMP_006528
P0210,GGLRRLGRKILRAVKKYG,-2.1,2,16,-1.0,0.7,-5.2,87.0,4.0,15.0,FALSE,FAM_070,GLRRLG,6,1,7,GGLRRLGRKILRAVKKYG,AMP_006588
P0211,KRIGLIRLIGKILRGLRRLG,-6.4,4,19,-6.4,-3.4,-9.9,81.0,5.6,16.0,FALSE,FAM_070,GLRRLG,6,14,20,KRIGLIRLIGKILRGLRRLG,AMP_012806
P0212,EFVAPFPEVFGK,-3.7,5,9,-0.6,0.6,-5.7,76.0,5.0,5.0,TRUE,FAM_154,VAPFPEV,7,2,9,EFVAPFPEVFGK,AMP_003073
P0213,ENLLRFFVAPFPEVFG,-7.0,3,6,-3.3,-1.2,-6.2,71.0,5.0,4.5,FALSE,FAM_154,VAPFPEV,7,7,14,ENLLRFFVAPFPEVFG,AMP_003279
P0213,ENLLRFFVAPFPEVFG,-7.0,10,14,-0.6,0.6,-5.7,76.0,5.0,4.5,TRUE,FAM_154,VAPFPEV,7,7,14,ENLLRFFVAPFPEVFG,AMP_003279
P0214,FVAPFPEVFG,-3.7,4,8,-0.6,0.6,-5.7,76.0,5.0,5.0,TRUE,FAM_154,VAPFPEV,7,1,8,FVAPFPEVFG,AMP_005232
P0215,LNENLLRFFVAPFPEVFG,-7.5,4,8,-1.3,0.8,-5.0,69.0,3.1,5.0,TRUE,FAM_154,VAPFPEV,7,9,16,LNENLLRFFVAPFPEVFG,AMP_014521
P0215,LNENLLRFFVAPFPEVFG,-7.5,12,16,-0.6,0.6,-5.7,76.0,5.0,5.0,TRUE,FAM_154,VAPFPEV,7,9,16,LNENLLRFFVAPFPEVFG,AMP_014521
P0216,NENLLRFFVAPFPEVFG,-7.0,3,7,-1.3,0.8,-5.0,69.0,3.1,5.0,TRUE,FAM_154,VAPFPEV,7,8,15,NENLLRFFVAPFPEVFG,AMP_017651
P0216,NENLLRFFVAPFPEVFG,-7.0,11,15,-0.6,0.6,-5.7,76.0,5.0,5.0,TRUE,FAM_154,VAPFPEV,7,8,15,NENLLRFFVAPFPEVFG,AMP_017651
P0218,LIIFRILISH,-4.2,2,9,-4.2,-2.2,-7.4,73.0,5.8,8.0,FALSE,FAM_116,LIIFRILIS,9,0,9,LIIFRILISH,AMP_014061
P0219,AKRHHGYHRKFH,-1.5,7,10,0.8,1.1,-2.5,62.0,3.0,4.0,TRUE,FAM_008,AKRHHGY,7,0,7,AKRHHGYHRKFH,AMP_000623
P0220,DSAAKRHHGYKR,-0.6,3,7,-0.1,-0.1,-3.0,83.0,2.2,5.0,FALSE,FAM_008,AKRHHGY,7,3,10,DSAAKRHHGYKR,AMP_002765
P0221,WDSHAKRHHGYKRKFHEKHHSHRGY,-3.2,3,8,2.0,2.0,-1.4,72.0,0.0,4.7,FALSE,FAM_008,AKRHHGY,7,4,11,WDSHAKRHHGYKRKFHEKHHSHRGY,AMP_024266
P0221,WDSHAKRHHGYKRKFHEKHHSHRGY,-3.2,11,14,0.9,1.2,-2.0,57.0,2.6,4.7,TRUE,FAM_008,AKRHHGY,7,4,11,WDSHAKRHHGYKRKFHEKHHSHRGY,AMP_024266
P0221,WDSHAKRHHGYKRKFHEKHHSHRGY,-3.2,16,19,1.6,1.6,-2.4,51.0,2.8,4.7,TRUE,FAM_008,AKRHHGY,7,4,11,WDSHAKRHHGYKRKFHEKHHSHRGY,AMP_024266
P0222,RSELIVHQR,-0.8,4,8,-0.0,0.7,-3.9,68.0,5.2,5.0,TRUE,FAM_047,ELIVHQR,7,2,9,RSELIVHQR,AMP_020823
P0223,SRSELIVHQR,-0.8,2,4,1.0,1.0,-1.5,81.0,0.0,3.5,TRUE,FAM_047,ELIVHQR,7,3,10,SRSELIVHQR,AMP_022062
P0223,SRSELIVHQR,-0.8,6,9,-0.6,-0.3,-4.2,68.0,1.2,3.5,FALSE,FAM_047,ELIVHQR,7,3,10,SRSELIVHQR,AMP_022062
P0224,LKNVGKEVGMDVVRTGIDIAGCKIKGEC,-1.5,11,24,1.6,2.4,-3.7,73.0,2.8,14.0,FALSE,FAM_048,EVGMDVVRT,9,6,15,LKNVGKEVGMDVVRTGIDIAGCKIKGEC,AMP_014248
P0225,NVGKEVGMDVVRTGIDIAGCKIKGEC,-1.0,9,22,1.6,2.4,-3.7,73.0,2.8,14.0,FALSE,FAM_048,EVGMDVVRT,9,4,13,NVGKEVGMDVVRTGIDIAGCKIKGEC,AMP_017984
P0226,GLVTSLIKGAGKLLGGLFGSVTGGQS,-4.0,2,21,-2.3,1.7,-9.5,88.0,4.3,20.0,FALSE,FAM_074,GSVTGG,6,18,24,GLVTSLIKGAGKLLGGLFGSVTGGQS,AMP_008479
P0227,GERVWDRGNVTLLCDCPNGP,-2.6,4,6,-0.8,0.7,-3.9,55.0,0.4,3.5,TRUE,FAM_071,GNVTLL,6,7,13,GERVWDRGNVTLLCDCPNGP,AMP_005611
P0227,GERVWDRGNVTLLCDCPNGP,-2.6,12,15,-0.4,0.6,-4.0,57.0,3.9,3.5,TRUE,FAM_071,GNVTLL,6,7,13,GERVWDRGNVTLLCDCPNGP,AMP_005611
P0228,GSRIPTGERVWDRGNVTLLC,-2.8,6,12,1.6,3.1,-3.4,89.0,1.7,5.0,FALSE,FAM_071,GNVTLL,6,13,19,GSRIPTGERVWDRGNVTLLC,AMP_009091
P0228,GSRIPTGERVWDRGNVTLLC,-2.8,17,19,-0.5,0.5,-3.7,85.0,1.7,5.0,TRUE,FAM_071,GNVTLL,6,13,19,GSRIPTGERVWDRGNVTLLC,AMP_009091
P0229,PTGERVWDRGNVTLLCDCPN,-2.6,4,8,1.8,3.3,-1.5,51.0,0.4,4.5,TRUE,FAM_071,GNVTLL,6,9,15,PTGERVWDRGNVTLLCDCPN,AMP_018422
P0229,PTGERVWDRGNVTLLCDCPN,-2.6,14,17,-0.4,0.6,-4.0,57.0,3.9,4.5,TRUE,FAM_071,GNVTLL,6,9,15,PTGERVWDRGNVTLLCDCPN,AMP_018422
P0230,RGNVTLLCDCPNGPWVWVPA,-4.1,6,9,-0.4,0.6,-4.0,57.0,3.9,3.5,TRUE,FAM_071,GNVTLL,6,1,7,RGNVTLLCDCPNGPWVWVPA,AMP_019378
P0230,RGNVTLLCDCPNGPWVWVPA,-4.1,14,16,-0.7,0.8,-3.5,72.0,1.5,3.5,TRUE,FAM_071,GNVTLL,6,1,7,RGNVTLLCDCPNGPWVWVPA,AMP_019378
P0231,RIPTGERVWDRGNVTLLCDC,-2.8,3,10,1.3,2.8,-4.5,84.0,2.2,6.0,FALSE,FAM_071,GNVTLL,6,11,17,RIPTGERVWDRGNVTLLCDC,AMP_019525
P0231,RIPTGERVWDRGNVTLLCDC,-2.8,16,19,-0.4,0.6,-4.0,57.0,3.9,6.0,TRUE,FAM_071,GNVTLL,6,11,17,RIPTGERVWDRGNVTLLCDC,AMP_019525
P0232,RVWDRGNVTLLCDCPNGPWV,-4.1,2,4,-0.7,0.8,-3.8,50.0,1.0,3.5,TRUE,FAM_071,GNVTLL,6,5,11,RVWDRGNVTLLCDCPNGPWV,AMP_021034
P0232,RVWDRGNVTLLCDCPNGPWV,-4.1,10,13,-0.4,0.6,-4.0,57.0,3.9,3.5,TRUE,FAM_071,GNVTLL,6,5,11,RVWDRGNVTLLCDCPNGPWV,AMP_021034
P0233,TGEKVWDRGNVTLLCDCP,-2.6,5,7,-0.5,1.0,-3.6,58.0,1.6,3.5,TRUE,FAM_071,GNVTLL,6,8,14,TGEKVWDRGNVTLLCDCP,AMP_022477
P0233,TGEKVWDRGNVTLLCDCP,-2.6,13,16,-0.4,0.6,-4.0,57.0,3.9,3.5,TRUE,FAM_071,GNVTLL,6,8,14,TGEKVWDRGNVTLLCDCP,AMP_022477
P0234,WDRGNVTLLCDCPNGPWVWV,-5.5,8,11,-0.4,0.6,-4.0,57.0,3.9,3.5,TRUE,FAM_071,GNVTLL,6,3,9,WDRGNVTLLCDCPNGPWVWV,AMP_024263
P0234,WDRGNVTLLCDCPNGPWVWV,-5.5,16,18,-0.7,0.8,-3.5,72.0,1.5,3.5,TRUE,FAM_071,GNVTLL,6,3,9,WDRGNVTLLCDCPNGPWVWV,AMP_024263
