Family_ID;n_rows;n_unique_motifs;n_pipelines;mean_ER;median_ER;min_FDR;max_AMP_hits;min_nonAMP_hits;n_infinite_ER;mean_Total_hits;max_Total_hits;mean_AMP_hit_frequency_pct;max_AMP_hit_frequency_pct;median_AMP_hit_frequency_pct;Representative_motif;Representative_class;Representative_clustering;Representative_tool;Representative_ER;Representative_FDR;Representative_AMP_hits;Representative_nonAMP_hits;Representative_Total_hits;Representative_AMP_hit_freq_pct;Representative_ER_is_infinite;Family_members;Classes_present;Pipelines_present
FAM_056;15;15;4;1194.6510534262793;285.31045751633985;0.0;1196;0;7;1018.8;1960;10.352666666666666;14.53;10.13;FLPILKGLLKGL;Other;mmseq;streme;inf;0.0;1119;0;1351;13.26;True;"FLGAJLKLAAKVLPKIICKI;FLPIIGKLLSK;FLPILKGLLKGL;FLPLLAGL;FLPLLAGLAAKLLP;FLYLLJJFLSLFL;FVYVLIJFLSLFLVVTNGSA;GJLSGJLGAGKNJVC;IJFLSLFLVV;JLDAJKNLAK;LGKLJKKAAK;LGLLGKLL;LILLLLLFLVLILLS;LLDTIKNVGKNVAGGL;LLKAAGKVLAKIJGG";"Cationic-rich;Hydrophobic/signal-like;Other";"cdhit_meme;cdhit_streme;mmseq_meme;mmseq_streme"
FAM_110;3;3;3;218.53333333333333;218.53333333333333;0.0;597;0;1;340.6666666666667;734;3.66;7.07;2.44;KVVAATYVLV;Hydrophobic/signal-like;mmseq;streme;inf;0.0;597;0;734;7.07;True;"KVVAATY;KVVAATYVLV;VVAATY";Hydrophobic/signal-like;"cdhit_streme;mmseq_meme;mmseq_streme"
FAM_136;3;3;3;75.19122852456186;43.78787878787879;3.5340315292882715e-232;289;11;0;839.0;1185;3.2466666666666666;3.42;3.28;PPGFPPPP;Other;mmseq;streme;43.78787878787879;3.5340315292882715e-232;289;66;589;3.42;False;"PPGFPPPP;PPPPPPPPPRPPPPP;PPPRPPPPPPPRPPP";Other;"cdhit_meme;mmseq_meme;mmseq_streme"
FAM_077;3;3;2;59.39929078014185;5.797872340425532;4.261077157980302e-112;184;7;0;526.3333333333334;673;1.8099999999999998;2.21;1.82;GYGGYGGGPYGGGGGPGGGG;Gly-rich;mmseq;meme;167.14285714285714;4.261077157980302e-112;117;7;394;1.4;False;"GYGGGGAGGSG;GYGGGGGGGGGGGGGGG;GYGGYGGGPYGGGGGPGGGG";Gly-rich;"cdhit_meme;mmseq_meme"
FAM_024;2;2;2;5617.5;5617.5;0.0;1371;1;0;1290.0;1615;16.845;22.95;16.845;CKTDADC;Cys-rich;mmseq;meme;8950.0;0.0;895;1;965;10.74;False;"CKTDADC;CXTDEDCPKVC";Cys-rich;"cdhit_meme;mmseq_meme"
FAM_104;2;2;2;1425.8823529411766;1425.8823529411766;0.0;1890;9;0;2613.0;3183;22.67;22.95;22.67;KKLLKKLC;Cationic-rich;mmseq;streme;2100.0000000000005;0.0;1890;9;3183;22.39;False;"KKLLKKLC;LKKLLKKLKK";Cationic-rich;"cdhit_streme;mmseq_streme"
FAM_101;2;2;2;373.89374090247446;373.89374090247446;0.0;560;3;0;1021.5;1402;5.175;6.72;5.175;KKKRRR;Cationic-rich;mmseq;meme;24.45414847161572;0.0;560;229;1402;6.72;False;"KKKRRR;KKRKRRR";Cationic-rich;"cdhit_meme;mmseq_meme"
FAM_161;2;2;2;366.9857458835094;366.9857458835094;0.0;927;13;0;973.5;1134;11.04;11.13;11.04;WKKJKKLAKK;Cationic-rich;mmseq;meme;713.076923076923;0.0;927;13;1134;11.13;False;"WKKJKKLAKK;WKKJYKLAKK";Cationic-rich;"cdhit_meme;mmseq_meme"
FAM_090;2;2;2;299.21104536489156;299.21104536489156;0.0;356;6;0;331.0;396;3.66;4.22;3.66;RIRVAVIRA;Hydrophobic/signal-like;mmseq;streme;593.3333333333334;0.0;356;6;396;4.22;False;"IRVAVIR;RIRVAVIRA";Hydrophobic/signal-like;"mmseq_meme;mmseq_streme"
FAM_106;2;2;2;80.61565475788478;80.61565475788478;0.0;1064;67;0;826.5;1335;8.629999999999999;12.77;8.629999999999999;KLLKKLLKLL;Cationic-rich;mmseq;meme;158.80597014925374;0.0;1064;67;1335;12.77;False;"KLLKKLLK;KLLKKLLKLL";Cationic-rich;"cdhit_meme;mmseq_meme"
FAM_019;2;2;2;54.68531468531469;54.68531468531469;0.0;782;0;1;478.0;833;7.285;13.09;7.285;CGEHCVKI;Cys-rich;cdhit;meme;54.68531468531469;0.0;782;143;833;13.09;False;"CGEHCVKI;CGETCVLI";Cys-rich;"cdhit_meme;mmseq_meme"
FAM_052;2;2;2;41.54471544715447;41.54471544715447;0.0;654;0;1;777.0;877;8.2;8.55;8.2;FFKKIKKKIKKIGK;Cationic-rich;mmseq;meme;inf;0.0;654;0;877;7.85;True;"FFKKIKKKIKKIGK;KKJKDFLKK";Cationic-rich;"cdhit_meme;mmseq_meme"
FAM_088;2;2;2;;;0.0;328;0;2;305.0;330;5.265;5.89;5.265;ILKFVYA;Hydrophobic/signal-like;cdhit;streme;inf;0.0;328;0;330;5.89;True;"ILKFVYA;MVVILKYVYV";Hydrophobic/signal-like;"cdhit_meme;cdhit_streme"
FAM_164;2;2;2;40.8864118895966;40.8864118895966;1.2038773682578594e-266;368;54;0;367.0;392;4.07;4.36;4.07;WQRNJRKV;Cationic-rich;mmseq;meme;58.33333333333333;1.2038773682578594e-266;315;54;342;3.78;False;"WQRNIRKV;WQRNJRKV";Cationic-rich;"mmseq_meme;mmseq_streme"
FAM_001;2;2;2;243.84119677790565;243.84119677790565;3.822054737265531e-244;320;5;0;601.5;687;3.945;4.05;3.945;AAAAAVAGAAAG;Hydrophobic/signal-like;cdhit;meme;484.0;3.822054737265531e-244;242;5;516;4.05;False;"AAAAAAKAAAKAAAA;AAAAAVAGAAAG";Hydrophobic/signal-like;"cdhit_meme;mmseq_meme"
FAM_098;2;2;2;27.534246575342465;27.534246575342465;1.5741385851457022e-145;201;0;1;145.0;240;1.54;2.38;1.54;KKIEEYTK;Cationic-rich;mmseq;streme;27.534246575342465;1.5741385851457022e-145;201;73;240;2.38;False;"KIEEYT;KKIEEYTK";"Cationic-rich;Other";"cdhit_streme;mmseq_streme"
FAM_054;2;2;2;64.44444444444444;64.44444444444444;2.533988102885717e-140;134;0;1;138.5;142;1.8900000000000001;2.41;1.8900000000000001;FIKHFIHR;Other;cdhit;streme;inf;2.533988102885717e-140;134;0;142;2.41;True;"FIKHFIHR;KHFIHRF";Other;"cdhit_streme;mmseq_streme"
FAM_123;2;2;2;6.296296296296296;6.296296296296296;1.8747044812194163e-69;66;0;1;41.5;66;0.695;1.19;0.695;LQLTVWG;Other;cdhit;streme;inf;1.8747044812194163e-69;66;0;66;1.19;True;"LQLTVWG;QQHLLQLTVWGIKQLQA";Other;"cdhit_streme;mmseq_streme"
FAM_165;2;2;1;60.17634295974862;60.17634295974862;0.0;1527;205;0;3859.0;4053;18.21;18.33;18.21;WRWWRRW;Cationic-rich;mmseq;meme;73.51219512195122;0.0;1507;205;3665;18.09;False;"WRWWRRW;WRWWWR";"Cationic-rich;Hydrophobic/signal-like";mmseq_meme
FAM_076;2;2;1;118.53965183752418;118.53965183752418;1.82999725710309e-249;450;11;0;369.0;477;4.235;5.4;4.235;RKKCKKNE;Cationic-rich;mmseq;meme;232.72727272727272;1.82999725710309e-249;256;11;261;3.07;False;"GYCRKKCKKGE;RKKCKKNE";Cationic-rich;mmseq_meme
FAM_028;1;1;1;1286.6666666666667;1286.6666666666667;0.0;386;3;0;447.0;447;6.46;6.46;6.46;CSWPVC;Cys-rich;cdhit;meme;1286.6666666666667;0.0;386;3;447;6.46;False;CSWPVC;Cys-rich;cdhit_meme
FAM_022;1;1;1;908.8888888888888;908.8888888888888;0.0;818;9;0;884.0;884;14.69;14.69;14.69;CIYGTCR;Cys-rich;cdhit;streme;908.8888888888888;0.0;818;9;884;14.69;False;CIYGTCR;Cys-rich;cdhit_streme
FAM_027;1;1;1;645.625;645.625;0.0;1033;16;0;1575.0;1575;17.29;17.29;17.29;CRRRGGYCRFXPCPFCPF;Other;cdhit;meme;645.625;0.0;1033;16;1575;17.29;False;CRRRGGYCRFXPCPFCPF;Other;cdhit_meme
FAM_162;1;1;1;325.7142857142857;325.7142857142857;0.0;684;21;0;1265.0;1265;11.45;11.45;11.45;WKKWKKKW;Cationic-rich;cdhit;meme;325.7142857142857;0.0;684;21;1265;11.45;False;WKKWKKKW;Cationic-rich;cdhit_meme
FAM_031;1;1;1;175.0;175.0;0.0;525;30;0;539.0;539;6.22;6.22;6.22;DSDCPK;Other;mmseq;streme;175.0;0.0;525;30;539;6.22;False;DSDCPK;Other;mmseq_streme
FAM_029;1;1;1;167.6923076923077;167.6923076923077;0.0;1090;65;0;1322.0;1322;18.25;18.25;18.25;CWKGKGKC;Cys-rich;cdhit;meme;167.6923076923077;0.0;1090;65;1322;18.25;False;CWKGKGKC;Cys-rich;cdhit_meme
FAM_103;1;1;1;155.3846153846154;155.3846153846154;0.0;606;39;0;898.0;898;7.27;7.27;7.27;KKLFKKKK;Cationic-rich;mmseq;meme;155.3846153846154;0.0;606;39;898;7.27;False;KKLFKKKK;Cationic-rich;mmseq_meme
FAM_142;1;1;1;132.4242424242424;132.4242424242424;0.0;1311;99;0;3091.0;3091;15.53;15.53;15.53;RRRRRR;Cationic-rich;mmseq;streme;132.4242424242424;0.0;1311;99;3091;15.53;False;RRRRRR;Cationic-rich;mmseq_streme
FAM_169;1;1;1;127.77777777777776;127.77777777777776;0.0;460;36;0;490.0;490;7.7;7.7;7.7;YGNGVYCNKKKC;Other;cdhit;meme;127.77777777777776;0.0;460;36;490;7.7;False;YGNGVYCNKKKC;Other;cdhit_meme
FAM_105;1;1;1;125.22727272727272;125.22727272727272;0.0;551;44;0;791.0;791;9.22;9.22;9.22;KKVGKKVAKAVAK;Cationic-rich;cdhit;meme;125.22727272727272;0.0;551;44;791;9.22;False;KKVGKKVAKAVAK;Cationic-rich;cdhit_meme
FAM_057;1;1;1;121.66666666666669;121.66666666666669;0.0;365;30;0;390.0;390;4.32;4.32;4.32;FLPLLL;Hydrophobic/signal-like;mmseq;streme;121.66666666666669;0.0;365;30;390;4.32;False;FLPLLL;Hydrophobic/signal-like;mmseq_streme
FAM_120;1;1;1;108.14285714285714;108.14285714285714;0.0;757;70;0;1198.0;1198;8.97;8.97;8.97;LKLKLK;Cationic-rich;mmseq;streme;108.14285714285714;0.0;757;70;1198;8.97;False;LKLKLK;Cationic-rich;mmseq_streme
FAM_140;1;1;1;94.66666666666666;94.66666666666666;0.0;426;45;0;515.0;515;5.11;5.11;5.11;RKKWFW;Cationic-rich;mmseq;meme;94.66666666666666;0.0;426;45;515;5.11;False;RKKWFW;Cationic-rich;mmseq_meme
FAM_144;1;1;1;52.14814814814815;52.14814814814815;0.0;704;135;0;935.0;935;8.34;8.34;8.34;RRWWCL;Other;mmseq;streme;52.14814814814815;0.0;704;135;935;8.34;False;RRWWCL;Other;mmseq_streme
FAM_121;1;1;1;49.14529914529914;49.14529914529914;0.0;575;117;0;902.0;902;6.9;6.9;6.9;LKLLLKL;Hydrophobic/signal-like;mmseq;meme;49.14529914529914;0.0;575;117;902;6.9;False;LKLLLKL;Hydrophobic/signal-like;mmseq_meme
FAM_068;1;1;1;41.76923076923077;41.76923076923077;0.0;543;130;0;613.0;613;9.75;9.75;9.75;GIJKKI;Other;cdhit;streme;41.76923076923077;0.0;543;130;613;9.75;False;GIJKKI;Other;cdhit_streme
FAM_016;1;1;1;17.632850241545892;17.632850241545892;0.0;1095;621;0;1366.0;1366;13.14;13.14;13.14;CCSRYGRC;Cys-rich;mmseq;meme;17.632850241545892;0.0;1095;621;1366;13.14;False;CCSRYGRC;Cys-rich;mmseq_meme
FAM_143;1;1;1;16.824146981627297;16.824146981627297;0.0;641;381;0;1601.0;1601;11.51;11.51;11.51;RRRRWRR;Cationic-rich;cdhit;streme;16.824146981627297;0.0;641;381;1601;11.51;False;RRRRWRR;Cationic-rich;cdhit_streme
FAM_017;1;1;1;;;0.0;944;0;1;1059.0;1059;16.95;16.95;16.95;CDADCP;Cys-rich;cdhit;streme;inf;0.0;944;0;1059;16.95;True;CDADCP;Cys-rich;cdhit_streme
FAM_018;1;1;1;;;0.0;1001;0;1;1393.0;1393;12.02;12.02;12.02;CGAXCLSGGYSGGGC;Gly-rich;mmseq;meme;inf;0.0;1001;0;1393;12.02;True;CGAXCLSGGYSGGGC;Gly-rich;mmseq_meme
FAM_020;1;1;1;;;0.0;609;0;1;725.0;725;7.22;7.22;7.22;CGGSCVT;Cys-rich;mmseq;streme;inf;0.0;609;0;725;7.22;True;CGGSCVT;Cys-rich;mmseq_streme
FAM_021;1;1;1;;;0.0;1408;0;1;1896.0;1896;16.9;16.9;16.9;CINGKCRC;Cys-rich;mmseq;meme;inf;0.0;1408;0;1896;16.9;True;CINGKCRC;Cys-rich;mmseq_meme
FAM_023;1;1;1;;;0.0;471;0;1;479.0;479;7.88;7.88;7.88;CKJTKTC;Cys-rich;cdhit;meme;inf;0.0;471;0;479;7.88;True;CKJTKTC;Cys-rich;cdhit_meme
FAM_055;1;1;1;;;0.0;536;0;1;643.0;643;6.43;6.43;6.43;FLFHLFLALF;Hydrophobic/signal-like;mmseq;meme;inf;0.0;536;0;643;6.43;True;FLFHLFLALF;Hydrophobic/signal-like;mmseq_meme
FAM_058;1;1;1;;;0.0;310;0;1;319.0;319;5.19;5.19;5.19;FSGGSC;Gly-rich;cdhit;meme;inf;0.0;310;0;319;5.19;True;FSGGSC;Gly-rich;cdhit_meme
FAM_082;1;1;1;;;0.0;493;0;1;844.0;844;5.92;5.92;5.92;IGKLIKGAAGGAGALVG;Gly-rich;mmseq;meme;inf;0.0;493;0;844;5.92;True;IGKLIKGAAGGAGALVG;Gly-rich;mmseq_meme
FAM_087;1;1;1;;;0.0;588;0;1;661.0;661;9.84;9.84;9.84;ILGAIWEGIKSLF;Hydrophobic/signal-like;cdhit;meme;inf;0.0;588;0;661;9.84;True;ILGAIWEGIKSLF;Hydrophobic/signal-like;cdhit_meme
FAM_095;1;1;1;;;0.0;1216;0;1;1443.0;1443;20.35;20.35;20.35;KCINGVCC;Cys-rich;cdhit;meme;inf;0.0;1216;0;1443;20.35;True;KCINGVCC;Cys-rich;cdhit_meme
FAM_100;1;1;1;;;0.0;574;0;1;620.0;620;9.61;9.61;9.61;KKCCRK;Cys-rich;cdhit;meme;inf;0.0;574;0;620;9.61;True;KKCCRK;Cys-rich;cdhit_meme
FAM_108;1;1;1;;;0.0;598;0;1;643.0;643;10.74;10.74;10.74;KSCCPSTTC;Cys-rich;cdhit;streme;inf;0.0;598;0;643;10.74;True;KSCCPSTTC;Cys-rich;cdhit_streme
FAM_117;1;1;1;;;0.0;370;0;1;438.0;438;6.65;6.65;6.65;LKKAVK;Cationic-rich;cdhit;streme;inf;0.0;370;0;438;6.65;True;LKKAVK;Cationic-rich;cdhit_streme
FAM_119;1;1;1;;;0.0;374;0;1;427.0;427;4.49;4.49;4.49;LKKRLKKWKK;Cationic-rich;mmseq;meme;inf;0.0;374;0;427;4.49;True;LKKRLKKWKK;Cationic-rich;mmseq_meme
FAM_060;1;1;1;610.0;610.0;1.31321634620098e-309;305;5;0;312.0;312;5.48;5.48;5.48;GCKIKGEC;Cys-rich;cdhit;streme;610.0;1.31321634620098e-309;305;5;312;5.48;False;GCKIKGEC;Cys-rich;cdhit_streme
FAM_063;1;1;1;;;1.0401827007793384e-298;285;0;1;297.0;297;5.12;5.12;5.12;GGGCPFN;Gly-rich;cdhit;streme;inf;1.0401827007793384e-298;285;0;297;5.12;True;GGGCPFN;Gly-rich;cdhit_streme
FAM_003;1;1;1;164.21052631578948;164.21052631578948;5.540578236261107e-297;312;19;0;320.0;320;3.75;3.75;3.75;AGKLLDKLKCKJTK;Cationic-rich;mmseq;meme;164.21052631578948;5.540578236261107e-297;312;19;320;3.75;False;AGKLLDKLKCKJTK;Cationic-rich;mmseq_meme
FAM_113;1;1;1;179.41176470588235;179.41176470588235;9.23105128135889e-292;305;17;0;311.0;311;3.61;3.61;3.61;LGALIK;Hydrophobic/signal-like;mmseq;streme;179.41176470588235;9.23105128135889e-292;305;17;311;3.61;False;LGALIK;Hydrophobic/signal-like;mmseq_streme
FAM_127;1;1;1;109.65517241379312;109.65517241379312;1.2324001781919688e-291;318;29;0;338.0;338;3.77;3.77;3.77;MDTLKKS;Other;mmseq;streme;109.65517241379312;1.2324001781919688e-291;318;29;338;3.77;False;MDTLKKS;Other;mmseq_streme
FAM_157;1;1;1;637.5;637.5;2.240383010381444e-259;255;4;0;260.0;260;4.27;4.27;4.27;VLSKLGBVIEEI;Other;cdhit;meme;637.5;2.240383010381444e-259;255;4;260;4.27;False;VLSKLGBVIEEI;Other;cdhit_meme
FAM_125;1;1;1;;;1.0517041033001656e-258;247;0;1;248.0;248;4.44;4.44;4.44;MAQISK;Other;cdhit;streme;inf;1.0517041033001656e-258;247;0;248;4.44;True;MAQISK;Other;cdhit_streme
FAM_102;1;1;1;8.32072617246596;8.32072617246596;2.018954924155533e-243;550;661;0;795.0;795;6.6;6.6;6.6;KKKVKVLKK;Cationic-rich;mmseq;meme;8.32072617246596;2.018954924155533e-243;550;661;795;6.6;False;KKKVKVLKK;Cationic-rich;mmseq_meme
FAM_118;1;1;1;19.945945945945947;19.945945945945947;1.856490535350739e-242;369;185;0;428.0;428;4.43;4.43;4.43;LKKJGKKIK;Cationic-rich;mmseq;meme;19.945945945945947;1.856490535350739e-242;369;185;428;4.43;False;LKKJGKKIK;Cationic-rich;mmseq_meme
FAM_130;1;1;1;401.6666666666667;401.6666666666667;1.1655488519876424e-240;241;6;0;262.0;262;2.86;2.86;2.86;NLKAJAA;Other;mmseq;streme;401.6666666666667;1.1655488519876424e-240;241;6;262;2.86;False;NLKAJAA;Other;mmseq_streme
FAM_043;1;1;1;;;1.7494840762348058e-233;223;0;1;246.0;246;4.01;4.01;4.01;EKIGQNIRDG;Other;cdhit;streme;inf;1.7494840762348058e-233;223;0;246;4.01;True;EKIGQNIRDG;Other;cdhit_streme
FAM_092;1;1;1;101.6;101.6;1.558960149707512e-231;254;25;0;299.0;299;3.05;3.05;3.05;IVKAVAKYGPKAVV;Hydrophobic/signal-like;mmseq;meme;101.6;1.558960149707512e-231;254;25;299;3.05;False;IVKAVAKYGPKAVV;Hydrophobic/signal-like;mmseq_meme
FAM_167;1;1;1;19.5;19.5;6.41734031329221e-229;351;180;0;410.0;410;4.21;4.21;4.21;XFCCGC;Cys-rich;mmseq;meme;19.5;6.41734031329221e-229;351;180;410;4.21;False;XFCCGC;Cys-rich;mmseq_meme
FAM_010;1;1;1;1045.0;1045.0;3.886517605030509e-214;209;2;0;219.0;219;2.48;2.48;2.48;ARNIYNVC;Other;mmseq;streme;1045.0;3.886517605030509e-214;209;2;219;2.48;False;ARNIYNVC;Other;mmseq_streme
FAM_037;1;1;1;171.53846153846155;171.53846153846155;1.0232095457573089e-212;223;13;0;360.0;360;2.64;2.64;2.64;EERBADEE;Other;mmseq;streme;171.53846153846155;1.0232095457573089e-212;223;13;360;2.64;False;EERBADEE;Other;mmseq_streme
FAM_158;1;1;1;;;2.1779190129873722e-210;201;0;1;208.0;208;3.61;3.61;3.61;VPSVIGAV;Hydrophobic/signal-like;cdhit;streme;inf;2.1779190129873722e-210;201;0;208;3.61;True;VPSVIGAV;Hydrophobic/signal-like;cdhit_streme
FAM_034;1;1;1;92.8;92.8;4.925286401800911e-209;232;25;0;251.0;251;2.75;2.75;2.75;DWVRWI;Hydrophobic/signal-like;mmseq;streme;92.8;4.925286401800911e-209;232;25;251;2.75;False;DWVRWI;Hydrophobic/signal-like;mmseq_streme
FAM_066;1;1;1;168.46153846153845;168.46153846153845;1.141097626613198e-208;219;13;0;220.0;220;2.59;2.59;2.59;GIASSJ;Other;mmseq;streme;168.46153846153845;1.141097626613198e-208;219;13;220;2.59;False;GIASSJ;Other;mmseq_streme
FAM_124;1;1;1;29.361702127659576;29.361702127659576;8.240406069138612e-203;276;94;0;278.0;278;3.27;3.27;3.27;MAEILK;Hydrophobic/signal-like;mmseq;streme;29.361702127659576;8.240406069138612e-203;276;94;278;3.27;False;MAEILK;Hydrophobic/signal-like;mmseq_streme
FAM_097;1;1;1;42.71186440677966;42.71186440677966;1.3222563052547785e-201;252;59;0;283.0;283;2.99;2.99;2.99;KEWIRR;Cationic-rich;mmseq;streme;42.71186440677966;1.3222563052547785e-201;252;59;283;2.99;False;KEWIRR;Cationic-rich;mmseq_streme
FAM_168;1;1;1;80.71428571428571;80.71428571428571;2.6538694222757945e-200;226;28;0;326.0;326;2.68;2.68;2.68;YGNGVY;Gly-rich;mmseq;streme;80.71428571428571;2.6538694222757945e-200;226;28;326;2.68;False;YGNGVY;Gly-rich;mmseq_streme
FAM_038;1;1;1;1920.0;1920.0;8.605169969302943e-199;192;1;0;313.0;313;2.3;2.3;2.3;EEVEELEEEELEE;Other;mmseq;meme;1920.0;8.605169969302943e-199;192;1;313;2.3;False;EEVEELEEEELEE;Other;mmseq_meme
FAM_044;1;1;1;;;1.6358712445887764e-191;183;0;1;192.0;192;3.29;3.29;3.29;EKLKEA;Other;cdhit;streme;inf;1.6358712445887764e-191;183;0;192;3.29;True;EKLKEA;Other;cdhit_streme
FAM_099;1;1;1;66.96969696969697;66.96969696969697;5.4928877218081216e-191;221;33;0;238.0;238;2.62;2.62;2.62;KIRVRL;Cationic-rich;mmseq;streme;66.96969696969697;5.4928877218081216e-191;221;33;238;2.62;False;KIRVRL;Cationic-rich;mmseq_streme
FAM_160;1;1;1;;;1.7265743616243826e-190;182;0;1;187.0;187;3.27;3.27;3.27;WBTFKEL;Other;cdhit;streme;inf;1.7265743616243826e-190;182;0;187;3.27;True;WBTFKEL;Other;cdhit_streme
FAM_166;1;1;1;16.0;16.0;2.7898892624021762e-185;304;190;0;663.0;663;5.09;5.09;5.09;WWWRWV;Hydrophobic/signal-like;cdhit;meme;16.0;2.7898892624021762e-185;304;190;663;5.09;False;WWWRWV;Hydrophobic/signal-like;cdhit_meme
FAM_109;1;1;1;;;4.5514978990448713e-181;173;0;1;263.0;263;3.11;3.11;3.11;KVKLIK;Cationic-rich;cdhit;streme;inf;4.5514978990448713e-181;173;0;263;3.11;True;KVKLIK;Cationic-rich;cdhit_streme
FAM_025;1;1;1;593.3333333333334;593.3333333333334;3.074920276353299e-180;178;3;0;196.0;196;2.11;2.11;2.11;CPPGTA;Other;mmseq;streme;593.3333333333334;3.074920276353299e-180;178;3;196;2.11;False;CPPGTA;Other;mmseq_streme
FAM_069;1;1;1;590.0;590.0;3.238060308188406e-179;177;3;0;186.0;186;2.1;2.1;2.1;GLLEAL;Hydrophobic/signal-like;mmseq;streme;590.0;3.238060308188406e-179;177;3;186;2.1;False;GLLEAL;Hydrophobic/signal-like;mmseq_streme
FAM_083;1;1;1;;;8.22637792484883e-179;171;0;1;175.0;175;2.03;2.03;2.03;IGTCVG;Gly-rich;mmseq;streme;inf;8.22637792484883e-179;171;0;175;2.03;True;IGTCVG;Gly-rich;mmseq_streme
FAM_004;1;1;1;35.78125000000001;35.78125000000001;5.9326677368594745e-177;229;64;0;301.0;301;4.11;4.11;4.11;AGPAVGVI;Hydrophobic/signal-like;cdhit;streme;35.78125000000001;5.9326677368594745e-177;229;64;301;4.11;False;AGPAVGVI;Hydrophobic/signal-like;cdhit_streme
FAM_151;1;1;1;;;1.0127357925083898e-172;165;0;1;166.0;166;2.96;2.96;2.96;TCDLLS;Other;cdhit;streme;inf;1.0127357925083898e-172;165;0;166;2.96;True;TCDLLS;Other;cdhit_streme
FAM_014;1;1;1;;;1.208139922396968e-170;163;0;1;166.0;166;2.93;2.93;2.93;BGRKJCLD;Other;cdhit;streme;inf;1.208139922396968e-170;163;0;166;2.93;True;BGRKJCLD;Other;cdhit_streme
FAM_139;1;1;1;;;2.0212848437223333e-165;158;0;1;212.0;212;2.84;2.84;2.84;RDADEEEG;Other;cdhit;streme;inf;2.0212848437223333e-165;158;0;212;2.84;True;RDADEEEG;Other;cdhit_streme
FAM_065;1;1;1;;;1.568160506962964e-163;156;0;1;169.0;169;2.61;2.61;2.61;GGGSGYGK;Gly-rich;cdhit;meme;inf;1.568160506962964e-163;156;0;169;2.61;True;GGGSGYGK;Gly-rich;cdhit_meme
FAM_015;1;1;1;536.6666666666667;536.6666666666667;7.2406717439293e-163;161;3;0;168.0;168;1.93;1.93;1.93;BLKELASLI;Other;mmseq;meme;536.6666666666667;7.2406717439293e-163;161;3;168;1.93;False;BLKELASLI;Other;mmseq_meme
FAM_152;1;1;1;68.51851851851852;68.51851851851852;1.483707793879564e-160;185;27;0;186.0;186;2.19;2.19;2.19;TISLSLCE;Other;mmseq;streme;68.51851851851852;1.483707793879564e-160;185;27;186;2.19;False;TISLSLCE;Other;mmseq_streme
FAM_156;1;1;1;177.7777777777778;177.7777777777778;1.5367588465800098e-153;160;9;0;163.0;163;1.92;1.92;1.92;VLGVVGNGL;Gly-rich;mmseq;meme;177.7777777777778;1.5367588465800098e-153;160;9;163;1.92;False;VLGVVGNGL;Gly-rich;mmseq_meme
FAM_011;1;1;1;;;1.2138954115518295e-151;145;0;1;164.0;164;1.72;1.72;1.72;ATCDLL;Other;mmseq;streme;inf;1.2138954115518295e-151;145;0;164;1.72;True;ATCDLL;Other;mmseq_streme
FAM_067;1;1;1;68.0;68.0;1.829579668653815e-147;170;25;0;173.0;173;2.01;2.01;2.01;GIGCPT;Gly-rich;mmseq;streme;68.0;1.829579668653815e-147;170;25;173;2.01;False;GIGCPT;Gly-rich;mmseq_streme
FAM_159;1;1;1;;;1.5917077158538729e-145;139;0;1;141.0;141;2.5;2.5;2.5;VYRNGVR;Other;cdhit;streme;inf;1.5917077158538729e-145;139;0;141;2.5;True;VYRNGVR;Other;cdhit_streme
FAM_094;1;1;1;;;1.9001158526253002e-143;137;0;1;142.0;142;2.46;2.46;2.46;JGAVLK;Other;cdhit;streme;inf;1.9001158526253002e-143;137;0;142;2.46;True;JGAVLK;Other;cdhit_streme
FAM_163;1;1;1;2.6870271784813675;2.6870271784813675;5.826434668475732e-139;959;3569;0;1390.0;1390;11.51;11.51;11.51;WKLFKKJ;Cationic-rich;mmseq;meme;2.6870271784813675;5.826434668475732e-139;959;3569;1390;11.51;False;WKLFKKJ;Cationic-rich;mmseq_meme
FAM_051;1;1;1;53.54838709677419;53.54838709677419;8.807879235306244e-139;166;31;0;199.0;199;1.97;1.97;1.97;FAKLLA;Hydrophobic/signal-like;mmseq;streme;53.54838709677419;8.807879235306244e-139;166;31;199;1.97;False;FAKLLA;Hydrophobic/signal-like;mmseq_streme
FAM_026;1;1;1;274.0;274.0;4.150358175324592e-135;137;5;0;140.0;140;1.64;1.64;1.64;CPWNARQIGT;Other;mmseq;meme;274.0;4.150358175324592e-135;137;5;140;1.64;False;CPWNARQIGT;Other;mmseq_meme
FAM_053;1;1;1;74.5;74.5;4.9544739218481e-131;149;20;0;155.0;155;1.77;1.77;1.77;FIGAIA;Hydrophobic/signal-like;mmseq;streme;74.5;4.9544739218481e-131;149;20;155;1.77;False;FIGAIA;Hydrophobic/signal-like;mmseq_streme
FAM_006;1;1;1;94.66666666666669;94.66666666666669;8.020522323559495e-129;142;15;0;148.0;148;2.55;2.55;2.55;AITKKC;Other;cdhit;streme;94.66666666666669;8.020522323559495e-129;142;15;148;2.55;False;AITKKC;Other;cdhit_streme
FAM_172;1;1;1;;;8.020522323559495e-129;123;0;1;137.0;137;2.21;2.21;2.21;YTSLIHGL;Other;cdhit;streme;inf;8.020522323559495e-129;123;0;137;2.21;True;YTSLIHGL;Other;cdhit_streme
FAM_075;1;1;1;;;7.087184815183038e-127;121;0;1;122.0;122;2.03;2.03;2.03;GWGSPI;Gly-rich;cdhit;meme;inf;7.087184815183038e-127;121;0;122;2.03;True;GWGSPI;Gly-rich;cdhit_meme
FAM_061;1;1;1;;;1.1537515607396034e-124;119;0;1;128.0;128;2.14;2.14;2.14;GFSGGR;Gly-rich;cdhit;streme;inf;1.1537515607396034e-124;119;0;128;2.14;True;GFSGGR;Gly-rich;cdhit_streme
FAM_155;1;1;1;;;9.468596475910219e-124;118;0;1;118.0;118;1.98;1.98;1.98;VKKYIKBGI;Other;cdhit;meme;inf;9.468596475910219e-124;118;0;118;1.98;True;VKKYIKBGI;Other;cdhit_meme
FAM_128;1;1;1;43.93939393939393;43.93939393939393;4.2038875307000805e-117;145;33;0;145.0;145;1.72;1.72;1.72;MFTMKK;Other;mmseq;streme;43.93939393939393;4.2038875307000805e-117;145;33;145;1.72;False;MFTMKK;Other;mmseq_streme
FAM_013;1;1;1;383.3333333333333;383.3333333333333;4.63393349280943e-115;115;3;0;122.0;122;1.36;1.36;1.36;AVAQQG;Other;mmseq;streme;383.3333333333333;4.63393349280943e-115;115;3;122;1.36;False;AVAQQG;Other;mmseq_streme
FAM_005;1;1;1;67.36842105263158;67.36842105263158;3.606239717782616e-111;128;19;0;140.0;140;1.52;1.52;1.52;AGYLLG;Gly-rich;mmseq;streme;67.36842105263158;3.606239717782616e-111;128;19;140;1.52;False;AGYLLG;Gly-rich;mmseq_streme
FAM_085;1;1;1;;;4.096243030653786e-109;104;0;1;109.0;109;1.74;1.74;1.74;IKKILES;Other;cdhit;meme;inf;4.096243030653786e-109;104;0;109;1.74;True;IKKILES;Other;cdhit_meme
FAM_122;1;1;1;24.83870967741936;24.83870967741936;7.700478467885034e-109;154;62;0;156.0;156;2.77;2.77;2.77;LLQLLK;Hydrophobic/signal-like;cdhit;streme;24.83870967741936;7.700478467885034e-109;154;62;156;2.77;False;LLQLLK;Hydrophobic/signal-like;cdhit_streme
FAM_045;1;1;1;;;5.962050509671149e-108;103;0;1;104.0;104;1.85;1.85;1.85;ELDQIIG;Other;cdhit;streme;inf;5.962050509671149e-108;103;0;104;1.85;True;ELDQIIG;Other;cdhit_streme
FAM_145;1;1;1;48.14814814814815;48.14814814814815;6.091613271823456e-107;130;27;0;137.0;137;1.54;1.54;1.54;RTCESQS;Other;mmseq;streme;48.14814814814815;6.091613271823456e-107;130;27;137;1.54;False;RTCESQS;Other;mmseq_streme
FAM_009;1;1;1;46.42857142857143;46.42857142857143;3.047715059137744e-106;130;28;0;150.0;150;1.54;1.54;1.54;ARLLRRLAR;Cationic-rich;mmseq;streme;46.42857142857143;3.047715059137744e-106;130;28;150;1.54;False;ARLLRRLAR;Cationic-rich;mmseq_streme
FAM_062;1;1;1;214.0;214.0;3.950580557812227e-104;107;5;0;113.0;113;1.27;1.27;1.27;GGEVTEEE;Other;mmseq;streme;214.0;3.950580557812227e-104;107;5;113;1.27;False;GGEVTEEE;Other;mmseq_streme
FAM_007;1;1;1;82.85714285714286;82.85714285714286;8.528223828789284e-104;116;14;0;116.0;116;2.08;2.08;2.08;AKQLLES;Other;cdhit;streme;82.85714285714286;8.528223828789284e-104;116;14;116;2.08;False;AKQLLES;Other;cdhit_streme
FAM_138;1;1;1;;;1.0544904201448528e-101;97;0;1;100.0;100;1.74;1.74;1.74;QQEKNE;Other;cdhit;streme;inf;1.0544904201448528e-101;97;0;100;1.74;True;QQEKNE;Other;cdhit_streme
FAM_149;1;1;1;71.24999999999999;71.24999999999999;5.909355371896686e-100;114;16;0;126.0;126;1.35;1.35;1.35;SIPPIC;Other;mmseq;streme;71.24999999999999;5.909355371896686e-100;114;16;126;1.35;False;SIPPIC;Other;mmseq_streme
FAM_089;1;1;1;91.66666666666669;91.66666666666669;1.3535617574858904e-99;110;12;0;110.0;110;1.3;1.3;1.3;IPCVTV;Other;mmseq;streme;91.66666666666669;1.3535617574858904e-99;110;12;110;1.3;False;IPCVTV;Other;mmseq_streme
FAM_132;1;1;1;252.5;252.5;2.593493879864533e-99;101;4;0;110.0;110;1.2;1.2;1.2;NVEKRV;Other;mmseq;streme;252.5;2.593493879864533e-99;101;4;110;1.2;False;NVEKRV;Other;mmseq_streme
FAM_129;1;1;1;250.0;250.0;2.7005141725893945e-98;100;4;0;120.0;120;1.18;1.18;1.18;MTPFLRGV;Other;mmseq;streme;250.0;2.7005141725893945e-98;100;4;120;1.18;False;MTPFLRGV;Other;mmseq_streme
FAM_091;1;1;1;;;1.7303839868308637e-96;92;0;1;96.0;96;1.65;1.65;1.65;ITAAVAL;Hydrophobic/signal-like;cdhit;streme;inf;1.7303839868308637e-96;92;0;96;1.65;True;ITAAVAL;Hydrophobic/signal-like;cdhit_streme
FAM_072;1;1;1;53.8095238095238;53.8095238095238;5.3768316633855305e-95;113;21;0;115.0;115;1.34;1.34;1.34;GPAVAVV;Hydrophobic/signal-like;mmseq;streme;53.8095238095238;5.3768316633855305e-95;113;21;115;1.34;False;GPAVAVV;Hydrophobic/signal-like;mmseq_streme
FAM_012;1;1;1;94.54545454545452;94.54545454545452;1.3779366905388332e-94;104;11;0;116.0;116;1.23;1.23;1.23;ATGGNAGW;Gly-rich;mmseq;streme;94.54545454545452;1.3779366905388332e-94;104;11;116;1.23;False;ATGGNAGW;Gly-rich;mmseq_streme
FAM_133;1;1;1;;;1.929169141251317e-93;89;0;1;89.0;89;1.49;1.49;1.49;NVRWCPLSNIEGNKC;Other;cdhit;meme;inf;1.929169141251317e-93;89;0;89;1.49;True;NVRWCPLSNIEGNKC;Other;cdhit_meme
FAM_081;1;1;1;;;2.480454904785371e-92;88;0;1;139.0;139;1.58;1.58;1.58;HHHHHHG;Other;cdhit;streme;inf;2.480454904785371e-92;88;0;139;1.58;True;HHHHHHG;Other;cdhit_streme
FAM_170;1;1;1;;;2.480454904785371e-92;88;0;1;94.0;94;1.58;1.58;1.58;YKRKFL;Cationic-rich;cdhit;streme;inf;2.480454904785371e-92;88;0;94;1.58;True;YKRKFL;Cationic-rich;cdhit_streme
FAM_050;1;1;1;;;3.2981566835569345e-89;85;0;1;86.0;86;1.53;1.53;1.53;EWYNQTK;Other;cdhit;streme;inf;3.2981566835569345e-89;85;0;86;1.53;True;EWYNQTK;Other;cdhit_streme
FAM_084;1;1;1;14.166666666666666;14.166666666666666;3.747234325104414e-89;153;108;0;170.0;170;1.84;1.84;1.84;IKHYLPRL;Other;mmseq;meme;14.166666666666666;3.747234325104414e-89;153;108;170;1.84;False;IKHYLPRL;Other;mmseq_meme
FAM_039;1;1;1;14.339622641509436;14.339622641509436;4.59774504982987e-89;152;106;0;153.0;153;2.73;2.73;2.73;EEVEKRS;Other;cdhit;streme;14.339622641509436;4.59774504982987e-89;152;106;153;2.73;False;EEVEKRS;Other;cdhit_streme
FAM_036;1;1;1;;;3.467552588588194e-88;84;0;1;87.0;87;1.51;1.51;1.51;EELDKY;Other;cdhit;streme;inf;3.467552588588194e-88;84;0;87;1.51;True;EELDKY;Other;cdhit_streme
FAM_096;1;1;1;8.520179372197308;8.520179372197308;6.285122756623573e-86;190;223;0;490.0;490;3.18;3.18;3.18;KEKKREKERKERKR;Cationic-rich;cdhit;meme;8.520179372197308;6.285122756623573e-86;190;223;490;3.18;False;KEKKREKERKERKR;Cationic-rich;cdhit_meme
FAM_134;1;1;1;150.0;150.0;9.565144576403148e-86;90;6;0;90.0;90;1.62;1.62;1.62;NYWILEY;Hydrophobic/signal-like;cdhit;streme;150.0;9.565144576403148e-86;90;6;90;1.62;False;NYWILEY;Hydrophobic/signal-like;cdhit_streme
FAM_073;1;1;1;;;4.4995548504367697e-85;81;0;1;83.0;83;1.45;1.45;1.45;GQAASI;Other;cdhit;streme;inf;4.4995548504367697e-85;81;0;83;1.45;True;GQAASI;Other;cdhit_streme
FAM_078;1;1;1;;;6.484865618742433e-81;77;0;1;176.0;176;1.38;1.38;1.38;GYGGWG;Gly-rich;cdhit;streme;inf;6.484865618742433e-81;77;0;176;1.38;True;GYGGWG;Gly-rich;cdhit_streme
FAM_064;1;1;1;46.66666666666666;46.66666666666666;1.589330066678773e-80;98;21;0;107.0;107;1.16;1.16;1.16;GGGSGV;Gly-rich;mmseq;streme;46.66666666666666;1.589330066678773e-80;98;21;107;1.16;False;GGGSGV;Gly-rich;mmseq_streme
FAM_032;1;1;1;;;1.0907834303849955e-77;74;0;1;74.0;74;0.88;0.88;0.88;DTRACD;Other;mmseq;streme;inf;1.0907834303849955e-77;74;0;74;0.88;True;DTRACD;Other;mmseq_streme
FAM_035;1;1;1;;;1.1753996258753262e-74;71;0;1;81.0;81;1.28;1.28;1.28;EEKREL;Other;cdhit;streme;inf;1.1753996258753262e-74;71;0;81;1.28;True;EEKREL;Other;cdhit_streme
FAM_111;1;1;1;;;1.7309563511824962e-70;67;0;1;67.0;67;1.2;1.2;1.2;LDVGTN;Other;cdhit;streme;inf;1.7309563511824962e-70;67;0;67;1.2;True;LDVGTN;Other;cdhit_streme
FAM_049;1;1;1;;;1.7684693371214356e-70;67;0;1;67.0;67;1.12;1.12;1.12;EVLAGEY;Other;cdhit;meme;inf;1.7684693371214356e-70;67;0;67;1.12;True;EVLAGEY;Other;cdhit_meme
FAM_086;1;1;1;4.696673189823875;4.696673189823875;1.4222886198977042e-69;240;511;0;270.0;270;4.02;4.02;4.02;IKKILGKLGKL;Cationic-rich;cdhit;meme;4.696673189823875;1.4222886198977042e-69;240;511;270;4.02;False;IKKILGKLGKL;Cationic-rich;cdhit_meme
FAM_141;1;1;1;5.633802816901409;5.633802816901409;4.805751863390045e-68;200;355;0;308.0;308;3.35;3.35;3.35;RRPIGRGJ;Cationic-rich;cdhit;meme;5.633802816901409;4.805751863390045e-68;200;355;308;3.35;False;RRPIGRGJ;Cationic-rich;cdhit_meme
FAM_107;1;1;1;;;2.4907608176046787e-66;63;0;1;63.0;63;1.13;1.13;1.13;KQLQARIL;Other;cdhit;streme;inf;2.4907608176046787e-66;63;0;63;1.13;True;KQLQARIL;Other;cdhit_streme
FAM_059;1;1;1;47.05882352941176;47.05882352941176;4.5025284950735056e-66;80;17;0;81.0;81;0.95;0.95;0.95;GALGNL;Gly-rich;mmseq;streme;47.05882352941176;4.5025284950735056e-66;80;17;81;0.95;False;GALGNL;Gly-rich;mmseq_streme
FAM_148;1;1;1;;;2.988081920051133e-64;61;0;1;61.0;61;1.1;1.1;1.1;SIGNLI;Other;cdhit;streme;inf;2.988081920051133e-64;61;0;61;1.1;True;SIGNLI;Other;cdhit_streme
FAM_079;1;1;1;16.0;16.0;5.702441671499951e-64;104;65;0;106.0;106;1.23;1.23;1.23;HFLLTL;Hydrophobic/signal-like;mmseq;streme;16.0;5.702441671499951e-64;104;65;106;1.23;False;HFLLTL;Hydrophobic/signal-like;mmseq_streme
FAM_153;1;1;1;24.72222222222222;24.72222222222222;2.38416605315748e-63;89;36;0;95.0;95;1.05;1.05;1.05;TLHLVLRL;Hydrophobic/signal-like;mmseq;streme;24.72222222222222;2.38416605315748e-63;89;36;95;1.05;False;TLHLVLRL;Hydrophobic/signal-like;mmseq_streme
FAM_114;1;1;1;;;3.967402047778873e-61;58;0;1;60.0;60;1.04;1.04;1.04;LGPPISLE;Other;cdhit;streme;inf;3.967402047778873e-61;58;0;60;1.04;True;LGPPISLE;Other;cdhit_streme
FAM_126;1;1;1;;;4.496529666797505e-60;57;0;1;58.0;58;0.95;0.95;0.95;MCVEAMB;Other;cdhit;meme;inf;4.496529666797505e-60;57;0;58;0.95;True;MCVEAMB;Other;cdhit_meme
FAM_093;1;1;1;;;4.66358399746101e-59;56;0;1;56.0;56;1.01;1.01;1.01;JEESQE;Other;cdhit;streme;inf;4.66358399746101e-59;56;0;56;1.01;True;JEESQE;Other;cdhit_streme
FAM_115;1;1;1;;;4.66358399746101e-59;56;0;1;56.0;56;1.01;1.01;1.01;LGTSIPD;Other;cdhit;streme;inf;4.66358399746101e-59;56;0;56;1.01;True;LGTSIPD;Other;cdhit_streme
FAM_042;1;1;1;569.9999999999999;569.9999999999999;2.903221868466457e-58;57;1;0;57.0;57;0.68;0.68;0.68;EINNYT;Other;mmseq;streme;569.9999999999999;2.903221868466457e-58;57;1;57;0.68;False;EINNYT;Other;mmseq_streme
FAM_041;1;1;1;290.0;290.0;7.170498586890685e-58;58;2;0;59.0;59;0.69;0.69;0.69;EIMNSA;Other;mmseq;streme;290.0;7.170498586890685e-58;58;2;59;0.69;False;EIMNSA;Other;mmseq_streme
FAM_150;1;1;1;;;5.596014259605907e-57;54;0;1;54.0;54;0.97;0.97;0.97;SLSVAQ;Other;cdhit;streme;inf;5.596014259605907e-57;54;0;54;0.97;True;SLSVAQ;Other;cdhit_streme
FAM_002;1;1;1;;;1.0037477668756456e-50;48;0;1;49.0;49;0.86;0.86;0.86;AGGSRQ;Gly-rich;cdhit;streme;inf;1.0037477668756456e-50;48;0;49;0.86;True;AGGSRQ;Gly-rich;cdhit_streme
FAM_080;1;1;1;30.45454545454545;30.45454545454545;1.0091930865066989e-50;67;22;0;124.0;124;0.79;0.79;0.79;HGQHGVH;Other;mmseq;streme;30.45454545454545;1.0091930865066989e-50;67;22;124;0.79;False;HGQHGVH;Other;mmseq_streme
FAM_070;1;1;1;25.6;25.6;2.1067841311534972e-46;64;25;0;67.0;67;0.76;0.76;0.76;GLRRLG;Gly-rich;mmseq;streme;25.6;2.1067841311534972e-46;64;25;67;0.76;False;GLRRLG;Gly-rich;mmseq_streme
FAM_112;1;1;1;;;1.7942546947005757e-44;42;0;1;42.0;42;0.75;0.75;0.75;LFDLDVV;Hydrophobic/signal-like;cdhit;streme;inf;1.7942546947005757e-44;42;0;42;0.75;True;LFDLDVV;Hydrophobic/signal-like;cdhit_streme
FAM_040;1;1;1;9.130434782608695;9.130434782608695;3.003744080935754e-40;84;92;0;85.0;85;1.0;1.0;1.0;EGFSGG;Gly-rich;mmseq;streme;9.130434782608695;3.003744080935754e-40;84;92;85;1.0;False;EGFSGG;Gly-rich;mmseq_streme
FAM_154;1;1;1;30.0;30.0;8.39557547560184e-39;51;17;0;51.0;51;0.6;0.6;0.6;VAPFPEV;Other;mmseq;streme;30.0;8.39557547560184e-39;51;17;51;0.6;False;VAPFPEV;Other;mmseq_streme
FAM_135;1;1;1;62.85714285714286;62.85714285714286;1.0757847178225927e-38;44;7;0;44.0;44;0.52;0.52;0.52;PIGASCRDDSE;Other;mmseq;streme;62.85714285714286;1.0757847178225927e-38;44;7;44;0.52;False;PIGASCRDDSE;Other;mmseq_streme
FAM_131;1;1;1;10.140845070422536;10.140845070422536;8.225346474708364e-37;72;71;0;72.0;72;1.29;1.29;1.29;NVDAYVKC;Other;cdhit;streme;10.140845070422536;8.225346474708364e-37;72;71;72;1.29;False;NVDAYVKC;Other;cdhit_streme
FAM_116;1;1;1;9.466666666666669;9.466666666666669;6.062658445580634e-35;71;75;0;71.0;71;0.84;0.84;0.84;LIIFRILIS;Hydrophobic/signal-like;mmseq;streme;9.466666666666669;6.062658445580634e-35;71;75;71;0.84;False;LIIFRILIS;Hydrophobic/signal-like;mmseq_streme
FAM_137;1;1;1;28.75;28.75;8.740379780905386e-35;46;16;0;47.0;47;0.55;0.55;0.55;PVADHQ;Other;mmseq;streme;28.75;8.740379780905386e-35;46;16;47;0.55;False;PVADHQ;Other;mmseq_streme
FAM_147;1;1;1;16.5625;16.5625;8.874939069429964e-34;53;32;0;54.0;54;0.63;0.63;0.63;SEEKRG;Other;mmseq;streme;16.5625;8.874939069429964e-34;53;32;54;0.63;False;SEEKRG;Other;mmseq_streme
FAM_030;1;1;1;4.549763033175355;4.549763033175355;6.9692654738642625e-28;96;211;0;112.0;112;1.61;1.61;1.61;DPEEPVVR;Other;cdhit;meme;4.549763033175355;6.9692654738642625e-28;96;211;112;1.61;False;DPEEPVVR;Other;cdhit_meme
FAM_008;1;1;1;5.256410256410256;5.256410256410256;3.5008112859972745e-27;82;156;0;102.0;102;0.97;0.97;0.97;AKRHHGY;Other;mmseq;streme;5.256410256410256;3.5008112859972745e-27;82;156;102;0.97;False;AKRHHGY;Other;mmseq_streme
FAM_171;1;1;1;;;1.0825320612061302e-25;24;0;1;24.0;24;0.4;0.4;0.4;YQIPAJPK;Other;cdhit;meme;inf;1.0825320612061302e-25;24;0;24;0.4;True;YQIPAJPK;Other;cdhit_meme
FAM_047;1;1;1;11.379310344827587;11.379310344827587;1.3664219662766365e-18;33;29;0;33.0;33;0.39;0.39;0.39;ELIVHQR;Other;mmseq;streme;11.379310344827587;1.3664219662766365e-18;33;29;33;0.39;False;ELIVHQR;Other;mmseq_streme
FAM_033;1;1;1;15.55555555555556;15.55555555555556;3.832520369738813e-18;28;18;0;28.0;28;0.34;0.34;0.34;DVLEKAKKLADSPEAKE;Other;mmseq;meme;15.55555555555556;3.832520369738813e-18;28;18;28;0.34;False;DVLEKAKKLADSPEAKE;Other;mmseq_meme
FAM_048;1;1;1;18.33333333333333;18.33333333333333;2.2548126847582563e-15;22;12;0;22.0;22;0.4;0.4;0.4;EVGMDVVRT;Other;cdhit;streme;18.33333333333333;2.2548126847582563e-15;22;12;22;0.4;False;EVGMDVVRT;Other;cdhit_streme
FAM_074;1;1;1;2.388059701492537;2.388059701492537;3.4312544415623754e-14;112;469;0;116.0;116;1.33;1.33;1.33;GSVTGG;Gly-rich;mmseq;streme;2.388059701492537;3.4312544415623754e-14;112;469;116;1.33;False;GSVTGG;Gly-rich;mmseq_streme
FAM_046;1;1;1;2.025477707006369;2.025477707006369;4.6265718449493407e-14;159;785;0;178.0;178;2.66;2.66;2.66;ELIEKEVEALKNASD;Other;cdhit;meme;2.025477707006369;4.6265718449493407e-14;159;785;178;2.66;False;ELIEKEVEALKNASD;Other;cdhit_meme
FAM_071;1;1;1;3.894736842105263;3.894736842105263;3.454079461935945e-10;37;95;0;37.0;37;0.66;0.66;0.66;GNVTLL;Other;cdhit;streme;3.894736842105263;3.454079461935945e-10;37;95;37;0.66;False;GNVTLL;Other;cdhit_streme
FAM_146;1;1;1;2.5000000000000004;2.5000000000000004;4.2925904608744906e-07;46;184;0;46.0;46;0.55;0.55;0.55;SDEELA;Other;mmseq;streme;2.5000000000000004;4.2925904608744906e-07;46;184;46;0.55;False;SDEELA;Other;mmseq_streme
