Family_ID;Representative_motif;Representative_class;n_unique_motifs;n_pipelines;Pipelines_present;median_ER;min_FDR;Family_members;mean_Total_hits;mean_AMP_hit_frequency_pct;n_infinite_ER
FAM_056;FLPILKGLLKGL;Other;15;4;"cdhit_meme;cdhit_streme;mmseq_meme;mmseq_streme";285.31045751633985;0.0;"FLGAJLKLAAKVLPKIICKI;FLPIIGKLLSK;FLPILKGLLKGL;FLPLLAGL;FLPLLAGLAAKLLP;FLYLLJJFLSLFL;FVYVLIJFLSLFLVVTNGSA;GJLSGJLGAGKNJVC;IJFLSLFLVV;JLDAJKNLAK;LGKLJKKAAK;LGLLGKLL;LILLLLLFLVLILLS;LLDTIKNVGKNVAGGL;LLKAAGKVLAKIJGG";1018.8;10.352666666666666;7
FAM_110;KVVAATYVLV;Hydrophobic/signal-like;3;3;"cdhit_streme;mmseq_meme;mmseq_streme";218.53333333333333;0.0;"KVVAATY;KVVAATYVLV;VVAATY";340.6666666666667;3.66;1
FAM_136;PPGFPPPP;Other;3;3;"cdhit_meme;mmseq_meme;mmseq_streme";43.78787878787879;3.5340315292882715e-232;"PPGFPPPP;PPPPPPPPPRPPPPP;PPPRPPPPPPPRPPP";839.0;3.2466666666666666;0
FAM_024;CKTDADC;Cys-rich;2;2;"cdhit_meme;mmseq_meme";5617.5;0.0;"CKTDADC;CXTDEDCPKVC";1290.0;16.845;0
FAM_104;KKLLKKLC;Cationic-rich;2;2;"cdhit_streme;mmseq_streme";1425.8823529411766;0.0;"KKLLKKLC;LKKLLKKLKK";2613.0;22.67;0
FAM_101;KKKRRR;Cationic-rich;2;2;"cdhit_meme;mmseq_meme";373.89374090247446;0.0;"KKKRRR;KKRKRRR";1021.5;5.175;0
FAM_161;WKKJKKLAKK;Cationic-rich;2;2;"cdhit_meme;mmseq_meme";366.9857458835094;0.0;"WKKJKKLAKK;WKKJYKLAKK";973.5;11.04;0
FAM_090;RIRVAVIRA;Hydrophobic/signal-like;2;2;"mmseq_meme;mmseq_streme";299.21104536489156;0.0;"IRVAVIR;RIRVAVIRA";331.0;3.66;0
FAM_106;KLLKKLLKLL;Cationic-rich;2;2;"cdhit_meme;mmseq_meme";80.61565475788478;0.0;"KLLKKLLK;KLLKKLLKLL";826.5;8.629999999999999;0
FAM_019;CGEHCVKI;Cys-rich;2;2;"cdhit_meme;mmseq_meme";54.68531468531469;0.0;"CGEHCVKI;CGETCVLI";478.0;7.285;1
FAM_052;FFKKIKKKIKKIGK;Cationic-rich;2;2;"cdhit_meme;mmseq_meme";41.54471544715447;0.0;"FFKKIKKKIKKIGK;KKJKDFLKK";777.0;8.2;1
FAM_088;ILKFVYA;Hydrophobic/signal-like;2;2;"cdhit_meme;cdhit_streme";;0.0;"ILKFVYA;MVVILKYVYV";305.0;5.265;2
FAM_164;WQRNJRKV;Cationic-rich;2;2;"mmseq_meme;mmseq_streme";40.8864118895966;1.2038773682578594e-266;"WQRNIRKV;WQRNJRKV";367.0;4.07;0
FAM_001;AAAAAVAGAAAG;Hydrophobic/signal-like;2;2;"cdhit_meme;mmseq_meme";243.84119677790565;3.822054737265531e-244;"AAAAAAKAAAKAAAA;AAAAAVAGAAAG";601.5;3.945;0
FAM_098;KKIEEYTK;Cationic-rich;2;2;"cdhit_streme;mmseq_streme";27.534246575342465;1.5741385851457022e-145;"KIEEYT;KKIEEYTK";145.0;1.54;1
FAM_054;FIKHFIHR;Other;2;2;"cdhit_streme;mmseq_streme";64.44444444444444;2.533988102885717e-140;"FIKHFIHR;KHFIHRF";138.5;1.8900000000000001;1
FAM_077;GYGGYGGGPYGGGGGPGGGG;Gly-rich;3;2;"cdhit_meme;mmseq_meme";5.797872340425532;4.261077157980302e-112;"GYGGGGAGGSG;GYGGGGGGGGGGGGGGG;GYGGYGGGPYGGGGGPGGGG";526.3333333333334;1.8099999999999998;0
FAM_123;LQLTVWG;Other;2;2;"cdhit_streme;mmseq_streme";6.296296296296296;1.8747044812194163e-69;"LQLTVWG;QQHLLQLTVWGIKQLQA";41.5;0.695;1
