Query_ID;Target_ID;q_value;E_value;p_value;Overlap;Offset;Orientation;Query_width;Target_width;Coverage_min_width;Query_pipeline;Target_pipeline;Query_original;Target_original
cdhit_meme__PPPRPPPPPPPRPPP;mmseq_meme__PPPPPPPPPRPPPPP;1.3923800000000001e-18;2.8352700000000002e-18;1.2887599999999999e-20;15;;+;15;15;1.0;cdhit_meme;mmseq_meme;PPPRPPPPPPPRPPP;PPPPPPPPPRPPPPP
mmseq_meme__GYGGYGGGPYGGGGGPGGGG;cdhit_meme__GYGGGGGGGGGGGGGGG;2.23547e-18;4.7501e-18;2.1591399999999997e-20;17;;+;20;17;1.0;mmseq_meme;cdhit_meme;GYGGYGGGPYGGGGGPGGGG;GYGGGGGGGGGGGGGGG
mmseq_meme__PPPPPPPPPRPPPPP;cdhit_meme__PPPRPPPPPPPRPPP;2.2834e-17;4.64964e-17;2.11347e-19;15;;+;15;15;1.0;mmseq_meme;cdhit_meme;PPPPPPPPPRPPPPP;PPPRPPPPPPPRPPP
cdhit_meme__LILLLLLFLVLILLS;mmseq_meme__FVYVLIJFLSLFLVVTNGSA;4.50215e-17;9.29448e-17;4.22476e-19;15;;+;15;20;1.0;cdhit_meme;mmseq_meme;LILLLLLFLVLILLS;FVYVLIJFLSLFLVVTNGSA
mmseq_streme__2-FLYLLJJFLSLFL;mmseq_meme__FVYVLIJFLSLFLVVTNGSA;7.56496e-17;1.65576e-16;7.52617e-19;13;;+;13;20;1.0;mmseq_streme;mmseq_meme;2-FLYLLJJFLSLFL;FVYVLIJFLSLFLVVTNGSA
cdhit_streme__4-IJFLSLFLVV;mmseq_meme__FVYVLIJFLSLFLVVTNGSA;1.34529e-16;2.77729e-16;1.26241e-18;10;;+;10;20;1.0;cdhit_streme;mmseq_meme;4-IJFLSLFLVV;FVYVLIJFLSLFLVVTNGSA
cdhit_meme__FLGAJLKLAAKVLPKIICKI;mmseq_meme__FLPLLAGLAAKLLP;6.9164e-16;1.66612e-15;7.57327e-18;14;;+;20;14;1.0;cdhit_meme;mmseq_meme;FLGAJLKLAAKVLPKIICKI;FLPLLAGLAAKLLP
mmseq_meme__FVYVLIJFLSLFLVVTNGSA;cdhit_meme__LILLLLLFLVLILLS;1.17509e-14;2.42667e-14;1.10303e-16;15;;+;20;15;1.0;mmseq_meme;cdhit_meme;FVYVLIJFLSLFLVVTNGSA;LILLLLLFLVLILLS
mmseq_meme__FVYVLIJFLSLFLVVTNGSA;mmseq_streme__2-FLYLLJJFLSLFL;1.19659e-14;3.70661e-14;1.68482e-16;13;;+;20;13;1.0;mmseq_meme;mmseq_streme;FVYVLIJFLSLFLVVTNGSA;2-FLYLLJJFLSLFL
mmseq_meme__FLPLLAGLAAKLLP;cdhit_meme__FLGAJLKLAAKVLPKIICKI;1.70625e-14;4.1226e-14;1.87391e-16;14;;+;14;20;1.0;mmseq_meme;cdhit_meme;FLPLLAGLAAKLLP;FLGAJLKLAAKVLPKIICKI
mmseq_meme__FVYVLIJFLSLFLVVTNGSA;cdhit_streme__4-IJFLSLFLVV;9.10012e-14;3.75852e-13;1.70842e-15;10;;+;20;10;1.0;mmseq_meme;cdhit_streme;FVYVLIJFLSLFLVVTNGSA;4-IJFLSLFLVV
cdhit_meme__GYGGGGGGGGGGGGGGG;mmseq_meme__GYGGYGGGPYGGGGGPGGGG;3.84692e-13;7.94425e-13;3.61102e-15;17;;+;17;20;1.0;cdhit_meme;mmseq_meme;GYGGGGGGGGGGGGGGG;GYGGYGGGPYGGGGGPGGGG
cdhit_meme__LLDTIKNVGKNVAGGL;mmseq_meme__JLDAJKNLAK;8.86076e-12;2.12558e-11;9.66174e-14;10;;+;16;10;1.0;cdhit_meme;mmseq_meme;LLDTIKNVGKNVAGGL;JLDAJKNLAK
mmseq_streme__28-WQRNIRKV;mmseq_meme__WQRNJRKV;2.61339e-11;5.46198e-11;2.48272e-13;8;;+;8;8;1.0;mmseq_streme;mmseq_meme;28-WQRNIRKV;WQRNJRKV
mmseq_meme__JLDAJKNLAK;cdhit_meme__LLDTIKNVGKNVAGGL;2.0807e-10;5.04569e-10;2.2935e-12;10;;+;10;16;1.0;mmseq_meme;cdhit_meme;JLDAJKNLAK;LLDTIKNVGKNVAGGL
mmseq_meme__WQRNJRKV;mmseq_streme__28-WQRNIRKV;4.42919e-10;9.49816e-10;4.31734e-12;8;;+;8;8;1.0;mmseq_meme;mmseq_streme;WQRNJRKV;28-WQRNIRKV
cdhit_meme__CXTDEDCPKVC;mmseq_meme__CKTDADC;4.74567e-10;1.01768e-09;4.62583e-12;7;;+;11;7;1.0;cdhit_meme;mmseq_meme;CXTDEDCPKVC;CKTDADC
cdhit_streme__38-LQLTVWG;mmseq_streme__70-QQHLLQLTVWGIKQLQA;5.55603e-10;1.11579e-09;5.07179e-12;7;;+;7;17;1.0;cdhit_streme;mmseq_streme;38-LQLTVWG;70-QQHLLQLTVWGIKQLQA
mmseq_streme__6-KVVAATYVLV;mmseq_meme__KVVAATY;6.1572e-10;1.34002e-09;6.09099e-12;7;;+;10;7;1.0;mmseq_streme;mmseq_meme;6-KVVAATYVLV;KVVAATY
cdhit_streme__4-IJFLSLFLVV;cdhit_meme__LILLLLLFLVLILLS;1.80064e-09;5.57602e-09;2.53455e-11;10;;+;10;15;1.0;cdhit_streme;cdhit_meme;4-IJFLSLFLVV;LILLLLLFLVLILLS
cdhit_meme__FLGAJLKLAAKVLPKIICKI;mmseq_meme__LLKAAGKVLAKIJGG;2.05124e-09;7.41195e-09;3.36907e-11;15;;+;20;15;1.0;cdhit_meme;mmseq_meme;FLGAJLKLAAKVLPKIICKI;LLKAAGKVLAKIJGG
mmseq_streme__9-FLPILKGLLKGL;cdhit_meme__LGLLGKLL;2.67521e-09;6.59031e-09;2.99559e-11;8;;+;12;8;1.0;mmseq_streme;cdhit_meme;9-FLPILKGLLKGL;LGLLGKLL
cdhit_meme__KLLKKLLK;mmseq_meme__KLLKKLLKLL;2.71586e-09;6.16258e-09;2.80117e-11;8;;+;8;10;1.0;cdhit_meme;mmseq_meme;KLLKKLLK;KLLKKLLKLL
cdhit_meme__MVVILKYVYV;cdhit_streme__16-ILKFVYA;2.93237e-09;6.08432e-09;2.7656e-11;7;;+;10;7;1.0;cdhit_meme;cdhit_streme;MVVILKYVYV;16-ILKFVYA
cdhit_streme__32-VVAATY;mmseq_meme__KVVAATY;3.95767e-09;8.13459e-09;3.69754e-11;6;;+;6;7;1.0;cdhit_streme;mmseq_meme;32-VVAATY;KVVAATY
mmseq_streme__8-RIRVAVIRA;mmseq_meme__IRVAVIR;4.56606e-09;9.41751e-09;4.28069e-11;7;;+;9;7;1.0;mmseq_streme;mmseq_meme;8-RIRVAVIRA;IRVAVIR
cdhit_streme__14-FLPLLAGL;mmseq_meme__FLPLLAGLAAKLLP;4.99474e-09;1.1341e-08;5.15499e-11;8;;+;8;14;1.0;cdhit_streme;mmseq_meme;14-FLPLLAGL;FLPLLAGLAAKLLP
mmseq_meme__LLKAAGKVLAKIJGG;cdhit_meme__FLGAJLKLAAKVLPKIICKI;5.19185e-09;1.24124e-08;5.64201e-11;15;;+;15;20;1.0;mmseq_meme;cdhit_meme;LLKAAGKVLAKIJGG;FLGAJLKLAAKVLPKIICKI
mmseq_meme__FLPLLAGLAAKLLP;cdhit_streme__14-FLPLLAGL;6.71157e-09;2.43246e-08;1.10566e-10;8;;+;14;8;1.0;mmseq_meme;cdhit_streme;FLPLLAGLAAKLLP;14-FLPLLAGL
cdhit_meme__WKKJYKLAKK;mmseq_meme__WKKJKKLAKK;7.40199e-09;1.69924e-08;7.72382e-11;10;;+;10;10;1.0;cdhit_meme;mmseq_meme;WKKJYKLAKK;WKKJKKLAKK
cdhit_meme__LILLLLLFLVLILLS;cdhit_streme__4-IJFLSLFLVV;9.76181e-09;3.02292e-08;1.37406e-10;10;;+;15;10;1.0;cdhit_meme;cdhit_streme;LILLLLLFLVLILLS;4-IJFLSLFLVV
mmseq_streme__1-KKLLKKLC;cdhit_streme__1-LKKLLKKLKK;1.89347e-08;4.39451e-08;1.99751e-10;8;;+;8;10;1.0;mmseq_streme;cdhit_streme;1-KKLLKKLC;1-LKKLLKKLKK
mmseq_meme__KLLKKLLKLL;cdhit_meme__KLLKKLLK;2.21639e-08;5.1879e-08;2.35814e-10;8;;+;10;8;1.0;mmseq_meme;cdhit_meme;KLLKKLLKLL;KLLKKLLK
cdhit_meme__CGEHCVKI;mmseq_meme__CGETCVLI;2.59032e-08;5.32414e-08;2.42006e-10;8;;+;8;8;1.0;cdhit_meme;mmseq_meme;CGEHCVKI;CGETCVLI
mmseq_meme__CKTDADC;cdhit_meme__CXTDEDCPKVC;2.59066e-08;5.31949e-08;2.41795e-10;7;;+;7;11;1.0;mmseq_meme;cdhit_meme;CKTDADC;CXTDEDCPKVC
mmseq_streme__70-QQHLLQLTVWGIKQLQA;cdhit_streme__38-LQLTVWG;4.05532e-08;8.21954e-08;3.73616e-10;7;;+;17;7;1.0;mmseq_streme;cdhit_streme;70-QQHLLQLTVWGIKQLQA;38-LQLTVWG
mmseq_meme__IRVAVIR;mmseq_streme__8-RIRVAVIRA;4.36827e-08;8.85383e-08;4.02447e-10;7;;+;7;9;1.0;mmseq_meme;mmseq_streme;IRVAVIR;8-RIRVAVIRA
cdhit_streme__16-ILKFVYA;cdhit_meme__MVVILKYVYV;5.09261e-08;1.02273e-07;4.64876e-10;7;;+;7;10;1.0;cdhit_streme;cdhit_meme;16-ILKFVYA;MVVILKYVYV
mmseq_meme__KVVAATY;mmseq_streme__6-KVVAATYVLV;5.737e-08;1.1628e-07;5.28547e-10;7;;+;7;10;1.0;mmseq_meme;mmseq_streme;KVVAATY;6-KVVAATYVLV
mmseq_streme__9-FLPILKGLLKGL;mmseq_meme__JLDAJKNLAK;7.26737e-08;2.68544e-07;1.22066e-09;10;;+;12;10;1.0;mmseq_streme;mmseq_meme;9-FLPILKGLLKGL;JLDAJKNLAK
mmseq_meme__AAAAAAKAAAKAAAA;cdhit_meme__AAAAAVAGAAAG;7.2963e-08;1.57276e-07;7.1489e-10;12;;+;15;12;1.0;mmseq_meme;cdhit_meme;AAAAAAKAAAKAAAA;AAAAAVAGAAAG
cdhit_meme__LLDTIKNVGKNVAGGL;mmseq_streme__9-FLPILKGLLKGL;8.17716e-08;2.94239e-07;1.33745e-09;12;;+;16;12;1.0;cdhit_meme;mmseq_streme;LLDTIKNVGKNVAGGL;9-FLPILKGLLKGL
mmseq_meme__KKKRRR;cdhit_meme__KKRKRRR;1.1098e-07;2.35738e-07;1.07154e-09;6;;+;6;7;1.0;mmseq_meme;cdhit_meme;KKKRRR;KKRKRRR
mmseq_streme__9-FLPILKGLLKGL;mmseq_meme__FLPIIGKLLSK;1.13394e-07;5.58688e-07;2.53949e-09;11;;+;12;11;1.0;mmseq_streme;mmseq_meme;9-FLPILKGLLKGL;FLPIIGKLLSK
mmseq_meme__GYGGGGAGGSG;cdhit_meme__GYGGGGGGGGGGGGGGG;1.15148e-07;2.42257e-07;1.10117e-09;11;;+;11;17;1.0;mmseq_meme;cdhit_meme;GYGGGGAGGSG;GYGGGGGGGGGGGGGGG
mmseq_streme__9-FLPILKGLLKGL;cdhit_streme__14-FLPLLAGL;1.32785e-07;8.17779e-07;3.71718e-09;8;;+;12;8;1.0;mmseq_streme;cdhit_streme;9-FLPILKGLLKGL;14-FLPLLAGL
mmseq_streme__51-KKIEEYTK;cdhit_streme__35-KIEEYT;1.62108e-07;3.51123e-07;1.59601e-09;6;;+;8;6;1.0;mmseq_streme;cdhit_streme;51-KKIEEYTK;35-KIEEYT
mmseq_meme__WKKJKKLAKK;cdhit_meme__WKKJYKLAKK;1.7085e-07;4.0738e-07;1.85173e-09;10;;+;10;10;1.0;mmseq_meme;cdhit_meme;WKKJKKLAKK;WKKJYKLAKK
mmseq_streme__10-PPGFPPPP;cdhit_meme__PPPRPPPPPPPRPPP;1.72179e-07;3.52118e-07;1.60054e-09;8;;+;8;15;1.0;mmseq_streme;cdhit_meme;10-PPGFPPPP;PPPRPPPPPPPRPPP
cdhit_meme__AAAAAVAGAAAG;mmseq_meme__AAAAAAKAAAKAAAA;1.93228e-07;4.20808e-07;1.91276e-09;12;;+;12;15;1.0;cdhit_meme;mmseq_meme;AAAAAVAGAAAG;AAAAAAKAAAKAAAA
mmseq_meme__KVVAATY;cdhit_streme__32-VVAATY;2.01675e-07;6.13148e-07;2.78703e-09;6;;+;7;6;1.0;mmseq_meme;cdhit_streme;KVVAATY;32-VVAATY
mmseq_meme__CGETCVLI;cdhit_meme__CGEHCVKI;2.22859e-07;4.55762e-07;2.07165e-09;8;;+;8;8;1.0;mmseq_meme;cdhit_meme;CGETCVLI;CGEHCVKI
mmseq_streme__2-FLYLLJJFLSLFL;cdhit_meme__LILLLLLFLVLILLS;2.30256e-07;7.55948e-07;3.43613e-09;13;;+;13;15;1.0;mmseq_streme;cdhit_meme;2-FLYLLJJFLSLFL;LILLLLLFLVLILLS
cdhit_streme__32-VVAATY;mmseq_streme__6-KVVAATYVLV;2.31107e-07;7.12525e-07;3.23875e-09;6;;+;6;10;1.0;cdhit_streme;mmseq_streme;32-VVAATY;6-KVVAATYVLV
mmseq_meme__WRWWWR;mmseq_meme__WRWWRRW;2.54484e-07;5.43235e-07;2.46925e-09;6;;+;6;7;1.0;mmseq_meme;mmseq_meme;WRWWWR;WRWWRRW
mmseq_streme__9-FLPILKGLLKGL;cdhit_meme__LLDTIKNVGKNVAGGL;2.54563e-07;1.88133e-06;8.55149e-09;12;;+;12;16;1.0;mmseq_streme;cdhit_meme;9-FLPILKGLLKGL;LLDTIKNVGKNVAGGL
cdhit_meme__KKRKRRR;mmseq_meme__KKKRRR;2.54645e-07;5.35504e-07;2.43411e-09;6;;+;7;6;1.0;cdhit_meme;mmseq_meme;KKRKRRR;KKKRRR
mmseq_streme__9-FLPILKGLLKGL;mmseq_meme__LLKAAGKVLAKIJGG;2.56955e-07;2.21551e-06;1.00705e-08;12;;+;12;15;1.0;mmseq_streme;mmseq_meme;9-FLPILKGLLKGL;LLKAAGKVLAKIJGG
cdhit_streme__35-KIEEYT;mmseq_streme__51-KKIEEYTK;2.62147e-07;5.28884e-07;2.40402e-09;6;;+;6;8;1.0;cdhit_streme;mmseq_streme;35-KIEEYT;51-KKIEEYTK
cdhit_streme__4-IJFLSLFLVV;mmseq_streme__2-FLYLLJJFLSLFL;2.66536e-07;1.1005e-06;5.00228e-09;8;;+;10;13;0.8;cdhit_streme;mmseq_streme;4-IJFLSLFLVV;2-FLYLLJJFLSLFL
mmseq_streme__2-FLYLLJJFLSLFL;cdhit_streme__4-IJFLSLFLVV;2.68664e-07;1.17606e-06;5.34573e-09;8;;+;13;10;0.8;mmseq_streme;cdhit_streme;2-FLYLLJJFLSLFL;4-IJFLSLFLVV
cdhit_streme__44-FIKHFIHR;mmseq_streme__55-KHFIHRF;3.04723e-07;6.234e-07;2.83364e-09;6;;+;8;7;0.8571428571428571;cdhit_streme;mmseq_streme;44-FIKHFIHR;55-KHFIHRF
cdhit_meme__LLDTIKNVGKNVAGGL;cdhit_meme__GJLSGJLGAGKNJVC;3.23962e-07;1.55428e-06;7.06492e-09;14;;+;16;15;0.9333333333333333;cdhit_meme;cdhit_meme;LLDTIKNVGKNVAGGL;GJLSGJLGAGKNJVC
cdhit_meme__GYGGGGGGGGGGGGGGG;mmseq_meme__GYGGGGAGGSG;3.63968e-07;1.12744e-06;5.12475e-09;11;;+;17;11;1.0;cdhit_meme;mmseq_meme;GYGGGGGGGGGGGGGGG;GYGGGGAGGSG
cdhit_streme__14-FLPLLAGL;mmseq_meme__FLPIIGKLLSK;3.64235e-07;1.24054e-06;5.63883e-09;8;;+;8;11;1.0;cdhit_streme;mmseq_meme;14-FLPLLAGL;FLPIIGKLLSK
mmseq_meme__FLPIIGKLLSK;mmseq_streme__9-FLPILKGLLKGL;3.83173e-07;8.66794e-07;3.93998e-09;11;;+;11;12;1.0;mmseq_meme;mmseq_streme;FLPIIGKLLSK;9-FLPILKGLLKGL
cdhit_streme__1-LKKLLKKLKK;cdhit_meme__LGKLJKKAAK;3.88586e-07;1.1269e-06;5.12228e-09;10;;+;10;10;1.0;cdhit_streme;cdhit_meme;1-LKKLLKKLKK;LGKLJKKAAK
cdhit_streme__1-LKKLLKKLKK;mmseq_streme__1-KKLLKKLC;3.88586e-07;1.35777e-06;6.17166e-09;8;;+;10;8;1.0;cdhit_streme;mmseq_streme;1-LKKLLKKLKK;1-KKLLKKLC
mmseq_streme__10-PPGFPPPP;mmseq_meme__PPPPPPPPPRPPPPP;5.04569e-07;1.54782e-06;7.03554e-09;8;;+;8;15;1.0;mmseq_streme;mmseq_meme;10-PPGFPPPP;PPPPPPPPPRPPPPP
cdhit_meme__FLGAJLKLAAKVLPKIICKI;cdhit_meme__LGKLJKKAAK;5.05786e-07;2.43682e-06;1.10764e-08;10;;+;20;10;1.0;cdhit_meme;cdhit_meme;FLGAJLKLAAKVLPKIICKI;LGKLJKKAAK
mmseq_meme__FLPIIGKLLSK;mmseq_meme__FLPLLAGLAAKLLP;6.71535e-07;2.29531e-06;1.04332e-08;11;;+;11;14;1.0;mmseq_meme;mmseq_meme;FLPIIGKLLSK;FLPLLAGLAAKLLP
mmseq_meme__FLPIIGKLLSK;cdhit_streme__14-FLPLLAGL;6.71535e-07;3.03822e-06;1.38101e-08;8;;+;11;8;1.0;mmseq_meme;cdhit_streme;FLPIIGKLLSK;14-FLPLLAGL
mmseq_meme__FLPIIGKLLSK;cdhit_meme__LGLLGKLL;7.17184e-07;4.05594e-06;1.84361e-08;8;;+;11;8;1.0;mmseq_meme;cdhit_meme;FLPIIGKLLSK;LGLLGKLL
mmseq_streme__6-KVVAATYVLV;cdhit_streme__32-VVAATY;7.22359e-07;2.35815e-06;1.07189e-08;6;;+;10;6;1.0;mmseq_streme;cdhit_streme;6-KVVAATYVLV;32-VVAATY
cdhit_meme__LILLLLLFLVLILLS;mmseq_streme__2-FLYLLJJFLSLFL;7.49963e-07;3.09653e-06;1.40751e-08;13;;+;15;13;1.0;cdhit_meme;mmseq_streme;LILLLLLFLVLILLS;2-FLYLLJJFLSLFL
mmseq_meme__JLDAJKNLAK;mmseq_streme__9-FLPILKGLLKGL;9.4699e-07;3.91782e-06;1.78083e-08;10;;+;10;12;1.0;mmseq_meme;mmseq_streme;JLDAJKNLAK;9-FLPILKGLLKGL
mmseq_meme__JLDAJKNLAK;cdhit_meme__LGKLJKKAAK;9.4699e-07;4.5929e-06;2.08768e-08;10;;+;10;10;1.0;mmseq_meme;cdhit_meme;JLDAJKNLAK;LGKLJKKAAK
mmseq_meme__GYGGYGGGPYGGGGGPGGGG;mmseq_meme__GYGGGGAGGSG;1.00121e-06;3.19118e-06;1.45054e-08;11;;+;20;11;1.0;mmseq_meme;mmseq_meme;GYGGYGGGPYGGGGGPGGGG;GYGGGGAGGSG
cdhit_meme__PPPRPPPPPPPRPPP;mmseq_streme__10-PPGFPPPP;1.14949e-06;3.51102e-06;1.59592e-08;8;;+;15;8;1.0;cdhit_meme;mmseq_streme;PPPRPPPPPPPRPPP;10-PPGFPPPP
mmseq_streme__2-FLYLLJJFLSLFL;mmseq_meme__FLPLLAGLAAKLLP;1.1877e-06;6.49883e-06;2.95401e-08;13;;+;13;14;1.0;mmseq_streme;mmseq_meme;2-FLYLLJJFLSLFL;FLPLLAGLAAKLLP
cdhit_streme__3-RRRRWRR;mmseq_streme__4-RRRRRR;1.19888e-06;2.58453e-06;1.17479e-08;6;;+;7;6;1.0;cdhit_streme;mmseq_streme;3-RRRRWRR;4-RRRRRR
mmseq_meme__RKKCKKNE;mmseq_meme__GYCRKKCKKGE;1.30939e-06;2.75357e-06;1.25162e-08;8;;+;8;11;1.0;mmseq_meme;mmseq_meme;RKKCKKNE;GYCRKKCKKGE
mmseq_meme__WRWWRRW;mmseq_meme__WRWWWR;1.46179e-06;3.21593e-06;1.46179e-08;6;;+;7;6;1.0;mmseq_meme;mmseq_meme;WRWWRRW;WRWWWR
mmseq_streme__9-FLPILKGLLKGL;mmseq_meme__FLPLLAGLAAKLLP;2.04076e-06;2.01094e-05;9.14065e-08;12;;+;12;14;1.0;mmseq_streme;mmseq_meme;9-FLPILKGLLKGL;FLPLLAGLAAKLLP
mmseq_meme__FLPLLAGLAAKLLP;mmseq_meme__FLPIIGKLLSK;2.29107e-06;1.10713e-05;5.0324e-08;11;;+;14;11;1.0;mmseq_meme;mmseq_meme;FLPLLAGLAAKLLP;FLPIIGKLLSK
mmseq_streme__55-KHFIHRF;cdhit_streme__44-FIKHFIHR;2.37701e-06;4.83844e-06;2.19929e-08;6;;+;7;8;0.8571428571428571;mmseq_streme;cdhit_streme;55-KHFIHRF;44-FIKHFIHR
mmseq_meme__GYCRKKCKKGE;mmseq_meme__RKKCKKNE;2.41503e-06;5.06271e-06;2.30123e-08;8;;+;11;8;1.0;mmseq_meme;mmseq_meme;GYCRKKCKKGE;RKKCKKNE
cdhit_streme__14-FLPLLAGL;mmseq_streme__9-FLPILKGLLKGL;3.34949e-06;1.52106e-05;6.91393e-08;8;;+;8;12;1.0;cdhit_streme;mmseq_streme;14-FLPLLAGL;9-FLPILKGLLKGL
cdhit_meme__LGLLGKLL;mmseq_streme__9-FLPILKGLLKGL;3.41748e-06;7.67758e-06;3.48981e-08;8;;+;8;12;1.0;cdhit_meme;mmseq_streme;LGLLGKLL;9-FLPILKGLLKGL
cdhit_meme__FLGAJLKLAAKVLPKIICKI;mmseq_meme__IGKLIKGAAGGAGALVG;4.29213e-06;2.58487e-05;1.17494e-07;17;;+;20;17;1.0;cdhit_meme;mmseq_meme;FLGAJLKLAAKVLPKIICKI;IGKLIKGAAGGAGALVG
mmseq_meme__FLFHLFLALF;mmseq_streme__2-FLYLLJJFLSLFL;4.40927e-06;9.60141e-06;4.36428e-08;10;;+;10;13;1.0;mmseq_meme;mmseq_streme;FLFHLFLALF;2-FLYLLJJFLSLFL
cdhit_meme__LGKLJKKAAK;cdhit_meme__FLGAJLKLAAKVLPKIICKI;4.4995e-06;1.08144e-05;4.91564e-08;10;;+;10;20;1.0;cdhit_meme;cdhit_meme;LGKLJKKAAK;FLGAJLKLAAKVLPKIICKI
mmseq_meme__FLPLLAGLAAKLLP;mmseq_streme__9-FLPILKGLLKGL;4.64855e-06;2.80794e-05;1.27634e-07;12;;+;14;12;1.0;mmseq_meme;mmseq_streme;FLPLLAGLAAKLLP;9-FLPILKGLLKGL
cdhit_meme__LGKLJKKAAK;mmseq_meme__JLDAJKNLAK;5.25075e-06;1.893e-05;8.60455e-08;10;;+;10;10;1.0;cdhit_meme;mmseq_meme;LGKLJKKAAK;JLDAJKNLAK
mmseq_meme__FLPLLAGLAAKLLP;mmseq_streme__2-FLYLLJJFLSLFL;5.34006e-06;3.87077e-05;1.75944e-07;13;;+;14;13;1.0;mmseq_meme;mmseq_streme;FLPLLAGLAAKLLP;2-FLYLLJJFLSLFL
cdhit_meme__GJLSGJLGAGKNJVC;cdhit_meme__LLDTIKNVGKNVAGGL;6.01507e-06;1.39683e-05;6.34924e-08;14;;+;15;16;0.9333333333333333;cdhit_meme;cdhit_meme;GJLSGJLGAGKNJVC;LLDTIKNVGKNVAGGL
cdhit_meme__LGLLGKLL;mmseq_meme__FLPIIGKLLSK;6.55086e-06;2.20754e-05;1.00343e-07;8;;+;8;11;1.0;cdhit_meme;mmseq_meme;LGLLGKLL;FLPIIGKLLSK
mmseq_meme__PPPPPPPPPRPPPPP;mmseq_streme__10-PPGFPPPP;6.7004e-06;2.04658e-05;9.30264e-08;8;;+;15;8;1.0;mmseq_meme;mmseq_streme;PPPPPPPPPRPPPPP;10-PPGFPPPP
mmseq_streme__1-KKLLKKLC;mmseq_meme__WKLFKKJ;7.14711e-06;2.48814e-05;1.13097e-07;7;;+;8;7;1.0;mmseq_streme;mmseq_meme;1-KKLLKKLC;WKLFKKJ
cdhit_meme__KKJKDFLKK;mmseq_meme__FFKKIKKKIKKIGK;7.57241e-06;1.7901e-05;8.13682e-08;9;;+;9;14;1.0;cdhit_meme;mmseq_meme;KKJKDFLKK;FFKKIKKKIKKIGK
mmseq_meme__LLKAAGKVLAKIJGG;mmseq_streme__9-FLPILKGLLKGL;7.62231e-06;2.73346e-05;1.24248e-07;12;;+;15;12;1.0;mmseq_meme;mmseq_streme;LLKAAGKVLAKIJGG;9-FLPILKGLLKGL
mmseq_meme__FFKKIKKKIKKIGK;mmseq_meme__WKKJKKLAKK;7.76791e-06;2.42103e-05;1.10047e-07;10;;+;14;10;1.0;mmseq_meme;mmseq_meme;FFKKIKKKIKKIGK;WKKJKKLAKK
mmseq_meme__FFKKIKKKIKKIGK;cdhit_meme__KKJKDFLKK;7.76791e-06;2.71583e-05;1.23447e-07;9;;+;14;9;1.0;mmseq_meme;cdhit_meme;FFKKIKKKIKKIGK;KKJKDFLKK
cdhit_meme__CXTDEDCPKVC;mmseq_streme__5-DSDCPK;8.34952e-06;2.68576e-05;1.2208e-07;6;;+;11;6;1.0;cdhit_meme;mmseq_streme;CXTDEDCPKVC;5-DSDCPK
cdhit_streme__45-VPSVIGAV;cdhit_meme__FLGAJLKLAAKVLPKIICKI;8.78781e-06;1.93332e-05;8.78781e-08;8;;+;8;20;1.0;cdhit_streme;cdhit_meme;45-VPSVIGAV;FLGAJLKLAAKVLPKIICKI
mmseq_meme__FLFHLFLALF;mmseq_meme__FVYVLIJFLSLFLVVTNGSA;9.74812e-06;3.18405e-05;1.4473e-07;10;;+;10;20;1.0;mmseq_meme;mmseq_meme;FLFHLFLALF;FVYVLIJFLSLFLVVTNGSA
cdhit_meme__KKJKDFLKK;mmseq_meme__WKKJKKLAKK;9.76163e-06;3.46144e-05;1.57338e-07;9;;+;9;10;1.0;cdhit_meme;mmseq_meme;KKJKDFLKK;WKKJKKLAKK
