Family_ID,Representative_class,Representative_motif,Selected_motif,DB_name,Sequence_header,Original_sequence,ColabFold_sequence,Sequence_length,Eligible_for_ColabFold,Motif_match_count,had_nonstandard_before_cleaning,cleaning_notes,priority_score,motif_seq_rank
FAM_024,Cys-rich,CKTDADC,CKTDADC,AMP_MASTER,AMP_015169,LYIIECKTDADCPISKLNMYNWRCIKSSCHLYKVIQFMV,LYIIECKTDADCPISKLNMYNWRCIKSSCHLYKVIQFMV,39,True,1,False,,2.7821,1
FAM_054,Other,FIKHFIHR,FIKHFIHR,AMP_MASTER,AMP_003914,FHFHLHFGGGFIKHFIHRF,FHFHLHFGGGFIKHFIHRF,19,True,1,False,,4.6316,1
FAM_054,Other,FIKHFIHR,FIKHFIHR,AMP_MASTER,AMP_004011,FIKHFIHRFGGGRWRWRWF,FIKHFIHRFGGGRWRWRWF,19,True,1,False,,4.6316,2
FAM_054,Other,FIKHFIHR,KHFIHRF,AMP_MASTER,AMP_021251,RWRWRWFGGGFIKHFIHRF,RWRWRWFGGGFIKHFIHRF,19,True,1,False,,4.6316,1
FAM_054,Other,FIKHFIHR,KHFIHRF,AMP_MASTER,AMP_004009,FIKHFIHRFGGGFKKFWKWFRRF,FIKHFIHRFGGGFKKFWKWFRRF,23,True,1,False,,4.6087,2
FAM_098,Cationic-rich,KKIEEYTK,KIEEYT,AMP_MASTER,AMP_003031,EEYTKKIEEYTKKIEEYTKKIEEYTKKIEEYTKKI,EEYTKKIEEYTKKIEEYTKKIEEYTKKIEEYTKKI,35,True,4,False,,4.3571,1
FAM_098,Cationic-rich,KKIEEYTK,KIEEYT,AMP_MASTER,AMP_017466,MTWEEWDKKIEEYTKKIEELIKK,MTWEEWDKKIEEYTKKIEELIKK,23,True,1,False,,3.9565,2
FAM_098,Cationic-rich,KKIEEYTK,KKIEEYTK,AMP_MASTER,AMP_017465,MTWEEWDKKIEEYTKKIEELIK,MTWEEWDKKIEEYTKKIEELIK,22,True,1,False,,3.9545,1
FAM_098,Cationic-rich,KKIEEYTK,KKIEEYTK,AMP_MASTER,AMP_017464,MTWEEWDKKIEEYTKKIEELI,MTWEEWDKKIEEYTKKIEELI,21,True,1,False,,3.9524,2
FAM_104,Cationic-rich,KKLLKKLC,LKKLLKKLKK,AMP_MASTER,AMP_003542,FALALKALKKLLKKLKKLAKKAL,FALALKALKKLLKKLKKLAKKAL,23,True,1,False,,4.6087,1
FAM_104,Cationic-rich,KKLLKKLC,LKKLLKKLKK,AMP_MASTER,AMP_025186,YKLLKKLLKKLKKLLKKL,YKLLKKLLKKLKKLLKKL,18,True,1,False,,4.5,2
FAM_106,Cationic-rich,KLLKKLLKLL,KLLKKLLK,AMP_MASTER,AMP_001932,CLKKGLKLLKKLLKLC,CLKKGLKLLKKLLKLC,16,True,1,False,,4.625,1
FAM_106,Cationic-rich,KLLKKLLKLL,KLLKKLLK,AMP_MASTER,AMP_001933,CLKKLGKLLKKLLKLC,CLKKLGKLLKKLLKLC,16,True,1,False,,4.625,2
FAM_106,Cationic-rich,KLLKKLLKLL,KLLKKLLKLL,AMP_MASTER,AMP_013424,KWKKLLKKLLKLLKKLL,KWKKLLKKLLKLLKKLL,17,True,1,False,,4.5294,1
FAM_106,Cationic-rich,KLLKKLLKLL,KLLKKLLKLL,AMP_MASTER,AMP_013425,KWKKLLKKLLKLLKKLLK,KWKKLLKKLLKLLKKLLK,18,True,1,False,,4.5,2
FAM_110,Hydrophobic/signal-like,KVVAATYVLV,KVVAATY,AMP_MASTER,AMP_000248,ADLKVVAATYVLVA,ADLKVVAATYVLVA,14,True,1,False,,3.6429,1
FAM_110,Hydrophobic/signal-like,KVVAATYVLV,KVVAATY,AMP_MASTER,AMP_000610,AKLKVVAATYVLKK,AKLKVVAATYVLKK,14,True,1,False,,3.5714,2
FAM_110,Hydrophobic/signal-like,KVVAATYVLV,KVVAATYVLV,AMP_MASTER,AMP_011993,KKKKVVAATYVLVA,KKKKVVAATYVLVA,14,True,1,False,,3.5714,1
FAM_110,Hydrophobic/signal-like,KVVAATYVLV,KVVAATYVLV,AMP_MASTER,AMP_011994,KKKKVVAATYVLVF,KKKKVVAATYVLVF,14,True,1,False,,3.5714,2
FAM_123,Other,LQLTVWG,LQLTVWG,AMP_MASTER,AMP_014459,LLQLTVWGIKQLQARIL,LLQLTVWGIKQLQARIL,17,True,1,False,,4.4118,1
FAM_123,Other,LQLTVWG,LQLTVWG,AMP_MASTER,AMP_010003,IEAQQHLLQLTVWGIKQLQARIL,IEAQQHLLQLTVWGIKQLQARIL,23,True,1,False,,4.2609,2
FAM_164,Cationic-rich,WQRNJRKV,WQRNIRKV,AMP_MASTER,AMP_005080,FQWQRNIRKVRPRVKRINRQWQF,FQWQRNIRKVRPRVKRINRQWQF,23,True,1,False,,4.0435,1
