Family_ID,Representative_class,Representative_motif,Selected_motif,DB_name,Sequence_header,Original_sequence,ColabFold_sequence,Sequence_length,Eligible_for_ColabFold,Motif_match_count,had_nonstandard_before_cleaning,cleaning_notes,priority_score,exclusion_reason
FAM_090,Hydrophobic/signal-like,RIRVAVIRA,RIRVAVIRA,AMP_MASTER,AMP_001063,ARLRIRVAVIRA,ARLRIRVAVIRA,12,False,1,False,,2.6667,"sequence_length_not_in_[14,40]"
FAM_090,Hydrophobic/signal-like,RIRVAVIRA,IRVAVIR,AMP_MASTER,AMP_001063,ARLRIRVAVIRA,ARLRIRVAVIRA,12,False,1,False,,2.6667,"sequence_length_not_in_[14,40]"
FAM_164,Cationic-rich,WQRNJRKV,WQRNJRKV,AMP_MASTER,AMP_001708,CFWQRNIRKVCR,CFWQRNIRKVCR,12,False,1,False,,2.3333,"sequence_length_not_in_[14,40]"
FAM_164,Cationic-rich,WQRNJRKV,WQRNIRKV,AMP_MASTER,AMP_001708,CFWQRNIRKVCR,CFWQRNIRKVCR,12,False,1,False,,2.3333,"sequence_length_not_in_[14,40]"
FAM_164,Cationic-rich,WQRNJRKV,WQRNJRKV,AMP_MASTER,AMP_001709,CFWQRNIRKVRC,CFWQRNIRKVRC,12,False,1,False,,2.3333,"sequence_length_not_in_[14,40]"
FAM_164,Cationic-rich,WQRNJRKV,WQRNIRKV,AMP_MASTER,AMP_001709,CFWQRNIRKVRC,CFWQRNIRKVRC,12,False,1,False,,2.3333,"sequence_length_not_in_[14,40]"
FAM_123,Other,LQLTVWG,LQLTVWG,AMP_MASTER,AMP_001789,CGGNNLLRAIEAQQHLLQLTVWGIKQLQARILAVERYLKDQ,CGGNNLLRAIEAQQHLLQLTVWGIKQLQARILAVERYLKDQ,41,False,1,False,,2.2683,"sequence_length_not_in_[14,40]"
FAM_123,Other,LQLTVWG,QQHLLQLTVWGIKQLQA,AMP_MASTER,AMP_001789,CGGNNLLRAIEAQQHLLQLTVWGIKQLQARILAVERYLKDQ,CGGNNLLRAIEAQQHLLQLTVWGIKQLQARILAVERYLKDQ,41,False,1,False,,2.2683,"sequence_length_not_in_[14,40]"
FAM_090,Hydrophobic/signal-like,RIRVAVIRA,RIRVAVIRA,AMP_MASTER,AMP_002757,DRLRIRVAVIRA,DRLRIRVAVIRA,12,False,1,False,,2.5,"sequence_length_not_in_[14,40]"
FAM_090,Hydrophobic/signal-like,RIRVAVIRA,IRVAVIR,AMP_MASTER,AMP_002757,DRLRIRVAVIRA,DRLRIRVAVIRA,12,False,1,False,,2.5,"sequence_length_not_in_[14,40]"
FAM_098,Cationic-rich,KKIEEYTK,KKIEEYTK,AMP_MASTER,AMP_003256,EMTWEEWEKKIEEYTKKIEEILKKSEEQQKKNEEELKKLEK,EMTWEEWEKKIEEYTKKIEEILKKSEEQQKKNEEELKKLEK,41,False,1,False,,1.7561,"sequence_length_not_in_[14,40]"
FAM_098,Cationic-rich,KKIEEYTK,KIEEYT,AMP_MASTER,AMP_003256,EMTWEEWEKKIEEYTKKIEEILKKSEEQQKKNEEELKKLEK,EMTWEEWEKKIEEYTKKIEEILKKSEEQQKKNEEELKKLEK,41,False,1,False,,1.7561,"sequence_length_not_in_[14,40]"
FAM_090,Hydrophobic/signal-like,RIRVAVIRA,RIRVAVIRA,AMP_MASTER,AMP_003360,ERLRIRVAVIRA,ERLRIRVAVIRA,12,False,1,False,,2.5,"sequence_length_not_in_[14,40]"
FAM_090,Hydrophobic/signal-like,RIRVAVIRA,IRVAVIR,AMP_MASTER,AMP_003360,ERLRIRVAVIRA,ERLRIRVAVIRA,12,False,1,False,,2.5,"sequence_length_not_in_[14,40]"
FAM_164,Cationic-rich,WQRNJRKV,WQRNJRKV,AMP_MASTER,AMP_003565,FAWQRNIRKVR,FAWQRNIRKVR,11,False,1,False,,2.2727,"sequence_length_not_in_[14,40]"
FAM_164,Cationic-rich,WQRNJRKV,WQRNIRKV,AMP_MASTER,AMP_003565,FAWQRNIRKVR,FAWQRNIRKVR,11,False,1,False,,2.2727,"sequence_length_not_in_[14,40]"
FAM_164,Cationic-rich,WQRNJRKV,WQRNJRKV,AMP_MASTER,AMP_004089,FIWQRNIRKVR,FIWQRNIRKVR,11,False,1,False,,2.2727,"sequence_length_not_in_[14,40]"
FAM_164,Cationic-rich,WQRNJRKV,WQRNIRKV,AMP_MASTER,AMP_004089,FIWQRNIRKVR,FIWQRNIRKVR,11,False,1,False,,2.2727,"sequence_length_not_in_[14,40]"
FAM_164,Cationic-rich,WQRNJRKV,WQRNJRKV,AMP_MASTER,AMP_004973,FLWQRNIRKVR,FLWQRNIRKVR,11,False,1,False,,2.2727,"sequence_length_not_in_[14,40]"
FAM_164,Cationic-rich,WQRNJRKV,WQRNIRKV,AMP_MASTER,AMP_004973,FLWQRNIRKVR,FLWQRNIRKVR,11,False,1,False,,2.2727,"sequence_length_not_in_[14,40]"
FAM_164,Cationic-rich,WQRNJRKV,WQRNJRKV,AMP_MASTER,AMP_005079,FQWQRNIRKVR,FQWQRNIRKVR,11,False,1,False,,2.0909,"sequence_length_not_in_[14,40]"
FAM_164,Cationic-rich,WQRNJRKV,WQRNIRKV,AMP_MASTER,AMP_005079,FQWQRNIRKVR,FQWQRNIRKVR,11,False,1,False,,2.0909,"sequence_length_not_in_[14,40]"
FAM_090,Hydrophobic/signal-like,RIRVAVIRA,RIRVAVIRA,AMP_MASTER,AMP_005113,FRLRIRVAVIRA,FRLRIRVAVIRA,12,False,1,False,,2.6667,"sequence_length_not_in_[14,40]"
FAM_090,Hydrophobic/signal-like,RIRVAVIRA,IRVAVIR,AMP_MASTER,AMP_005113,FRLRIRVAVIRA,FRLRIRVAVIRA,12,False,1,False,,2.6667,"sequence_length_not_in_[14,40]"
FAM_164,Cationic-rich,WQRNJRKV,WQRNJRKV,AMP_MASTER,AMP_005341,FWQRNIRKVKK,FWQRNIRKVKK,11,False,1,False,,2.1818,"sequence_length_not_in_[14,40]"
FAM_164,Cationic-rich,WQRNJRKV,WQRNIRKV,AMP_MASTER,AMP_005341,FWQRNIRKVKK,FWQRNIRKVKK,11,False,1,False,,2.1818,"sequence_length_not_in_[14,40]"
FAM_164,Cationic-rich,WQRNJRKV,WQRNJRKV,AMP_MASTER,AMP_005342,FWQRNIRKVKKK,FWQRNIRKVKKK,12,False,1,False,,2.1667,"sequence_length_not_in_[14,40]"
FAM_164,Cationic-rich,WQRNJRKV,WQRNIRKV,AMP_MASTER,AMP_005342,FWQRNIRKVKKK,FWQRNIRKVKKK,12,False,1,False,,2.1667,"sequence_length_not_in_[14,40]"
FAM_164,Cationic-rich,WQRNJRKV,WQRNJRKV,AMP_MASTER,AMP_005343,FWQRNIRKVKKKI,FWQRNIRKVKKKI,13,False,1,False,,2.2308,"sequence_length_not_in_[14,40]"
FAM_164,Cationic-rich,WQRNJRKV,WQRNIRKV,AMP_MASTER,AMP_005343,FWQRNIRKVKKKI,FWQRNIRKVKKKI,13,False,1,False,,2.2308,"sequence_length_not_in_[14,40]"
FAM_164,Cationic-rich,WQRNJRKV,WQRNJRKV,AMP_MASTER,AMP_005344,FWQRNIRKVKKKK,FWQRNIRKVKKKK,13,False,1,False,,2.1538,"sequence_length_not_in_[14,40]"
FAM_164,Cationic-rich,WQRNJRKV,WQRNIRKV,AMP_MASTER,AMP_005344,FWQRNIRKVKKKK,FWQRNIRKVKKKK,13,False,1,False,,2.1538,"sequence_length_not_in_[14,40]"
FAM_164,Cationic-rich,WQRNJRKV,WQRNJRKV,AMP_MASTER,AMP_005345,FWQRNIRKVR,FWQRNIRKVR,10,False,1,False,,2.2,"sequence_length_not_in_[14,40]"
FAM_164,Cationic-rich,WQRNJRKV,WQRNIRKV,AMP_MASTER,AMP_005345,FWQRNIRKVR,FWQRNIRKVR,10,False,1,False,,2.2,"sequence_length_not_in_[14,40]"
FAM_164,Cationic-rich,WQRNJRKV,WQRNJRKV,AMP_MASTER,AMP_005346,FWQRNIRKVRRR,FWQRNIRKVRRR,12,False,1,False,,2.1667,"sequence_length_not_in_[14,40]"
FAM_164,Cationic-rich,WQRNJRKV,WQRNIRKV,AMP_MASTER,AMP_005346,FWQRNIRKVRRR,FWQRNIRKVRRR,12,False,1,False,,2.1667,"sequence_length_not_in_[14,40]"
FAM_164,Cationic-rich,WQRNJRKV,WQRNJRKV,AMP_MASTER,AMP_005347,FWQRNIRKVS,FWQRNIRKVS,10,False,1,False,,2.1,"sequence_length_not_in_[14,40]"
FAM_164,Cationic-rich,WQRNJRKV,WQRNIRKV,AMP_MASTER,AMP_005347,FWQRNIRKVS,FWQRNIRKVS,10,False,1,False,,2.1,"sequence_length_not_in_[14,40]"
FAM_090,Hydrophobic/signal-like,RIRVAVIRA,RIRVAVIRA,AMP_MASTER,AMP_008909,GRLRIRVAVIRA,GRLRIRVAVIRA,12,False,1,False,,2.6667,"sequence_length_not_in_[14,40]"
FAM_090,Hydrophobic/signal-like,RIRVAVIRA,IRVAVIR,AMP_MASTER,AMP_008909,GRLRIRVAVIRA,GRLRIRVAVIRA,12,False,1,False,,2.6667,"sequence_length_not_in_[14,40]"
FAM_090,Hydrophobic/signal-like,RIRVAVIRA,RIRVAVIRA,AMP_MASTER,AMP_009821,HRLRIRVAVIRA,HRLRIRVAVIRA,12,False,1,False,,2.5833,"sequence_length_not_in_[14,40]"
FAM_090,Hydrophobic/signal-like,RIRVAVIRA,IRVAVIR,AMP_MASTER,AMP_009821,HRLRIRVAVIRA,HRLRIRVAVIRA,12,False,1,False,,2.5833,"sequence_length_not_in_[14,40]"
FAM_123,Other,LQLTVWG,LQLTVWG,AMP_MASTER,AMP_010221,IKKEIEAIKKEQEAIKKKIEAIEKEIEAQQHLLQLTVWGIKQLQARIL,IKKEIEAIKKEQEAIKKKIEAIEKEIEAQQHLLQLTVWGIKQLQARIL,48,False,1,False,,2.1458,"sequence_length_not_in_[14,40]"
FAM_123,Other,LQLTVWG,QQHLLQLTVWGIKQLQA,AMP_MASTER,AMP_010221,IKKEIEAIKKEQEAIKKKIEAIEKEIEAQQHLLQLTVWGIKQLQARIL,IKKEIEAIKKEQEAIKKKIEAIEKEIEAQQHLLQLTVWGIKQLQARIL,48,False,1,False,,2.1458,"sequence_length_not_in_[14,40]"
FAM_123,Other,LQLTVWG,LQLTVWG,AMP_MASTER,AMP_010222,IKKEIEAIKKEQEAIKKKIEAIEKLLQLTVWGIKQLQARIL,IKKEIEAIKKEQEAIKKKIEAIEKLLQLTVWGIKQLQARIL,41,False,1,False,,2.2195,"sequence_length_not_in_[14,40]"
FAM_090,Hydrophobic/signal-like,RIRVAVIRA,RIRVAVIRA,AMP_MASTER,AMP_010931,IRLRIRVAVIRA,IRLRIRVAVIRA,12,False,1,False,,2.6667,"sequence_length_not_in_[14,40]"
FAM_090,Hydrophobic/signal-like,RIRVAVIRA,IRVAVIR,AMP_MASTER,AMP_010931,IRLRIRVAVIRA,IRLRIRVAVIRA,12,False,1,False,,2.6667,"sequence_length_not_in_[14,40]"
FAM_110,Hydrophobic/signal-like,KVVAATYVLV,KVVAATY,AMP_MASTER,AMP_011960,KKKKVVAATYALV,KKKKVVAATYALV,13,False,1,False,,2.5385,"sequence_length_not_in_[14,40]"
FAM_110,Hydrophobic/signal-like,KVVAATYVLV,KVVAATY,AMP_MASTER,AMP_011961,KKKKVVAATYELV,KKKKVVAATYELV,13,False,1,False,,2.3846,"sequence_length_not_in_[14,40]"
FAM_110,Hydrophobic/signal-like,KVVAATYVLV,KVVAATY,AMP_MASTER,AMP_011963,KKKKVVAATYFFV,KKKKVVAATYFFV,13,False,1,False,,2.5385,"sequence_length_not_in_[14,40]"
FAM_110,Hydrophobic/signal-like,KVVAATYVLV,KVVAATY,AMP_MASTER,AMP_011964,KKKKVVAATYFLV,KKKKVVAATYFLV,13,False,1,False,,2.5385,"sequence_length_not_in_[14,40]"
FAM_110,Hydrophobic/signal-like,KVVAATYVLV,KVVAATY,AMP_MASTER,AMP_011966,KKKKVVAATYGLV,KKKKVVAATYGLV,13,False,1,False,,2.5385,"sequence_length_not_in_[14,40]"
FAM_110,Hydrophobic/signal-like,KVVAATYVLV,KVVAATY,AMP_MASTER,AMP_011971,KKKKVVAATYLLV,KKKKVVAATYLLV,13,False,1,False,,2.5385,"sequence_length_not_in_[14,40]"
FAM_110,Hydrophobic/signal-like,KVVAATYVLV,KVVAATY,AMP_MASTER,AMP_011972,KKKKVVAATYPLV,KKKKVVAATYPLV,13,False,1,False,,2.3846,"sequence_length_not_in_[14,40]"
FAM_110,Hydrophobic/signal-like,KVVAATYVLV,KVVAATY,AMP_MASTER,AMP_011973,KKKKVVAATYTLV,KKKKVVAATYTLV,13,False,1,False,,2.3846,"sequence_length_not_in_[14,40]"
FAM_110,Hydrophobic/signal-like,KVVAATYVLV,KVVAATY,AMP_MASTER,AMP_011974,KKKKVVAATYVAV,KKKKVVAATYVAV,13,False,1,False,,2.5385,"sequence_length_not_in_[14,40]"
FAM_110,Hydrophobic/signal-like,KVVAATYVLV,KVVAATY,AMP_MASTER,AMP_011975,KKKKVVAATYVEV,KKKKVVAATYVEV,13,False,1,False,,2.3846,"sequence_length_not_in_[14,40]"
FAM_110,Hydrophobic/signal-like,KVVAATYVLV,KVVAATY,AMP_MASTER,AMP_011976,KKKKVVAATYVFF,KKKKVVAATYVFF,13,False,1,False,,2.5385,"sequence_length_not_in_[14,40]"
FAM_110,Hydrophobic/signal-like,KVVAATYVLV,KVVAATY,AMP_MASTER,AMP_011977,KKKKVVAATYVFV,KKKKVVAATYVFV,13,False,1,False,,2.5385,"sequence_length_not_in_[14,40]"
FAM_110,Hydrophobic/signal-like,KVVAATYVLV,KVVAATY,AMP_MASTER,AMP_011979,KKKKVVAATYVGV,KKKKVVAATYVGV,13,False,1,False,,2.5385,"sequence_length_not_in_[14,40]"
FAM_110,Hydrophobic/signal-like,KVVAATYVLV,KVVAATY,AMP_MASTER,AMP_011981,KKKKVVAATYVKV,KKKKVVAATYVKV,13,False,1,False,,2.4615,"sequence_length_not_in_[14,40]"
FAM_110,Hydrophobic/signal-like,KVVAATYVLV,KVVAATY,AMP_MASTER,AMP_011982,KKKKVVAATYVLA,KKKKVVAATYVLA,13,False,1,False,,2.5385,"sequence_length_not_in_[14,40]"
FAM_110,Hydrophobic/signal-like,KVVAATYVLV,KVVAATY,AMP_MASTER,AMP_011983,KKKKVVAATYVLE,KKKKVVAATYVLE,13,False,1,False,,2.3846,"sequence_length_not_in_[14,40]"
FAM_110,Hydrophobic/signal-like,KVVAATYVLV,KVVAATY,AMP_MASTER,AMP_011984,KKKKVVAATYVLF,KKKKVVAATYVLF,13,False,1,False,,2.5385,"sequence_length_not_in_[14,40]"
FAM_110,Hydrophobic/signal-like,KVVAATYVLV,KVVAATY,AMP_MASTER,AMP_011986,KKKKVVAATYVLG,KKKKVVAATYVLG,13,False,1,False,,2.5385,"sequence_length_not_in_[14,40]"
FAM_110,Hydrophobic/signal-like,KVVAATYVLV,KVVAATY,AMP_MASTER,AMP_011987,KKKKVVAATYVLK,KKKKVVAATYVLK,13,False,1,False,,2.4615,"sequence_length_not_in_[14,40]"
FAM_110,Hydrophobic/signal-like,KVVAATYVLV,KVVAATY,AMP_MASTER,AMP_011989,KKKKVVAATYVLL,KKKKVVAATYVLL,13,False,1,False,,2.5385,"sequence_length_not_in_[14,40]"
FAM_110,Hydrophobic/signal-like,KVVAATYVLV,KVVAATY,AMP_MASTER,AMP_011990,KKKKVVAATYVLP,KKKKVVAATYVLP,13,False,1,False,,2.3846,"sequence_length_not_in_[14,40]"
FAM_110,Hydrophobic/signal-like,KVVAATYVLV,KVVAATY,AMP_MASTER,AMP_011991,KKKKVVAATYVLT,KKKKVVAATYVLT,13,False,1,False,,2.3846,"sequence_length_not_in_[14,40]"
FAM_110,Hydrophobic/signal-like,KVVAATYVLV,KVVAATYVLV,AMP_MASTER,AMP_011992,KKKKVVAATYVLV,KKKKVVAATYVLV,13,False,1,False,,2.5385,"sequence_length_not_in_[14,40]"
FAM_110,Hydrophobic/signal-like,KVVAATYVLV,KVVAATY,AMP_MASTER,AMP_011992,KKKKVVAATYVLV,KKKKVVAATYVLV,13,False,1,False,,2.5385,"sequence_length_not_in_[14,40]"
FAM_110,Hydrophobic/signal-like,KVVAATYVLV,KVVAATY,AMP_MASTER,AMP_011996,KKKKVVAATYVPV,KKKKVVAATYVPV,13,False,1,False,,2.3846,"sequence_length_not_in_[14,40]"
FAM_110,Hydrophobic/signal-like,KVVAATYVLV,KVVAATY,AMP_MASTER,AMP_011997,KKKKVVAATYVTV,KKKKVVAATYVTV,13,False,1,False,,2.3846,"sequence_length_not_in_[14,40]"
FAM_106,Cationic-rich,KLLKKLLKLL,KLLKKLLK,AMP_MASTER,AMP_012389,KLKKLLKKLLKK,KLKKLLKKLLKK,12,False,1,False,,2.4167,"sequence_length_not_in_[14,40]"
FAM_106,Cationic-rich,KLLKKLLKLL,KLLKKLLK,AMP_MASTER,AMP_012390,KLKKLLKKLLKL,KLKKLLKKLLKL,12,False,1,False,,2.5,"sequence_length_not_in_[14,40]"
FAM_106,Cationic-rich,KLLKKLLKLL,KLLKKLLKLL,AMP_MASTER,AMP_012444,KLLKKLLKLL,KLLKKLLKLL,10,False,1,False,,2.6,"sequence_length_not_in_[14,40]"
FAM_106,Cationic-rich,KLLKKLLKLL,KLLKKLLK,AMP_MASTER,AMP_012444,KLLKKLLKLL,KLLKKLLKLL,10,False,1,False,,2.6,"sequence_length_not_in_[14,40]"
FAM_090,Hydrophobic/signal-like,RIRVAVIRA,RIRVAVIRA,AMP_MASTER,AMP_012712,KQWRIRVAVIRA,KQWRIRVAVIRA,12,False,1,False,,2.5,"sequence_length_not_in_[14,40]"
FAM_090,Hydrophobic/signal-like,RIRVAVIRA,IRVAVIR,AMP_MASTER,AMP_012712,KQWRIRVAVIRA,KQWRIRVAVIRA,12,False,1,False,,2.5,"sequence_length_not_in_[14,40]"
FAM_090,Hydrophobic/signal-like,RIRVAVIRA,RIRVAVIRA,AMP_MASTER,AMP_012929,KRLRIRVAVIRA,KRLRIRVAVIRA,12,False,1,False,,2.5833,"sequence_length_not_in_[14,40]"
FAM_090,Hydrophobic/signal-like,RIRVAVIRA,IRVAVIR,AMP_MASTER,AMP_012929,KRLRIRVAVIRA,KRLRIRVAVIRA,12,False,1,False,,2.5833,"sequence_length_not_in_[14,40]"
FAM_106,Cationic-rich,KLLKKLLKLL,KLLKKLLKLL,AMP_MASTER,AMP_013422,KWKKLLKKLLKLL,KWKKLLKKLLKLL,13,False,1,False,,2.5385,"sequence_length_not_in_[14,40]"
FAM_106,Cationic-rich,KLLKKLLKLL,KLLKKLLK,AMP_MASTER,AMP_013422,KWKKLLKKLLKLL,KWKKLLKKLLKLL,13,False,1,False,,2.5385,"sequence_length_not_in_[14,40]"
FAM_106,Cationic-rich,KLLKKLLKLL,KLLKKLLK,AMP_MASTER,AMP_013545,KWKYPKLLKKLLK,KWKYPKLLKKLLK,13,False,1,False,,2.3846,"sequence_length_not_in_[14,40]"
FAM_164,Cationic-rich,WQRNJRKV,WQRNJRKV,AMP_MASTER,AMP_013578,KWQRNIRKVRR,KWQRNIRKVRR,11,False,1,False,,2.0909,"sequence_length_not_in_[14,40]"
FAM_164,Cationic-rich,WQRNJRKV,WQRNIRKV,AMP_MASTER,AMP_013578,KWQRNIRKVRR,KWQRNIRKVRR,11,False,1,False,,2.0909,"sequence_length_not_in_[14,40]"
FAM_104,Cationic-rich,KKLLKKLC,LKKLLKKLKK,AMP_MASTER,AMP_014163,LKKLLKKLKKL,LKKLLKKLKKL,11,False,1,False,,2.4545,"sequence_length_not_in_[14,40]"
FAM_106,Cationic-rich,KLLKKLLKLL,KLLKKLLK,AMP_MASTER,AMP_014164,LKKLLKKLLK,LKKLLKKLLK,10,False,1,False,,2.5,"sequence_length_not_in_[14,40]"
FAM_106,Cationic-rich,KLLKKLLKLL,KLLKKLLK,AMP_MASTER,AMP_014165,LKKLLKKLLKKL,LKKLLKKLLKKL,12,False,1,False,,2.5,"sequence_length_not_in_[14,40]"
FAM_106,Cationic-rich,KLLKKLLKLL,KLLKKLLKLL,AMP_MASTER,AMP_014236,LKLLKKLLKLLKK,LKLLKKLLKLLKK,13,False,1,False,,2.5385,"sequence_length_not_in_[14,40]"
FAM_106,Cationic-rich,KLLKKLLKLL,KLLKKLLK,AMP_MASTER,AMP_014236,LKLLKKLLKLLKK,LKLLKKLLKLLKK,13,False,1,False,,2.5385,"sequence_length_not_in_[14,40]"
FAM_106,Cationic-rich,KLLKKLLKLL,KLLKKLLK,AMP_MASTER,AMP_014391,LLKKLLKKLLKK,LLKKLLKKLLKK,12,False,1,False,,2.5,"sequence_length_not_in_[14,40]"
FAM_106,Cationic-rich,KLLKKLLKLL,KLLKKLLK,AMP_MASTER,AMP_014392,LLKKLLKKLLKKC,LLKKLLKKLLKKC,13,False,1,False,,2.5385,"sequence_length_not_in_[14,40]"
FAM_106,Cationic-rich,KLLKKLLKLL,KLLKKLLK,AMP_MASTER,AMP_014394,LLKKLLKKLLKL,LLKKLLKKLLKL,12,False,1,False,,2.5833,"sequence_length_not_in_[14,40]"
FAM_106,Cationic-rich,KLLKKLLKLL,KLLKKLLK,AMP_MASTER,AMP_014496,LLWKLLKKLLK,LLWKLLKKLLK,11,False,1,False,,2.6364,"sequence_length_not_in_[14,40]"
FAM_090,Hydrophobic/signal-like,RIRVAVIRA,RIRVAVIRA,AMP_MASTER,AMP_014869,LRLRIRVAVIRA,LRLRIRVAVIRA,12,False,1,False,,2.6667,"sequence_length_not_in_[14,40]"
FAM_090,Hydrophobic/signal-like,RIRVAVIRA,IRVAVIR,AMP_MASTER,AMP_014869,LRLRIRVAVIRA,LRLRIRVAVIRA,12,False,1,False,,2.6667,"sequence_length_not_in_[14,40]"
FAM_088,Hydrophobic/signal-like,ILKFVYA,ILKFVYA,AMP_MASTER,AMP_015318,MAHILKFVYATILVLFLFFVATKVDGAVHKECKTDVDCRQIWFVTKCINHECQPIL,MAHILKFVYATILVLFLFFVATKVDGAVHKECKTDVDCRQIWFVTKCINHECQPIL,56,False,1,False,,2.375,"sequence_length_not_in_[14,40]"
FAM_024,Cys-rich,CKTDADC,CKTDADC,AMP_MASTER,AMP_015405,MAKTLNFVCAMILFISLFLVSKNVALYIIECKTDADCPISKLNMYNWRCIKSSCHLYKVIQFMV,MAKTLNFVCAMILFISLFLVSKNVALYIIECKTDADCPISKLNMYNWRCIKSSCHLYKVIQFMV,64,False,1,False,,2.375,"sequence_length_not_in_[14,40]"
FAM_024,Cys-rich,CKTDADC,CKTDADC,AMP_MASTER,AMP_015590,MDKTLKYMYTLISFISLFFIAKNDAVYIKCKTDADCPKSESTIFAMKCNNYRCIYDYIHKRNSYAT,MDKTLKYMYTLISFISLFFIAKNDAVYIKCKTDADCPKSESTIFAMKCNNYRCIYDYIHKRNSYAT,66,False,1,False,,2.197,"sequence_length_not_in_[14,40]"
FAM_090,Hydrophobic/signal-like,RIRVAVIRA,RIRVAVIRA,AMP_MASTER,AMP_017170,MRLRIRVAVIRA,MRLRIRVAVIRA,12,False,1,False,,2.6667,"sequence_length_not_in_[14,40]"
FAM_090,Hydrophobic/signal-like,RIRVAVIRA,IRVAVIR,AMP_MASTER,AMP_017170,MRLRIRVAVIRA,MRLRIRVAVIRA,12,False,1,False,,2.6667,"sequence_length_not_in_[14,40]"
FAM_090,Hydrophobic/signal-like,RIRVAVIRA,RIRVAVIRA,AMP_MASTER,AMP_017926,NRLRIRVAVIRA,NRLRIRVAVIRA,12,False,1,False,,2.5,"sequence_length_not_in_[14,40]"
FAM_090,Hydrophobic/signal-like,RIRVAVIRA,IRVAVIR,AMP_MASTER,AMP_017926,NRLRIRVAVIRA,NRLRIRVAVIRA,12,False,1,False,,2.5,"sequence_length_not_in_[14,40]"
FAM_090,Hydrophobic/signal-like,RIRVAVIRA,RIRVAVIRA,AMP_MASTER,AMP_018377,PRLRIRVAVIRA,PRLRIRVAVIRA,12,False,1,False,,2.5,"sequence_length_not_in_[14,40]"
FAM_090,Hydrophobic/signal-like,RIRVAVIRA,IRVAVIR,AMP_MASTER,AMP_018377,PRLRIRVAVIRA,PRLRIRVAVIRA,12,False,1,False,,2.5,"sequence_length_not_in_[14,40]"
FAM_090,Hydrophobic/signal-like,RIRVAVIRA,RIRVAVIRA,AMP_MASTER,AMP_018908,QRLRIRVAVIRA,QRLRIRVAVIRA,12,False,1,False,,2.5,"sequence_length_not_in_[14,40]"
FAM_090,Hydrophobic/signal-like,RIRVAVIRA,IRVAVIR,AMP_MASTER,AMP_018908,QRLRIRVAVIRA,QRLRIRVAVIRA,12,False,1,False,,2.5,"sequence_length_not_in_[14,40]"
FAM_164,Cationic-rich,WQRNJRKV,WQRNJRKV,AMP_MASTER,AMP_019295,RFWQRNIRKVRR,RFWQRNIRKVRR,12,False,1,False,,2.1667,"sequence_length_not_in_[14,40]"
FAM_164,Cationic-rich,WQRNJRKV,WQRNIRKV,AMP_MASTER,AMP_019295,RFWQRNIRKVRR,RFWQRNIRKVRR,12,False,1,False,,2.1667,"sequence_length_not_in_[14,40]"
FAM_123,Other,LQLTVWG,LQLTVWG,AMP_MASTER,AMP_019527,RIQQIEQKIHHIEQRIQQIEQRAIEAQQHLLQLTVWGIKQLQARIL,RIQQIEQKIHHIEQRIQQIEQRAIEAQQHLLQLTVWGIKQLQARIL,46,False,1,False,,2.0652,"sequence_length_not_in_[14,40]"
FAM_123,Other,LQLTVWG,QQHLLQLTVWGIKQLQA,AMP_MASTER,AMP_019527,RIQQIEQKIHHIEQRIQQIEQRAIEAQQHLLQLTVWGIKQLQARIL,RIQQIEQKIHHIEQRIQQIEQRAIEAQQHLLQLTVWGIKQLQARIL,46,False,1,False,,2.0652,"sequence_length_not_in_[14,40]"
FAM_123,Other,LQLTVWG,LQLTVWG,AMP_MASTER,AMP_019528,RIQQIEQKIHHIEQRIQQIEQRISGIVQQQNNLLRAIEAQQHLLQLTVWGIKQLQARIL,RIQQIEQKIHHIEQRIQQIEQRISGIVQQQNNLLRAIEAQQHLLQLTVWGIKQLQARIL,59,False,1,False,,2.0508,"sequence_length_not_in_[14,40]"
FAM_123,Other,LQLTVWG,QQHLLQLTVWGIKQLQA,AMP_MASTER,AMP_019528,RIQQIEQKIHHIEQRIQQIEQRISGIVQQQNNLLRAIEAQQHLLQLTVWGIKQLQARIL,RIQQIEQKIHHIEQRIQQIEQRISGIVQQQNNLLRAIEAQQHLLQLTVWGIKQLQARIL,59,False,1,False,,2.0508,"sequence_length_not_in_[14,40]"
FAM_123,Other,LQLTVWG,LQLTVWG,AMP_MASTER,AMP_019883,RMKQIEDKIEEIESKIKKIENEIARIKKLLQLTVWGIKQLQARIL,RMKQIEDKIEEIESKIKKIENEIARIKKLLQLTVWGIKQLQARIL,45,False,1,False,,2.1333,"sequence_length_not_in_[14,40]"
FAM_123,Other,LQLTVWG,LQLTVWG,AMP_MASTER,AMP_019884,RMKQIEDKIEEIESKPKKIENEIARIKKLLQLTVWGPKQLQARIL,RMKQIEDKIEEIESKPKKIENEIARIKKLLQLTVWGPKQLQARIL,45,False,1,False,,2.0444,"sequence_length_not_in_[14,40]"
FAM_123,Other,LQLTVWG,LQLTVWG,AMP_MASTER,AMP_019885,RMKQIEDKIEEIESKQKKIENEIARIKKLIEAQQHLLQLTVWGIKQLQARIL,RMKQIEDKIEEIESKQKKIENEIARIKKLIEAQQHLLQLTVWGIKQLQARIL,52,False,1,False,,2.0769,"sequence_length_not_in_[14,40]"
FAM_123,Other,LQLTVWG,QQHLLQLTVWGIKQLQA,AMP_MASTER,AMP_019885,RMKQIEDKIEEIESKQKKIENEIARIKKLIEAQQHLLQLTVWGIKQLQARIL,RMKQIEDKIEEIESKQKKIENEIARIKKLIEAQQHLLQLTVWGIKQLQARIL,52,False,1,False,,2.0769,"sequence_length_not_in_[14,40]"
FAM_123,Other,LQLTVWG,LQLTVWG,AMP_MASTER,AMP_019887,RMKQIEDKIEEIESKQKKIENEIARIKKLISGIVQQQNNLLRAIEAQQHLLQLTVWGIKQLQARIL,RMKQIEDKIEEIESKQKKIENEIARIKKLISGIVQQQNNLLRAIEAQQHLLQLTVWGIKQLQARIL,66,False,1,False,,2.0758,"sequence_length_not_in_[14,40]"
FAM_123,Other,LQLTVWG,QQHLLQLTVWGIKQLQA,AMP_MASTER,AMP_019887,RMKQIEDKIEEIESKQKKIENEIARIKKLISGIVQQQNNLLRAIEAQQHLLQLTVWGIKQLQARIL,RMKQIEDKIEEIESKQKKIENEIARIKKLISGIVQQQNNLLRAIEAQQHLLQLTVWGIKQLQARIL,66,False,1,False,,2.0758,"sequence_length_not_in_[14,40]"
FAM_090,Hydrophobic/signal-like,RIRVAVIRA,RIRVAVIRA,AMP_MASTER,AMP_020456,RRLRIRVAVIRA,RRLRIRVAVIRA,12,False,1,False,,2.5833,"sequence_length_not_in_[14,40]"
FAM_090,Hydrophobic/signal-like,RIRVAVIRA,IRVAVIR,AMP_MASTER,AMP_020456,RRLRIRVAVIRA,RRLRIRVAVIRA,12,False,1,False,,2.5833,"sequence_length_not_in_[14,40]"
FAM_164,Cationic-rich,WQRNJRKV,WQRNJRKV,AMP_MASTER,AMP_020705,RRWQRNIRKVRR,RRWQRNIRKVRR,12,False,1,False,,2.0833,"sequence_length_not_in_[14,40]"
FAM_164,Cationic-rich,WQRNJRKV,WQRNIRKV,AMP_MASTER,AMP_020705,RRWQRNIRKVRR,RRWQRNIRKVRR,12,False,1,False,,2.0833,"sequence_length_not_in_[14,40]"
FAM_090,Hydrophobic/signal-like,RIRVAVIRA,RIRVAVIRA,AMP_MASTER,AMP_022045,SRLRIRVAVIRA,SRLRIRVAVIRA,12,False,1,False,,2.5,"sequence_length_not_in_[14,40]"
FAM_090,Hydrophobic/signal-like,RIRVAVIRA,IRVAVIR,AMP_MASTER,AMP_022045,SRLRIRVAVIRA,SRLRIRVAVIRA,12,False,1,False,,2.5,"sequence_length_not_in_[14,40]"
FAM_090,Hydrophobic/signal-like,RIRVAVIRA,RIRVAVIRA,AMP_MASTER,AMP_022737,TRLRIRVAVIRA,TRLRIRVAVIRA,12,False,1,False,,2.5,"sequence_length_not_in_[14,40]"
FAM_090,Hydrophobic/signal-like,RIRVAVIRA,IRVAVIR,AMP_MASTER,AMP_022737,TRLRIRVAVIRA,TRLRIRVAVIRA,12,False,1,False,,2.5,"sequence_length_not_in_[14,40]"
FAM_090,Hydrophobic/signal-like,RIRVAVIRA,RIRVAVIRA,AMP_MASTER,AMP_022987,VALRIRVAVIRA,VALRIRVAVIRA,12,False,1,False,,2.75,"sequence_length_not_in_[14,40]"
FAM_090,Hydrophobic/signal-like,RIRVAVIRA,IRVAVIR,AMP_MASTER,AMP_022987,VALRIRVAVIRA,VALRIRVAVIRA,12,False,1,False,,2.75,"sequence_length_not_in_[14,40]"
FAM_090,Hydrophobic/signal-like,RIRVAVIRA,RIRVAVIRA,AMP_MASTER,AMP_023030,VCWRIRVAVIRA,VCWRIRVAVIRA,12,False,1,False,,2.75,"sequence_length_not_in_[14,40]"
FAM_090,Hydrophobic/signal-like,RIRVAVIRA,IRVAVIR,AMP_MASTER,AMP_023030,VCWRIRVAVIRA,VCWRIRVAVIRA,12,False,1,False,,2.75,"sequence_length_not_in_[14,40]"
FAM_090,Hydrophobic/signal-like,RIRVAVIRA,RIRVAVIRA,AMP_MASTER,AMP_023246,VDLRIRVAVIRA,VDLRIRVAVIRA,12,False,1,False,,2.5833,"sequence_length_not_in_[14,40]"
FAM_090,Hydrophobic/signal-like,RIRVAVIRA,IRVAVIR,AMP_MASTER,AMP_023246,VDLRIRVAVIRA,VDLRIRVAVIRA,12,False,1,False,,2.5833,"sequence_length_not_in_[14,40]"
FAM_090,Hydrophobic/signal-like,RIRVAVIRA,RIRVAVIRA,AMP_MASTER,AMP_023269,VELRIRVAVIRA,VELRIRVAVIRA,12,False,1,False,,2.5833,"sequence_length_not_in_[14,40]"
FAM_090,Hydrophobic/signal-like,RIRVAVIRA,IRVAVIR,AMP_MASTER,AMP_023269,VELRIRVAVIRA,VELRIRVAVIRA,12,False,1,False,,2.5833,"sequence_length_not_in_[14,40]"
FAM_090,Hydrophobic/signal-like,RIRVAVIRA,RIRVAVIRA,AMP_MASTER,AMP_023314,VFLRIRVAVIRA,VFLRIRVAVIRA,12,False,1,False,,2.75,"sequence_length_not_in_[14,40]"
FAM_090,Hydrophobic/signal-like,RIRVAVIRA,IRVAVIR,AMP_MASTER,AMP_023314,VFLRIRVAVIRA,VFLRIRVAVIRA,12,False,1,False,,2.75,"sequence_length_not_in_[14,40]"
FAM_090,Hydrophobic/signal-like,RIRVAVIRA,RIRVAVIRA,AMP_MASTER,AMP_023359,VGLRIRVAVIRA,VGLRIRVAVIRA,12,False,1,False,,2.75,"sequence_length_not_in_[14,40]"
FAM_090,Hydrophobic/signal-like,RIRVAVIRA,IRVAVIR,AMP_MASTER,AMP_023359,VGLRIRVAVIRA,VGLRIRVAVIRA,12,False,1,False,,2.75,"sequence_length_not_in_[14,40]"
FAM_090,Hydrophobic/signal-like,RIRVAVIRA,RIRVAVIRA,AMP_MASTER,AMP_023388,VHLRIRVAVIRA,VHLRIRVAVIRA,12,False,1,False,,2.6667,"sequence_length_not_in_[14,40]"
FAM_090,Hydrophobic/signal-like,RIRVAVIRA,IRVAVIR,AMP_MASTER,AMP_023388,VHLRIRVAVIRA,VHLRIRVAVIRA,12,False,1,False,,2.6667,"sequence_length_not_in_[14,40]"
FAM_090,Hydrophobic/signal-like,RIRVAVIRA,RIRVAVIRA,AMP_MASTER,AMP_023420,VILRIRVAVIRA,VILRIRVAVIRA,12,False,1,False,,2.75,"sequence_length_not_in_[14,40]"
FAM_090,Hydrophobic/signal-like,RIRVAVIRA,IRVAVIR,AMP_MASTER,AMP_023420,VILRIRVAVIRA,VILRIRVAVIRA,12,False,1,False,,2.75,"sequence_length_not_in_[14,40]"
FAM_090,Hydrophobic/signal-like,RIRVAVIRA,RIRVAVIRA,AMP_MASTER,AMP_023512,VKLRIRVAVIRA,VKLRIRVAVIRA,12,False,1,False,,2.6667,"sequence_length_not_in_[14,40]"
FAM_090,Hydrophobic/signal-like,RIRVAVIRA,IRVAVIR,AMP_MASTER,AMP_023512,VKLRIRVAVIRA,VKLRIRVAVIRA,12,False,1,False,,2.6667,"sequence_length_not_in_[14,40]"
FAM_090,Hydrophobic/signal-like,RIRVAVIRA,RIRVAVIRA,AMP_MASTER,AMP_023592,VLLRIRVAVIRA,VLLRIRVAVIRA,12,False,1,False,,2.75,"sequence_length_not_in_[14,40]"
FAM_090,Hydrophobic/signal-like,RIRVAVIRA,IRVAVIR,AMP_MASTER,AMP_023592,VLLRIRVAVIRA,VLLRIRVAVIRA,12,False,1,False,,2.75,"sequence_length_not_in_[14,40]"
FAM_090,Hydrophobic/signal-like,RIRVAVIRA,RIRVAVIRA,AMP_MASTER,AMP_023635,VMLRIRVAVIRA,VMLRIRVAVIRA,12,False,1,False,,2.75,"sequence_length_not_in_[14,40]"
FAM_090,Hydrophobic/signal-like,RIRVAVIRA,IRVAVIR,AMP_MASTER,AMP_023635,VMLRIRVAVIRA,VMLRIRVAVIRA,12,False,1,False,,2.75,"sequence_length_not_in_[14,40]"
FAM_090,Hydrophobic/signal-like,RIRVAVIRA,RIRVAVIRA,AMP_MASTER,AMP_023656,VNLRIRVAVIRA,VNLRIRVAVIRA,12,False,1,False,,2.5833,"sequence_length_not_in_[14,40]"
FAM_090,Hydrophobic/signal-like,RIRVAVIRA,IRVAVIR,AMP_MASTER,AMP_023656,VNLRIRVAVIRA,VNLRIRVAVIRA,12,False,1,False,,2.5833,"sequence_length_not_in_[14,40]"
FAM_090,Hydrophobic/signal-like,RIRVAVIRA,RIRVAVIRA,AMP_MASTER,AMP_023692,VPLRIRVAVIRA,VPLRIRVAVIRA,12,False,1,False,,2.5833,"sequence_length_not_in_[14,40]"
FAM_090,Hydrophobic/signal-like,RIRVAVIRA,IRVAVIR,AMP_MASTER,AMP_023692,VPLRIRVAVIRA,VPLRIRVAVIRA,12,False,1,False,,2.5833,"sequence_length_not_in_[14,40]"
FAM_090,Hydrophobic/signal-like,RIRVAVIRA,RIRVAVIRA,AMP_MASTER,AMP_023728,VQLRIRVAVIRA,VQLRIRVAVIRA,12,False,1,False,,2.5833,"sequence_length_not_in_[14,40]"
FAM_090,Hydrophobic/signal-like,RIRVAVIRA,IRVAVIR,AMP_MASTER,AMP_023728,VQLRIRVAVIRA,VQLRIRVAVIRA,12,False,1,False,,2.5833,"sequence_length_not_in_[14,40]"
FAM_090,Hydrophobic/signal-like,RIRVAVIRA,IRVAVIR,AMP_MASTER,AMP_023741,VQWRIRVAVIRK,VQWRIRVAVIRK,12,False,1,False,,2.5,"sequence_length_not_in_[14,40]"
FAM_090,Hydrophobic/signal-like,RIRVAVIRA,RIRVAVIRA,AMP_MASTER,AMP_023745,VRARIRVAVIRA,VRARIRVAVIRA,12,False,1,False,,2.6667,"sequence_length_not_in_[14,40]"
FAM_090,Hydrophobic/signal-like,RIRVAVIRA,IRVAVIR,AMP_MASTER,AMP_023745,VRARIRVAVIRA,VRARIRVAVIRA,12,False,1,False,,2.6667,"sequence_length_not_in_[14,40]"
FAM_090,Hydrophobic/signal-like,RIRVAVIRA,RIRVAVIRA,AMP_MASTER,AMP_023749,VRDRIRVAVIRA,VRDRIRVAVIRA,12,False,1,False,,2.5,"sequence_length_not_in_[14,40]"
FAM_090,Hydrophobic/signal-like,RIRVAVIRA,IRVAVIR,AMP_MASTER,AMP_023749,VRDRIRVAVIRA,VRDRIRVAVIRA,12,False,1,False,,2.5,"sequence_length_not_in_[14,40]"
FAM_090,Hydrophobic/signal-like,RIRVAVIRA,RIRVAVIRA,AMP_MASTER,AMP_023750,VRERIRVAVIRA,VRERIRVAVIRA,12,False,1,False,,2.5,"sequence_length_not_in_[14,40]"
FAM_090,Hydrophobic/signal-like,RIRVAVIRA,IRVAVIR,AMP_MASTER,AMP_023750,VRERIRVAVIRA,VRERIRVAVIRA,12,False,1,False,,2.5,"sequence_length_not_in_[14,40]"
FAM_090,Hydrophobic/signal-like,RIRVAVIRA,RIRVAVIRA,AMP_MASTER,AMP_023753,VRGRIRVAVIRA,VRGRIRVAVIRA,12,False,1,False,,2.6667,"sequence_length_not_in_[14,40]"
FAM_090,Hydrophobic/signal-like,RIRVAVIRA,IRVAVIR,AMP_MASTER,AMP_023753,VRGRIRVAVIRA,VRGRIRVAVIRA,12,False,1,False,,2.6667,"sequence_length_not_in_[14,40]"
FAM_090,Hydrophobic/signal-like,RIRVAVIRA,RIRVAVIRA,AMP_MASTER,AMP_023755,VRHRIRVAVIRA,VRHRIRVAVIRA,12,False,1,False,,2.5833,"sequence_length_not_in_[14,40]"
FAM_090,Hydrophobic/signal-like,RIRVAVIRA,IRVAVIR,AMP_MASTER,AMP_023755,VRHRIRVAVIRA,VRHRIRVAVIRA,12,False,1,False,,2.5833,"sequence_length_not_in_[14,40]"
FAM_090,Hydrophobic/signal-like,RIRVAVIRA,RIRVAVIRA,AMP_MASTER,AMP_023760,VRIRIRVAVIRA,VRIRIRVAVIRA,12,False,1,False,,2.6667,"sequence_length_not_in_[14,40]"
FAM_090,Hydrophobic/signal-like,RIRVAVIRA,IRVAVIR,AMP_MASTER,AMP_023760,VRIRIRVAVIRA,VRIRIRVAVIRA,12,False,1,False,,2.6667,"sequence_length_not_in_[14,40]"
FAM_090,Hydrophobic/signal-like,RIRVAVIRA,RIRVAVIRA,AMP_MASTER,AMP_023773,VRKRIRVAVIRA,VRKRIRVAVIRA,12,False,1,False,,2.5833,"sequence_length_not_in_[14,40]"
FAM_090,Hydrophobic/signal-like,RIRVAVIRA,IRVAVIR,AMP_MASTER,AMP_023773,VRKRIRVAVIRA,VRKRIRVAVIRA,12,False,1,False,,2.5833,"sequence_length_not_in_[14,40]"
FAM_090,Hydrophobic/signal-like,RIRVAVIRA,IRVAVIR,AMP_MASTER,AMP_023777,VRLAIRVAVIRA,VRLAIRVAVIRA,12,False,1,False,,2.75,"sequence_length_not_in_[14,40]"
FAM_090,Hydrophobic/signal-like,RIRVAVIRA,IRVAVIR,AMP_MASTER,AMP_023780,VRLDIRVAVIRA,VRLDIRVAVIRA,12,False,1,False,,2.5833,"sequence_length_not_in_[14,40]"
FAM_090,Hydrophobic/signal-like,RIRVAVIRA,IRVAVIR,AMP_MASTER,AMP_023784,VRLEIRVAVIRA,VRLEIRVAVIRA,12,False,1,False,,2.5833,"sequence_length_not_in_[14,40]"
FAM_090,Hydrophobic/signal-like,RIRVAVIRA,IRVAVIR,AMP_MASTER,AMP_023785,VRLFIRVAVIRA,VRLFIRVAVIRA,12,False,1,False,,2.75,"sequence_length_not_in_[14,40]"
FAM_090,Hydrophobic/signal-like,RIRVAVIRA,IRVAVIR,AMP_MASTER,AMP_023786,VRLGIRVAVIRA,VRLGIRVAVIRA,12,False,1,False,,2.75,"sequence_length_not_in_[14,40]"
FAM_090,Hydrophobic/signal-like,RIRVAVIRA,IRVAVIR,AMP_MASTER,AMP_023789,VRLHIRVAVIRA,VRLHIRVAVIRA,12,False,1,False,,2.6667,"sequence_length_not_in_[14,40]"
FAM_090,Hydrophobic/signal-like,RIRVAVIRA,IRVAVIR,AMP_MASTER,AMP_023790,VRLIIRVAVIRA,VRLIIRVAVIRA,12,False,1,False,,2.75,"sequence_length_not_in_[14,40]"
FAM_090,Hydrophobic/signal-like,RIRVAVIRA,IRVAVIR,AMP_MASTER,AMP_023797,VRLKIRVAVIRA,VRLKIRVAVIRA,12,False,1,False,,2.6667,"sequence_length_not_in_[14,40]"
FAM_090,Hydrophobic/signal-like,RIRVAVIRA,IRVAVIR,AMP_MASTER,AMP_023798,VRLLIRVAVIRA,VRLLIRVAVIRA,12,False,1,False,,2.75,"sequence_length_not_in_[14,40]"
FAM_090,Hydrophobic/signal-like,RIRVAVIRA,IRVAVIR,AMP_MASTER,AMP_023799,VRLMIRVAVIRA,VRLMIRVAVIRA,12,False,1,False,,2.75,"sequence_length_not_in_[14,40]"
FAM_090,Hydrophobic/signal-like,RIRVAVIRA,IRVAVIR,AMP_MASTER,AMP_023800,VRLNIRVAVIRA,VRLNIRVAVIRA,12,False,1,False,,2.5833,"sequence_length_not_in_[14,40]"
FAM_090,Hydrophobic/signal-like,RIRVAVIRA,IRVAVIR,AMP_MASTER,AMP_023801,VRLPIRVAVIRA,VRLPIRVAVIRA,12,False,1,False,,2.5833,"sequence_length_not_in_[14,40]"
FAM_090,Hydrophobic/signal-like,RIRVAVIRA,IRVAVIR,AMP_MASTER,AMP_023805,VRLQIRVAVIRA,VRLQIRVAVIRA,12,False,1,False,,2.5833,"sequence_length_not_in_[14,40]"
FAM_090,Hydrophobic/signal-like,RIRVAVIRA,IRVAVIR,AMP_MASTER,AMP_023876,VRLRIRVAVIRD,VRLRIRVAVIRD,12,False,1,False,,2.5,"sequence_length_not_in_[14,40]"
FAM_090,Hydrophobic/signal-like,RIRVAVIRA,IRVAVIR,AMP_MASTER,AMP_023877,VRLRIRVAVIRE,VRLRIRVAVIRE,12,False,1,False,,2.5,"sequence_length_not_in_[14,40]"
FAM_090,Hydrophobic/signal-like,RIRVAVIRA,IRVAVIR,AMP_MASTER,AMP_023878,VRLRIRVAVIRF,VRLRIRVAVIRF,12,False,1,False,,2.6667,"sequence_length_not_in_[14,40]"
FAM_090,Hydrophobic/signal-like,RIRVAVIRA,IRVAVIR,AMP_MASTER,AMP_023879,VRLRIRVAVIRG,VRLRIRVAVIRG,12,False,1,False,,2.6667,"sequence_length_not_in_[14,40]"
FAM_090,Hydrophobic/signal-like,RIRVAVIRA,IRVAVIR,AMP_MASTER,AMP_023880,VRLRIRVAVIRH,VRLRIRVAVIRH,12,False,1,False,,2.5833,"sequence_length_not_in_[14,40]"
FAM_090,Hydrophobic/signal-like,RIRVAVIRA,IRVAVIR,AMP_MASTER,AMP_023881,VRLRIRVAVIRI,VRLRIRVAVIRI,12,False,1,False,,2.6667,"sequence_length_not_in_[14,40]"
FAM_090,Hydrophobic/signal-like,RIRVAVIRA,IRVAVIR,AMP_MASTER,AMP_023882,VRLRIRVAVIRL,VRLRIRVAVIRL,12,False,1,False,,2.6667,"sequence_length_not_in_[14,40]"
FAM_090,Hydrophobic/signal-like,RIRVAVIRA,IRVAVIR,AMP_MASTER,AMP_023883,VRLRIRVAVIRM,VRLRIRVAVIRM,12,False,1,False,,2.6667,"sequence_length_not_in_[14,40]"
FAM_090,Hydrophobic/signal-like,RIRVAVIRA,IRVAVIR,AMP_MASTER,AMP_023884,VRLRIRVAVIRN,VRLRIRVAVIRN,12,False,1,False,,2.5,"sequence_length_not_in_[14,40]"
FAM_090,Hydrophobic/signal-like,RIRVAVIRA,IRVAVIR,AMP_MASTER,AMP_023885,VRLRIRVAVIRP,VRLRIRVAVIRP,12,False,1,False,,2.5,"sequence_length_not_in_[14,40]"
FAM_090,Hydrophobic/signal-like,RIRVAVIRA,IRVAVIR,AMP_MASTER,AMP_023886,VRLRIRVAVIRQ,VRLRIRVAVIRQ,12,False,1,False,,2.5,"sequence_length_not_in_[14,40]"
FAM_090,Hydrophobic/signal-like,RIRVAVIRA,IRVAVIR,AMP_MASTER,AMP_023887,VRLRIRVAVIRR,VRLRIRVAVIRR,12,False,1,False,,2.5833,"sequence_length_not_in_[14,40]"
FAM_090,Hydrophobic/signal-like,RIRVAVIRA,IRVAVIR,AMP_MASTER,AMP_023888,VRLRIRVAVIRS,VRLRIRVAVIRS,12,False,1,False,,2.5,"sequence_length_not_in_[14,40]"
FAM_090,Hydrophobic/signal-like,RIRVAVIRA,IRVAVIR,AMP_MASTER,AMP_023889,VRLRIRVAVIRT,VRLRIRVAVIRT,12,False,1,False,,2.5,"sequence_length_not_in_[14,40]"
FAM_090,Hydrophobic/signal-like,RIRVAVIRA,IRVAVIR,AMP_MASTER,AMP_023890,VRLRIRVAVIRV,VRLRIRVAVIRV,12,False,1,False,,2.6667,"sequence_length_not_in_[14,40]"
FAM_090,Hydrophobic/signal-like,RIRVAVIRA,IRVAVIR,AMP_MASTER,AMP_023891,VRLRIRVAVIRW,VRLRIRVAVIRW,12,False,1,False,,2.6667,"sequence_length_not_in_[14,40]"
FAM_090,Hydrophobic/signal-like,RIRVAVIRA,IRVAVIR,AMP_MASTER,AMP_023892,VRLRIRVAVIRY,VRLRIRVAVIRY,12,False,1,False,,2.6667,"sequence_length_not_in_[14,40]"
FAM_090,Hydrophobic/signal-like,RIRVAVIRA,IRVAVIR,AMP_MASTER,AMP_023950,VRLSIRVAVIRA,VRLSIRVAVIRA,12,False,1,False,,2.5833,"sequence_length_not_in_[14,40]"
FAM_090,Hydrophobic/signal-like,RIRVAVIRA,IRVAVIR,AMP_MASTER,AMP_023952,VRLTIRVAVIRA,VRLTIRVAVIRA,12,False,1,False,,2.5833,"sequence_length_not_in_[14,40]"
FAM_090,Hydrophobic/signal-like,RIRVAVIRA,IRVAVIR,AMP_MASTER,AMP_023953,VRLVIRVAVIRA,VRLVIRVAVIRA,12,False,1,False,,2.75,"sequence_length_not_in_[14,40]"
FAM_090,Hydrophobic/signal-like,RIRVAVIRA,IRVAVIR,AMP_MASTER,AMP_023954,VRLYIRVAVIRA,VRLYIRVAVIRA,12,False,1,False,,2.75,"sequence_length_not_in_[14,40]"
FAM_090,Hydrophobic/signal-like,RIRVAVIRA,RIRVAVIRA,AMP_MASTER,AMP_023955,VRMRIRVAVIRA,VRMRIRVAVIRA,12,False,1,False,,2.6667,"sequence_length_not_in_[14,40]"
FAM_090,Hydrophobic/signal-like,RIRVAVIRA,IRVAVIR,AMP_MASTER,AMP_023955,VRMRIRVAVIRA,VRMRIRVAVIRA,12,False,1,False,,2.6667,"sequence_length_not_in_[14,40]"
FAM_090,Hydrophobic/signal-like,RIRVAVIRA,RIRVAVIRA,AMP_MASTER,AMP_023958,VRNRIRVAVIRA,VRNRIRVAVIRA,12,False,1,False,,2.5,"sequence_length_not_in_[14,40]"
FAM_090,Hydrophobic/signal-like,RIRVAVIRA,IRVAVIR,AMP_MASTER,AMP_023958,VRNRIRVAVIRA,VRNRIRVAVIRA,12,False,1,False,,2.5,"sequence_length_not_in_[14,40]"
FAM_090,Hydrophobic/signal-like,RIRVAVIRA,RIRVAVIRA,AMP_MASTER,AMP_023961,VRPRIRVAVIRA,VRPRIRVAVIRA,12,False,1,False,,2.5,"sequence_length_not_in_[14,40]"
FAM_090,Hydrophobic/signal-like,RIRVAVIRA,IRVAVIR,AMP_MASTER,AMP_023961,VRPRIRVAVIRA,VRPRIRVAVIRA,12,False,1,False,,2.5,"sequence_length_not_in_[14,40]"
FAM_090,Hydrophobic/signal-like,RIRVAVIRA,RIRVAVIRA,AMP_MASTER,AMP_023966,VRQRIRVAVIRA,VRQRIRVAVIRA,12,False,1,False,,2.5,"sequence_length_not_in_[14,40]"
FAM_090,Hydrophobic/signal-like,RIRVAVIRA,IRVAVIR,AMP_MASTER,AMP_023966,VRQRIRVAVIRA,VRQRIRVAVIRA,12,False,1,False,,2.5,"sequence_length_not_in_[14,40]"
FAM_090,Hydrophobic/signal-like,RIRVAVIRA,RIRVAVIRA,AMP_MASTER,AMP_023989,VRRRIRVAVIRA,VRRRIRVAVIRA,12,False,1,False,,2.5833,"sequence_length_not_in_[14,40]"
FAM_090,Hydrophobic/signal-like,RIRVAVIRA,IRVAVIR,AMP_MASTER,AMP_023989,VRRRIRVAVIRA,VRRRIRVAVIRA,12,False,1,False,,2.5833,"sequence_length_not_in_[14,40]"
FAM_090,Hydrophobic/signal-like,RIRVAVIRA,RIRVAVIRA,AMP_MASTER,AMP_023998,VRSRIRVAVIRA,VRSRIRVAVIRA,12,False,1,False,,2.5,"sequence_length_not_in_[14,40]"
FAM_090,Hydrophobic/signal-like,RIRVAVIRA,IRVAVIR,AMP_MASTER,AMP_023998,VRSRIRVAVIRA,VRSRIRVAVIRA,12,False,1,False,,2.5,"sequence_length_not_in_[14,40]"
FAM_090,Hydrophobic/signal-like,RIRVAVIRA,RIRVAVIRA,AMP_MASTER,AMP_023999,VRTRIRVAVIRA,VRTRIRVAVIRA,12,False,1,False,,2.5,"sequence_length_not_in_[14,40]"
FAM_090,Hydrophobic/signal-like,RIRVAVIRA,IRVAVIR,AMP_MASTER,AMP_023999,VRTRIRVAVIRA,VRTRIRVAVIRA,12,False,1,False,,2.5,"sequence_length_not_in_[14,40]"
FAM_090,Hydrophobic/signal-like,RIRVAVIRA,RIRVAVIRA,AMP_MASTER,AMP_024004,VRVRIRVAVIRA,VRVRIRVAVIRA,12,False,1,False,,2.6667,"sequence_length_not_in_[14,40]"
FAM_090,Hydrophobic/signal-like,RIRVAVIRA,IRVAVIR,AMP_MASTER,AMP_024004,VRVRIRVAVIRA,VRVRIRVAVIRA,12,False,1,False,,2.6667,"sequence_length_not_in_[14,40]"
FAM_090,Hydrophobic/signal-like,RIRVAVIRA,RIRVAVIRA,AMP_MASTER,AMP_024009,VRYRIRVAVIRA,VRYRIRVAVIRA,12,False,1,False,,2.6667,"sequence_length_not_in_[14,40]"
FAM_090,Hydrophobic/signal-like,RIRVAVIRA,IRVAVIR,AMP_MASTER,AMP_024009,VRYRIRVAVIRA,VRYRIRVAVIRA,12,False,1,False,,2.6667,"sequence_length_not_in_[14,40]"
FAM_090,Hydrophobic/signal-like,RIRVAVIRA,RIRVAVIRA,AMP_MASTER,AMP_024046,VSLRIRVAVIRA,VSLRIRVAVIRA,12,False,1,False,,2.5833,"sequence_length_not_in_[14,40]"
FAM_090,Hydrophobic/signal-like,RIRVAVIRA,IRVAVIR,AMP_MASTER,AMP_024046,VSLRIRVAVIRA,VSLRIRVAVIRA,12,False,1,False,,2.5833,"sequence_length_not_in_[14,40]"
FAM_090,Hydrophobic/signal-like,RIRVAVIRA,RIRVAVIRA,AMP_MASTER,AMP_024123,VTLRIRVAVIRA,VTLRIRVAVIRA,12,False,1,False,,2.5833,"sequence_length_not_in_[14,40]"
FAM_090,Hydrophobic/signal-like,RIRVAVIRA,IRVAVIR,AMP_MASTER,AMP_024123,VTLRIRVAVIRA,VTLRIRVAVIRA,12,False,1,False,,2.5833,"sequence_length_not_in_[14,40]"
FAM_090,Hydrophobic/signal-like,RIRVAVIRA,RIRVAVIRA,AMP_MASTER,AMP_024180,VVLRIRVAVIRA,VVLRIRVAVIRA,12,False,1,False,,2.75,"sequence_length_not_in_[14,40]"
FAM_090,Hydrophobic/signal-like,RIRVAVIRA,IRVAVIR,AMP_MASTER,AMP_024180,VVLRIRVAVIRA,VVLRIRVAVIRA,12,False,1,False,,2.75,"sequence_length_not_in_[14,40]"
FAM_090,Hydrophobic/signal-like,RIRVAVIRA,RIRVAVIRA,AMP_MASTER,AMP_024207,VWLRIRVAVIRA,VWLRIRVAVIRA,12,False,1,False,,2.75,"sequence_length_not_in_[14,40]"
FAM_090,Hydrophobic/signal-like,RIRVAVIRA,IRVAVIR,AMP_MASTER,AMP_024207,VWLRIRVAVIRA,VWLRIRVAVIRA,12,False,1,False,,2.75,"sequence_length_not_in_[14,40]"
FAM_090,Hydrophobic/signal-like,RIRVAVIRA,RIRVAVIRA,AMP_MASTER,AMP_024234,VYLRIRVAVIRA,VYLRIRVAVIRA,12,False,1,False,,2.75,"sequence_length_not_in_[14,40]"
FAM_090,Hydrophobic/signal-like,RIRVAVIRA,IRVAVIR,AMP_MASTER,AMP_024234,VYLRIRVAVIRA,VYLRIRVAVIRA,12,False,1,False,,2.75,"sequence_length_not_in_[14,40]"
FAM_090,Hydrophobic/signal-like,RIRVAVIRA,RIRVAVIRA,AMP_MASTER,AMP_024743,WRLRIRVAVIRA,WRLRIRVAVIRA,12,False,1,False,,2.6667,"sequence_length_not_in_[14,40]"
FAM_090,Hydrophobic/signal-like,RIRVAVIRA,IRVAVIR,AMP_MASTER,AMP_024743,WRLRIRVAVIRA,WRLRIRVAVIRA,12,False,1,False,,2.6667,"sequence_length_not_in_[14,40]"
FAM_090,Hydrophobic/signal-like,RIRVAVIRA,RIRVAVIRA,AMP_MASTER,AMP_025344,YRLRIRVAVIRA,YRLRIRVAVIRA,12,False,1,False,,2.6667,"sequence_length_not_in_[14,40]"
FAM_090,Hydrophobic/signal-like,RIRVAVIRA,IRVAVIR,AMP_MASTER,AMP_025344,YRLRIRVAVIRA,YRLRIRVAVIRA,12,False,1,False,,2.6667,"sequence_length_not_in_[14,40]"
FAM_054,Other,FIKHFIHR,FIKHFIHR,AMP_MASTER,AMP_021251,RWRWRWFGGGFIKHFIHRF,RWRWRWFGGGFIKHFIHRF,19,True,1,False,,4.6316,beyond_top_2_per_motif
FAM_054,Other,FIKHFIHR,FIKHFIHR,AMP_MASTER,AMP_004009,FIKHFIHRFGGGFKKFWKWFRRF,FIKHFIHRFGGGFKKFWKWFRRF,23,True,1,False,,4.6087,beyond_top_2_per_motif
FAM_054,Other,FIKHFIHR,FIKHFIHR,AMP_MASTER,AMP_004156,FKKFWKWFRRFGGGFIKHFIHRF,FKKFWKWFRRFGGGFIKHFIHRF,23,True,1,False,,4.6087,beyond_top_2_per_motif
FAM_054,Other,FIKHFIHR,FIKHFIHR,AMP_MASTER,AMP_004017,FIKHFIHRFSGGRWRWRWF,FIKHFIHRFSGGRWRWRWF,19,True,1,False,,4.5263,beyond_top_2_per_motif
FAM_054,Other,FIKHFIHR,FIKHFIHR,AMP_MASTER,AMP_021259,RWRWRWFSGGFIKHFIHRF,RWRWRWFSGGFIKHFIHRF,19,True,1,False,,4.5263,beyond_top_2_per_motif
FAM_054,Other,FIKHFIHR,FIKHFIHR,AMP_MASTER,AMP_004010,FIKHFIHRFGGGIKQLLHFFQRF,FIKHFIHRFGGGIKQLLHFFQRF,23,True,1,False,,4.5217,beyond_top_2_per_motif
FAM_054,Other,FIKHFIHR,FIKHFIHR,AMP_MASTER,AMP_010271,IKQLLHFFQRFGGGFIKHFIHRF,IKQLLHFFQRFGGGFIKHFIHRF,23,True,1,False,,4.5217,beyond_top_2_per_motif
FAM_054,Other,FIKHFIHR,FIKHFIHR,AMP_MASTER,AMP_003913,FHFHLHFASASAFIKHFIHRF,FHFHLHFASASAFIKHFIHRF,21,True,1,False,,4.4762,beyond_top_2_per_motif
FAM_054,Other,FIKHFIHR,FIKHFIHR,AMP_MASTER,AMP_004016,FIKHFIHRFSGGRWRRLLKKLHHLLH,FIKHFIHRFSGGRWRRLLKKLHHLLH,26,True,1,False,,4.4615,beyond_top_2_per_motif
FAM_054,Other,FIKHFIHR,FIKHFIHR,AMP_MASTER,AMP_021200,RWRRLLKKLHHLLHSGGFIKHFIHRF,RWRRLLKKLHHLLHSGGFIKHFIHRF,26,True,1,False,,4.4615,beyond_top_2_per_motif
FAM_054,Other,FIKHFIHR,FIKHFIHR,AMP_MASTER,AMP_004015,FIKHFIHRFSGGLQLLKQLLKLLKQF,FIKHFIHRFSGGLQLLKQLLKLLKQF,26,True,1,False,,4.4231,beyond_top_2_per_motif
FAM_054,Other,FIKHFIHR,FIKHFIHR,AMP_MASTER,AMP_014702,LQLLKQLLKLLKQFSGGFIKHFIHRF,LQLLKQLLKLLKQFSGGFIKHFIHRF,26,True,1,False,,4.4231,beyond_top_2_per_motif
FAM_054,Other,FIKHFIHR,FIKHFIHR,AMP_MASTER,AMP_003917,FHFHLHFPYPFIKHFIHRF,FHFHLHFPYPFIKHFIHRF,19,True,1,False,,4.4211,beyond_top_2_per_motif
FAM_054,Other,FIKHFIHR,FIKHFIHR,AMP_MASTER,AMP_003918,FHFHLHFSATFIKHFIHRF,FHFHLHFSATFIKHFIHRF,19,True,1,False,,4.4211,beyond_top_2_per_motif
FAM_054,Other,FIKHFIHR,FIKHFIHR,AMP_MASTER,AMP_004014,FIKHFIHRFSATRWRWRWF,FIKHFIHRFSATRWRWRWF,19,True,1,False,,4.4211,beyond_top_2_per_motif
FAM_054,Other,FIKHFIHR,FIKHFIHR,AMP_MASTER,AMP_021258,RWRWRWFSATFIKHFIHRF,RWRWRWFSATFIKHFIHRF,19,True,1,False,,4.4211,beyond_top_2_per_motif
FAM_054,Other,FIKHFIHR,FIKHFIHR,AMP_MASTER,AMP_004013,FIKHFIHRFSATRWRRLLKKLHHLLH,FIKHFIHRFSATRWRRLLKKLHHLLH,26,True,1,False,,4.3846,beyond_top_2_per_motif
FAM_054,Other,FIKHFIHR,FIKHFIHR,AMP_MASTER,AMP_021199,RWRRLLKKLHHLLHSATFIKHFIHRF,RWRRLLKKLHHLLHSATFIKHFIHRF,26,True,1,False,,4.3846,beyond_top_2_per_motif
FAM_054,Other,FIKHFIHR,FIKHFIHR,AMP_MASTER,AMP_004012,FIKHFIHRFSATLQLLKQLLKLLKQF,FIKHFIHRFSATLQLLKQLLKLLKQF,26,True,1,False,,4.3462,beyond_top_2_per_motif
FAM_054,Other,FIKHFIHR,FIKHFIHR,AMP_MASTER,AMP_014701,LQLLKQLLKLLKQFSATFIKHFIHRF,LQLLKQLLKLLKQFSATFIKHFIHRF,26,True,1,False,,4.3462,beyond_top_2_per_motif
FAM_054,Other,FIKHFIHR,FIKHFIHR,AMP_MASTER,AMP_003915,FHFHLHFPSGSPFIKHFIHRF,FHFHLHFPSGSPFIKHFIHRF,21,True,1,False,,4.2857,beyond_top_2_per_motif
FAM_054,Other,FIKHFIHR,FIKHFIHR,AMP_MASTER,AMP_003916,FHFHLHFPSPSPFIKHFIHRF,FHFHLHFPSPSPFIKHFIHRF,21,True,1,False,,4.1905,beyond_top_2_per_motif
FAM_054,Other,FIKHFIHR,KHFIHRF,AMP_MASTER,AMP_003914,FHFHLHFGGGFIKHFIHRF,FHFHLHFGGGFIKHFIHRF,19,True,1,False,,4.6316,sequence_already_selected_for_another_motif
FAM_054,Other,FIKHFIHR,KHFIHRF,AMP_MASTER,AMP_004011,FIKHFIHRFGGGRWRWRWF,FIKHFIHRFGGGRWRWRWF,19,True,1,False,,4.6316,sequence_already_selected_for_another_motif
FAM_054,Other,FIKHFIHR,KHFIHRF,AMP_MASTER,AMP_004156,FKKFWKWFRRFGGGFIKHFIHRF,FKKFWKWFRRFGGGFIKHFIHRF,23,True,1,False,,4.6087,beyond_top_2_per_motif
FAM_054,Other,FIKHFIHR,KHFIHRF,AMP_MASTER,AMP_004017,FIKHFIHRFSGGRWRWRWF,FIKHFIHRFSGGRWRWRWF,19,True,1,False,,4.5263,beyond_top_2_per_motif
FAM_054,Other,FIKHFIHR,KHFIHRF,AMP_MASTER,AMP_021259,RWRWRWFSGGFIKHFIHRF,RWRWRWFSGGFIKHFIHRF,19,True,1,False,,4.5263,beyond_top_2_per_motif
FAM_054,Other,FIKHFIHR,KHFIHRF,AMP_MASTER,AMP_004010,FIKHFIHRFGGGIKQLLHFFQRF,FIKHFIHRFGGGIKQLLHFFQRF,23,True,1,False,,4.5217,beyond_top_2_per_motif
FAM_054,Other,FIKHFIHR,KHFIHRF,AMP_MASTER,AMP_010271,IKQLLHFFQRFGGGFIKHFIHRF,IKQLLHFFQRFGGGFIKHFIHRF,23,True,1,False,,4.5217,beyond_top_2_per_motif
FAM_054,Other,FIKHFIHR,KHFIHRF,AMP_MASTER,AMP_003913,FHFHLHFASASAFIKHFIHRF,FHFHLHFASASAFIKHFIHRF,21,True,1,False,,4.4762,beyond_top_2_per_motif
FAM_054,Other,FIKHFIHR,KHFIHRF,AMP_MASTER,AMP_004016,FIKHFIHRFSGGRWRRLLKKLHHLLH,FIKHFIHRFSGGRWRRLLKKLHHLLH,26,True,1,False,,4.4615,beyond_top_2_per_motif
FAM_054,Other,FIKHFIHR,KHFIHRF,AMP_MASTER,AMP_021200,RWRRLLKKLHHLLHSGGFIKHFIHRF,RWRRLLKKLHHLLHSGGFIKHFIHRF,26,True,1,False,,4.4615,beyond_top_2_per_motif
FAM_054,Other,FIKHFIHR,KHFIHRF,AMP_MASTER,AMP_004015,FIKHFIHRFSGGLQLLKQLLKLLKQF,FIKHFIHRFSGGLQLLKQLLKLLKQF,26,True,1,False,,4.4231,beyond_top_2_per_motif
FAM_054,Other,FIKHFIHR,KHFIHRF,AMP_MASTER,AMP_014702,LQLLKQLLKLLKQFSGGFIKHFIHRF,LQLLKQLLKLLKQFSGGFIKHFIHRF,26,True,1,False,,4.4231,beyond_top_2_per_motif
FAM_054,Other,FIKHFIHR,KHFIHRF,AMP_MASTER,AMP_003917,FHFHLHFPYPFIKHFIHRF,FHFHLHFPYPFIKHFIHRF,19,True,1,False,,4.4211,beyond_top_2_per_motif
FAM_054,Other,FIKHFIHR,KHFIHRF,AMP_MASTER,AMP_003918,FHFHLHFSATFIKHFIHRF,FHFHLHFSATFIKHFIHRF,19,True,1,False,,4.4211,beyond_top_2_per_motif
FAM_054,Other,FIKHFIHR,KHFIHRF,AMP_MASTER,AMP_004014,FIKHFIHRFSATRWRWRWF,FIKHFIHRFSATRWRWRWF,19,True,1,False,,4.4211,beyond_top_2_per_motif
FAM_054,Other,FIKHFIHR,KHFIHRF,AMP_MASTER,AMP_021258,RWRWRWFSATFIKHFIHRF,RWRWRWFSATFIKHFIHRF,19,True,1,False,,4.4211,beyond_top_2_per_motif
FAM_054,Other,FIKHFIHR,KHFIHRF,AMP_MASTER,AMP_004013,FIKHFIHRFSATRWRRLLKKLHHLLH,FIKHFIHRFSATRWRRLLKKLHHLLH,26,True,1,False,,4.3846,beyond_top_2_per_motif
FAM_054,Other,FIKHFIHR,KHFIHRF,AMP_MASTER,AMP_021199,RWRRLLKKLHHLLHSATFIKHFIHRF,RWRRLLKKLHHLLHSATFIKHFIHRF,26,True,1,False,,4.3846,beyond_top_2_per_motif
FAM_054,Other,FIKHFIHR,KHFIHRF,AMP_MASTER,AMP_004012,FIKHFIHRFSATLQLLKQLLKLLKQF,FIKHFIHRFSATLQLLKQLLKLLKQF,26,True,1,False,,4.3462,beyond_top_2_per_motif
FAM_054,Other,FIKHFIHR,KHFIHRF,AMP_MASTER,AMP_014701,LQLLKQLLKLLKQFSATFIKHFIHRF,LQLLKQLLKLLKQFSATFIKHFIHRF,26,True,1,False,,4.3462,beyond_top_2_per_motif
FAM_054,Other,FIKHFIHR,KHFIHRF,AMP_MASTER,AMP_003915,FHFHLHFPSGSPFIKHFIHRF,FHFHLHFPSGSPFIKHFIHRF,21,True,1,False,,4.2857,beyond_top_2_per_motif
FAM_054,Other,FIKHFIHR,KHFIHRF,AMP_MASTER,AMP_003916,FHFHLHFPSPSPFIKHFIHRF,FHFHLHFPSPSPFIKHFIHRF,21,True,1,False,,4.1905,beyond_top_2_per_motif
FAM_098,Cationic-rich,KKIEEYTK,KIEEYT,AMP_MASTER,AMP_017465,MTWEEWDKKIEEYTKKIEELIK,MTWEEWDKKIEEYTKKIEELIK,22,True,1,False,,3.9545,beyond_top_2_per_motif
FAM_098,Cationic-rich,KKIEEYTK,KIEEYT,AMP_MASTER,AMP_017464,MTWEEWDKKIEEYTKKIEELI,MTWEEWDKKIEEYTKKIEELI,21,True,1,False,,3.9524,beyond_top_2_per_motif
FAM_098,Cationic-rich,KKIEEYTK,KIEEYT,AMP_MASTER,AMP_024282,WEEWDKKIEEYTKKIEELIKK,WEEWDKKIEEYTKKIEELIKK,21,True,1,False,,3.9524,beyond_top_2_per_motif
FAM_098,Cationic-rich,KKIEEYTK,KIEEYT,AMP_MASTER,AMP_024281,WEEWDKKIEEYTKKIEELIK,WEEWDKKIEEYTKKIEELIK,20,True,1,False,,3.95,beyond_top_2_per_motif
FAM_098,Cationic-rich,KKIEEYTK,KIEEYT,AMP_MASTER,AMP_024280,WEEWDKKIEEYTKKIEELI,WEEWDKKIEEYTKKIEELI,19,True,1,False,,3.9474,beyond_top_2_per_motif
FAM_098,Cationic-rich,KKIEEYTK,KIEEYT,AMP_MASTER,AMP_024283,WEEWDKKIEEYTKKIEELIKKS,WEEWDKKIEEYTKKIEELIKKS,22,True,1,False,,3.9091,beyond_top_2_per_motif
FAM_098,Cationic-rich,KKIEEYTK,KIEEYT,AMP_MASTER,AMP_017463,MTWEEWDKKIEEYTKKIEEL,MTWEEWDKKIEEYTKKIEEL,20,True,1,False,,3.9,beyond_top_2_per_motif
FAM_098,Cationic-rich,KKIEEYTK,KIEEYT,AMP_MASTER,AMP_024279,WEEWDKKIEEYTKKIEEL,WEEWDKKIEEYTKKIEEL,18,True,1,False,,3.8889,beyond_top_2_per_motif
FAM_098,Cationic-rich,KKIEEYTK,KIEEYT,AMP_MASTER,AMP_017468,MTWEEWDKKIEEYTKKIEELIKKSE,MTWEEWDKKIEEYTKKIEELIKKSE,25,True,1,False,,3.88,beyond_top_2_per_motif
FAM_098,Cationic-rich,KKIEEYTK,KIEEYT,AMP_MASTER,AMP_024284,WEEWDKKIEEYTKKIEELIKKSE,WEEWDKKIEEYTKKIEELIKKSE,23,True,1,False,,3.8696,beyond_top_2_per_motif
FAM_098,Cationic-rich,KKIEEYTK,KIEEYT,AMP_MASTER,AMP_017469,MTWEEWDKKIEEYTKKIEELIKKSEE,MTWEEWDKKIEEYTKKIEELIKKSEE,26,True,1,False,,3.8462,beyond_top_2_per_motif
FAM_098,Cationic-rich,KKIEEYTK,KIEEYT,AMP_MASTER,AMP_024285,WEEWDKKIEEYTKKIEELIKKSEE,WEEWDKKIEEYTKKIEELIKKSEE,24,True,1,False,,3.8333,beyond_top_2_per_motif
FAM_098,Cationic-rich,KKIEEYTK,KIEEYT,AMP_MASTER,AMP_024299,WEEWDKKIEEYTKKIEELIKKSQNQQIDI,WEEWDKKIEEYTKKIEELIKKSQNQQIDI,29,True,1,False,,3.8276,beyond_top_2_per_motif
FAM_098,Cationic-rich,KKIEEYTK,KIEEYT,AMP_MASTER,AMP_024300,WEEWDKKIEEYTKKIEELIKKSQNQQLDI,WEEWDKKIEEYTKKIEELIKKSQNQQLDI,29,True,1,False,,3.8276,beyond_top_2_per_motif
FAM_098,Cationic-rich,KKIEEYTK,KIEEYT,AMP_MASTER,AMP_024301,WEEWDKKIEEYTKKIEELIKKSQNQQLDL,WEEWDKKIEEYTKKIEELIKKSQNQQLDL,29,True,1,False,,3.8276,beyond_top_2_per_motif
FAM_098,Cationic-rich,KKIEEYTK,KIEEYT,AMP_MASTER,AMP_017470,MTWEEWDKKIEEYTKKIEELIKKSEEQ,MTWEEWDKKIEEYTKKIEELIKKSEEQ,27,True,1,False,,3.8148,beyond_top_2_per_motif
FAM_098,Cationic-rich,KKIEEYTK,KIEEYT,AMP_MASTER,AMP_024286,WEEWDKKIEEYTKKIEELIKKSEEQ,WEEWDKKIEEYTKKIEELIKKSEEQ,25,True,1,False,,3.8,beyond_top_2_per_motif
FAM_098,Cationic-rich,KKIEEYTK,KIEEYT,AMP_MASTER,AMP_017473,MTWEEWDKKIEEYTKKIEELIKKSEEQQKK,MTWEEWDKKIEEYTKKIEELIKKSEEQQKK,30,True,1,False,,3.8,beyond_top_2_per_motif
FAM_098,Cationic-rich,KKIEEYTK,KIEEYT,AMP_MASTER,AMP_017472,MTWEEWDKKIEEYTKKIEELIKKSEEQQK,MTWEEWDKKIEEYTKKIEELIKKSEEQQK,29,True,1,False,,3.7931,beyond_top_2_per_motif
FAM_098,Cationic-rich,KKIEEYTK,KIEEYT,AMP_MASTER,AMP_017471,MTWEEWDKKIEEYTKKIEELIKKSEEQQ,MTWEEWDKKIEEYTKKIEELIKKSEEQQ,28,True,1,False,,3.7857,beyond_top_2_per_motif
FAM_098,Cationic-rich,KKIEEYTK,KIEEYT,AMP_MASTER,AMP_017480,MTWEEWDKKIEEYTKKIEELIKKSQNQQ,MTWEEWDKKIEEYTKKIEELIKKSQNQQ,28,True,1,False,,3.7857,beyond_top_2_per_motif
FAM_098,Cationic-rich,KKIEEYTK,KIEEYT,AMP_MASTER,AMP_024289,WEEWDKKIEEYTKKIEELIKKSEEQQKK,WEEWDKKIEEYTKKIEELIKKSEEQQKK,28,True,1,False,,3.7857,beyond_top_2_per_motif
FAM_098,Cationic-rich,KKIEEYTK,KIEEYT,AMP_MASTER,AMP_024303,WEEWDKKIEEYTKKIEELIKKSQNQQSM,WEEWDKKIEEYTKKIEELIKKSQNQQSM,28,True,1,False,,3.7857,beyond_top_2_per_motif
FAM_098,Cationic-rich,KKIEEYTK,KIEEYT,AMP_MASTER,AMP_024304,WEEWDKKIEEYTKKIEELIKKSQNQQSW,WEEWDKKIEEYTKKIEELIKKSQNQQSW,28,True,1,False,,3.7857,beyond_top_2_per_motif
FAM_098,Cationic-rich,KKIEEYTK,KIEEYT,AMP_MASTER,AMP_024305,WEEWDKKIEEYTKKIEELIKKSQNQQSY,WEEWDKKIEEYTKKIEELIKKSQNQQSY,28,True,1,False,,3.7857,beyond_top_2_per_motif
FAM_098,Cationic-rich,KKIEEYTK,KIEEYT,AMP_MASTER,AMP_024288,WEEWDKKIEEYTKKIEELIKKSEEQQK,WEEWDKKIEEYTKKIEELIKKSEEQQK,27,True,1,False,,3.7778,beyond_top_2_per_motif
FAM_098,Cationic-rich,KKIEEYTK,KIEEYT,AMP_MASTER,AMP_024287,WEEWDKKIEEYTKKIEELIKKSEEQQ,WEEWDKKIEEYTKKIEELIKKSEEQQ,26,True,1,False,,3.7692,beyond_top_2_per_motif
FAM_098,Cationic-rich,KKIEEYTK,KIEEYT,AMP_MASTER,AMP_024297,WEEWDKKIEEYTKKIEELIKKSQNQQ,WEEWDKKIEEYTKKIEELIKKSQNQQ,26,True,1,False,,3.7692,beyond_top_2_per_motif
FAM_098,Cationic-rich,KKIEEYTK,KIEEYT,AMP_MASTER,AMP_024290,WEEWDKKIEEYTKKIEELIKKSEEQQKKN,WEEWDKKIEEYTKKIEELIKKSEEQQKKN,29,True,1,False,,3.7586,beyond_top_2_per_motif
FAM_098,Cationic-rich,KKIEEYTK,KIEEYT,AMP_MASTER,AMP_024296,WEEWDKKIEEYTKKIEELIKKSEEQQKN,WEEWDKKIEEYTKKIEELIKKSEEQQKN,28,True,1,False,,3.75,beyond_top_2_per_motif
FAM_098,Cationic-rich,KKIEEYTK,KIEEYT,AMP_MASTER,AMP_024291,WEEWDKKIEEYTKKIEELIKKSEEQQKKNE,WEEWDKKIEEYTKKIEELIKKSEEQQKKNE,30,True,1,False,,3.7333,beyond_top_2_per_motif
FAM_098,Cationic-rich,KKIEEYTK,KIEEYT,AMP_MASTER,AMP_024302,WEEWDKKIEEYTKKIEELIKKSQNQQSDLD,WEEWDKKIEEYTKKIEELIKKSQNQQSDLD,30,True,1,False,,3.7333,beyond_top_2_per_motif
FAM_098,Cationic-rich,KKIEEYTK,KIEEYT,AMP_MASTER,AMP_024298,WEEWDKKIEEYTKKIEELIKKSQNQQEKN,WEEWDKKIEEYTKKIEELIKKSQNQQEKN,29,True,1,False,,3.7241,beyond_top_2_per_motif
FAM_098,Cationic-rich,KKIEEYTK,KIEEYT,AMP_MASTER,AMP_002370,DCAWHLGELVWCTMTWEEWDKKIEEYTKKIEELIKKS,DCAWHLGELVWCTMTWEEWDKKIEEYTKKIEELIKKS,37,True,1,False,,2.6081,beyond_top_2_per_motif
FAM_098,Cationic-rich,KKIEEYTK,KIEEYT,AMP_MASTER,AMP_017467,MTWEEWDKKIEEYTKKIEELIKKSDCAWHLGELVWCT,MTWEEWDKKIEEYTKKIEELIKKSDCAWHLGELVWCT,37,True,1,False,,2.6081,beyond_top_2_per_motif
FAM_098,Cationic-rich,KKIEEYTK,KIEEYT,AMP_MASTER,AMP_003257,EMTWEEWEKKIEEYTKKIEEILKKSQNQQIDL,EMTWEEWEKKIEEYTKKIEEILKKSQNQQIDL,32,True,1,False,,2.3125,beyond_top_2_per_motif
FAM_098,Cationic-rich,KKIEEYTK,KIEEYT,AMP_MASTER,AMP_024631,WMEWDRKIEEYTKKIEELIKKSQEQQEKNEKELK,WMEWDRKIEEYTKKIEELIKKSQEQQEKNEKELK,34,True,1,False,,2.2941,beyond_top_2_per_motif
FAM_098,Cationic-rich,KKIEEYTK,KIEEYT,AMP_MASTER,AMP_024632,WMEWDRKIEEYTKKIKKLIEESQEQQEKNEKELK,WMEWDRKIEEYTKKIKKLIEESQEQQEKNEKELK,34,True,1,False,,2.2941,beyond_top_2_per_motif
FAM_098,Cationic-rich,KKIEEYTK,KIEEYT,AMP_MASTER,AMP_017479,MTWEEWDKKIEEYTKKIEELIKKSEEQQKKNEKELK,MTWEEWDKKIEEYTKKIEELIKKSEEQQKKNEKELK,36,True,1,False,,2.2778,beyond_top_2_per_motif
FAM_098,Cationic-rich,KKIEEYTK,KIEEYT,AMP_MASTER,AMP_017474,MTWEEWDKKIEEYTKKIEELIKKSEEQQKKN,MTWEEWDKKIEEYTKKIEELIKKSEEQQKKN,31,True,1,False,,2.2742,beyond_top_2_per_motif
FAM_098,Cationic-rich,KKIEEYTK,KIEEYT,AMP_MASTER,AMP_017478,MTWEEWDKKIEEYTKKIEELIKKSEEQQKKNEKEL,MTWEEWDKKIEEYTKKIEELIKKSEEQQKKNEKEL,35,True,1,False,,2.2714,beyond_top_2_per_motif
FAM_098,Cationic-rich,KKIEEYTK,KIEEYT,AMP_MASTER,AMP_024295,WEEWDKKIEEYTKKIEELIKKSEEQQKKNEKELK,WEEWDKKIEEYTKKIEELIKKSEEQQKKNEKELK,34,True,1,False,,2.2647,beyond_top_2_per_motif
FAM_098,Cationic-rich,KKIEEYTK,KIEEYT,AMP_MASTER,AMP_024307,WEEWEKKIEEYTKKIEEILKKSEEQQKKNEEELKKLEK,WEEWEKKIEEYTKKIEEILKKSEEQQKKNEEELKKLEK,38,True,1,False,,2.2632,beyond_top_2_per_motif
FAM_098,Cationic-rich,KKIEEYTK,KIEEYT,AMP_MASTER,AMP_017476,MTWEEWDKKIEEYTKKIEELIKKSEEQQKKNEK,MTWEEWDKKIEEYTKKIEELIKKSEEQQKKNEK,33,True,1,False,,2.2576,beyond_top_2_per_motif
FAM_098,Cationic-rich,KKIEEYTK,KIEEYT,AMP_MASTER,AMP_024294,WEEWDKKIEEYTKKIEELIKKSEEQQKKNEKEL,WEEWDKKIEEYTKKIEELIKKSEEQQKKNEKEL,33,True,1,False,,2.2576,beyond_top_2_per_motif
FAM_098,Cationic-rich,KKIEEYTK,KIEEYT,AMP_MASTER,AMP_017475,MTWEEWDKKIEEYTKKIEELIKKSEEQQKKNE,MTWEEWDKKIEEYTKKIEELIKKSEEQQKKNE,32,True,1,False,,2.25,beyond_top_2_per_motif
FAM_098,Cationic-rich,KKIEEYTK,KIEEYT,AMP_MASTER,AMP_017481,MTWEEWDKKIEEYTKKIEELIKKSQNQQEKN,MTWEEWDKKIEEYTKKIEELIKKSQNQQEKN,31,True,1,False,,2.2419,beyond_top_2_per_motif
FAM_098,Cationic-rich,KKIEEYTK,KIEEYT,AMP_MASTER,AMP_024292,WEEWDKKIEEYTKKIEELIKKSEEQQKKNEK,WEEWDKKIEEYTKKIEELIKKSEEQQKKNEK,31,True,1,False,,2.2419,beyond_top_2_per_motif
FAM_098,Cationic-rich,KKIEEYTK,KIEEYT,AMP_MASTER,AMP_017477,MTWEEWDKKIEEYTKKIEELIKKSEEQQKKNEKE,MTWEEWDKKIEEYTKKIEELIKKSEEQQKKNEKE,34,True,1,False,,2.2353,beyond_top_2_per_motif
FAM_098,Cationic-rich,KKIEEYTK,KIEEYT,AMP_MASTER,AMP_024306,WEEWDRKIEEYTKKIKKLIEESQEQQEKNEKELK,WEEWDRKIEEYTKKIKKLIEESQEQQEKNEKELK,34,True,1,False,,2.2353,beyond_top_2_per_motif
FAM_098,Cationic-rich,KKIEEYTK,KIEEYT,AMP_MASTER,AMP_024293,WEEWDKKIEEYTKKIEELIKKSEEQQKKNEKE,WEEWDKKIEEYTKKIEELIKKSEEQQKKNEKE,32,True,1,False,,2.2188,beyond_top_2_per_motif
FAM_098,Cationic-rich,KKIEEYTK,KKIEEYTK,AMP_MASTER,AMP_017466,MTWEEWDKKIEEYTKKIEELIKK,MTWEEWDKKIEEYTKKIEELIKK,23,True,1,False,,3.9565,sequence_already_selected_for_another_motif
FAM_098,Cationic-rich,KKIEEYTK,KKIEEYTK,AMP_MASTER,AMP_024282,WEEWDKKIEEYTKKIEELIKK,WEEWDKKIEEYTKKIEELIKK,21,True,1,False,,3.9524,beyond_top_2_per_motif
FAM_098,Cationic-rich,KKIEEYTK,KKIEEYTK,AMP_MASTER,AMP_024281,WEEWDKKIEEYTKKIEELIK,WEEWDKKIEEYTKKIEELIK,20,True,1,False,,3.95,beyond_top_2_per_motif
FAM_098,Cationic-rich,KKIEEYTK,KKIEEYTK,AMP_MASTER,AMP_024280,WEEWDKKIEEYTKKIEELI,WEEWDKKIEEYTKKIEELI,19,True,1,False,,3.9474,beyond_top_2_per_motif
FAM_098,Cationic-rich,KKIEEYTK,KKIEEYTK,AMP_MASTER,AMP_024283,WEEWDKKIEEYTKKIEELIKKS,WEEWDKKIEEYTKKIEELIKKS,22,True,1,False,,3.9091,beyond_top_2_per_motif
FAM_098,Cationic-rich,KKIEEYTK,KKIEEYTK,AMP_MASTER,AMP_017463,MTWEEWDKKIEEYTKKIEEL,MTWEEWDKKIEEYTKKIEEL,20,True,1,False,,3.9,beyond_top_2_per_motif
FAM_098,Cationic-rich,KKIEEYTK,KKIEEYTK,AMP_MASTER,AMP_024279,WEEWDKKIEEYTKKIEEL,WEEWDKKIEEYTKKIEEL,18,True,1,False,,3.8889,beyond_top_2_per_motif
FAM_098,Cationic-rich,KKIEEYTK,KKIEEYTK,AMP_MASTER,AMP_017468,MTWEEWDKKIEEYTKKIEELIKKSE,MTWEEWDKKIEEYTKKIEELIKKSE,25,True,1,False,,3.88,beyond_top_2_per_motif
FAM_098,Cationic-rich,KKIEEYTK,KKIEEYTK,AMP_MASTER,AMP_024284,WEEWDKKIEEYTKKIEELIKKSE,WEEWDKKIEEYTKKIEELIKKSE,23,True,1,False,,3.8696,beyond_top_2_per_motif
FAM_098,Cationic-rich,KKIEEYTK,KKIEEYTK,AMP_MASTER,AMP_017469,MTWEEWDKKIEEYTKKIEELIKKSEE,MTWEEWDKKIEEYTKKIEELIKKSEE,26,True,1,False,,3.8462,beyond_top_2_per_motif
FAM_098,Cationic-rich,KKIEEYTK,KKIEEYTK,AMP_MASTER,AMP_024285,WEEWDKKIEEYTKKIEELIKKSEE,WEEWDKKIEEYTKKIEELIKKSEE,24,True,1,False,,3.8333,beyond_top_2_per_motif
FAM_098,Cationic-rich,KKIEEYTK,KKIEEYTK,AMP_MASTER,AMP_024299,WEEWDKKIEEYTKKIEELIKKSQNQQIDI,WEEWDKKIEEYTKKIEELIKKSQNQQIDI,29,True,1,False,,3.8276,beyond_top_2_per_motif
FAM_098,Cationic-rich,KKIEEYTK,KKIEEYTK,AMP_MASTER,AMP_024300,WEEWDKKIEEYTKKIEELIKKSQNQQLDI,WEEWDKKIEEYTKKIEELIKKSQNQQLDI,29,True,1,False,,3.8276,beyond_top_2_per_motif
FAM_098,Cationic-rich,KKIEEYTK,KKIEEYTK,AMP_MASTER,AMP_024301,WEEWDKKIEEYTKKIEELIKKSQNQQLDL,WEEWDKKIEEYTKKIEELIKKSQNQQLDL,29,True,1,False,,3.8276,beyond_top_2_per_motif
FAM_098,Cationic-rich,KKIEEYTK,KKIEEYTK,AMP_MASTER,AMP_017470,MTWEEWDKKIEEYTKKIEELIKKSEEQ,MTWEEWDKKIEEYTKKIEELIKKSEEQ,27,True,1,False,,3.8148,beyond_top_2_per_motif
FAM_098,Cationic-rich,KKIEEYTK,KKIEEYTK,AMP_MASTER,AMP_024286,WEEWDKKIEEYTKKIEELIKKSEEQ,WEEWDKKIEEYTKKIEELIKKSEEQ,25,True,1,False,,3.8,beyond_top_2_per_motif
FAM_098,Cationic-rich,KKIEEYTK,KKIEEYTK,AMP_MASTER,AMP_017473,MTWEEWDKKIEEYTKKIEELIKKSEEQQKK,MTWEEWDKKIEEYTKKIEELIKKSEEQQKK,30,True,1,False,,3.8,beyond_top_2_per_motif
FAM_098,Cationic-rich,KKIEEYTK,KKIEEYTK,AMP_MASTER,AMP_017472,MTWEEWDKKIEEYTKKIEELIKKSEEQQK,MTWEEWDKKIEEYTKKIEELIKKSEEQQK,29,True,1,False,,3.7931,beyond_top_2_per_motif
FAM_098,Cationic-rich,KKIEEYTK,KKIEEYTK,AMP_MASTER,AMP_017471,MTWEEWDKKIEEYTKKIEELIKKSEEQQ,MTWEEWDKKIEEYTKKIEELIKKSEEQQ,28,True,1,False,,3.7857,beyond_top_2_per_motif
FAM_098,Cationic-rich,KKIEEYTK,KKIEEYTK,AMP_MASTER,AMP_017480,MTWEEWDKKIEEYTKKIEELIKKSQNQQ,MTWEEWDKKIEEYTKKIEELIKKSQNQQ,28,True,1,False,,3.7857,beyond_top_2_per_motif
FAM_098,Cationic-rich,KKIEEYTK,KKIEEYTK,AMP_MASTER,AMP_024289,WEEWDKKIEEYTKKIEELIKKSEEQQKK,WEEWDKKIEEYTKKIEELIKKSEEQQKK,28,True,1,False,,3.7857,beyond_top_2_per_motif
FAM_098,Cationic-rich,KKIEEYTK,KKIEEYTK,AMP_MASTER,AMP_024303,WEEWDKKIEEYTKKIEELIKKSQNQQSM,WEEWDKKIEEYTKKIEELIKKSQNQQSM,28,True,1,False,,3.7857,beyond_top_2_per_motif
FAM_098,Cationic-rich,KKIEEYTK,KKIEEYTK,AMP_MASTER,AMP_024304,WEEWDKKIEEYTKKIEELIKKSQNQQSW,WEEWDKKIEEYTKKIEELIKKSQNQQSW,28,True,1,False,,3.7857,beyond_top_2_per_motif
FAM_098,Cationic-rich,KKIEEYTK,KKIEEYTK,AMP_MASTER,AMP_024305,WEEWDKKIEEYTKKIEELIKKSQNQQSY,WEEWDKKIEEYTKKIEELIKKSQNQQSY,28,True,1,False,,3.7857,beyond_top_2_per_motif
FAM_098,Cationic-rich,KKIEEYTK,KKIEEYTK,AMP_MASTER,AMP_024288,WEEWDKKIEEYTKKIEELIKKSEEQQK,WEEWDKKIEEYTKKIEELIKKSEEQQK,27,True,1,False,,3.7778,beyond_top_2_per_motif
FAM_098,Cationic-rich,KKIEEYTK,KKIEEYTK,AMP_MASTER,AMP_024287,WEEWDKKIEEYTKKIEELIKKSEEQQ,WEEWDKKIEEYTKKIEELIKKSEEQQ,26,True,1,False,,3.7692,beyond_top_2_per_motif
FAM_098,Cationic-rich,KKIEEYTK,KKIEEYTK,AMP_MASTER,AMP_024297,WEEWDKKIEEYTKKIEELIKKSQNQQ,WEEWDKKIEEYTKKIEELIKKSQNQQ,26,True,1,False,,3.7692,beyond_top_2_per_motif
FAM_098,Cationic-rich,KKIEEYTK,KKIEEYTK,AMP_MASTER,AMP_024290,WEEWDKKIEEYTKKIEELIKKSEEQQKKN,WEEWDKKIEEYTKKIEELIKKSEEQQKKN,29,True,1,False,,3.7586,beyond_top_2_per_motif
FAM_098,Cationic-rich,KKIEEYTK,KKIEEYTK,AMP_MASTER,AMP_024296,WEEWDKKIEEYTKKIEELIKKSEEQQKN,WEEWDKKIEEYTKKIEELIKKSEEQQKN,28,True,1,False,,3.75,beyond_top_2_per_motif
FAM_098,Cationic-rich,KKIEEYTK,KKIEEYTK,AMP_MASTER,AMP_024291,WEEWDKKIEEYTKKIEELIKKSEEQQKKNE,WEEWDKKIEEYTKKIEELIKKSEEQQKKNE,30,True,1,False,,3.7333,beyond_top_2_per_motif
FAM_098,Cationic-rich,KKIEEYTK,KKIEEYTK,AMP_MASTER,AMP_024302,WEEWDKKIEEYTKKIEELIKKSQNQQSDLD,WEEWDKKIEEYTKKIEELIKKSQNQQSDLD,30,True,1,False,,3.7333,beyond_top_2_per_motif
FAM_098,Cationic-rich,KKIEEYTK,KKIEEYTK,AMP_MASTER,AMP_024298,WEEWDKKIEEYTKKIEELIKKSQNQQEKN,WEEWDKKIEEYTKKIEELIKKSQNQQEKN,29,True,1,False,,3.7241,beyond_top_2_per_motif
FAM_098,Cationic-rich,KKIEEYTK,KKIEEYTK,AMP_MASTER,AMP_003031,EEYTKKIEEYTKKIEEYTKKIEEYTKKIEEYTKKI,EEYTKKIEEYTKKIEEYTKKIEEYTKKIEEYTKKI,35,True,2,False,,3.3571,beyond_top_2_per_motif
FAM_098,Cationic-rich,KKIEEYTK,KKIEEYTK,AMP_MASTER,AMP_002370,DCAWHLGELVWCTMTWEEWDKKIEEYTKKIEELIKKS,DCAWHLGELVWCTMTWEEWDKKIEEYTKKIEELIKKS,37,True,1,False,,2.6081,beyond_top_2_per_motif
FAM_098,Cationic-rich,KKIEEYTK,KKIEEYTK,AMP_MASTER,AMP_017467,MTWEEWDKKIEEYTKKIEELIKKSDCAWHLGELVWCT,MTWEEWDKKIEEYTKKIEELIKKSDCAWHLGELVWCT,37,True,1,False,,2.6081,beyond_top_2_per_motif
FAM_098,Cationic-rich,KKIEEYTK,KKIEEYTK,AMP_MASTER,AMP_003257,EMTWEEWEKKIEEYTKKIEEILKKSQNQQIDL,EMTWEEWEKKIEEYTKKIEEILKKSQNQQIDL,32,True,1,False,,2.3125,beyond_top_2_per_motif
FAM_098,Cationic-rich,KKIEEYTK,KKIEEYTK,AMP_MASTER,AMP_017479,MTWEEWDKKIEEYTKKIEELIKKSEEQQKKNEKELK,MTWEEWDKKIEEYTKKIEELIKKSEEQQKKNEKELK,36,True,1,False,,2.2778,beyond_top_2_per_motif
FAM_098,Cationic-rich,KKIEEYTK,KKIEEYTK,AMP_MASTER,AMP_017474,MTWEEWDKKIEEYTKKIEELIKKSEEQQKKN,MTWEEWDKKIEEYTKKIEELIKKSEEQQKKN,31,True,1,False,,2.2742,beyond_top_2_per_motif
FAM_098,Cationic-rich,KKIEEYTK,KKIEEYTK,AMP_MASTER,AMP_017478,MTWEEWDKKIEEYTKKIEELIKKSEEQQKKNEKEL,MTWEEWDKKIEEYTKKIEELIKKSEEQQKKNEKEL,35,True,1,False,,2.2714,beyond_top_2_per_motif
FAM_098,Cationic-rich,KKIEEYTK,KKIEEYTK,AMP_MASTER,AMP_024295,WEEWDKKIEEYTKKIEELIKKSEEQQKKNEKELK,WEEWDKKIEEYTKKIEELIKKSEEQQKKNEKELK,34,True,1,False,,2.2647,beyond_top_2_per_motif
FAM_098,Cationic-rich,KKIEEYTK,KKIEEYTK,AMP_MASTER,AMP_024307,WEEWEKKIEEYTKKIEEILKKSEEQQKKNEEELKKLEK,WEEWEKKIEEYTKKIEEILKKSEEQQKKNEEELKKLEK,38,True,1,False,,2.2632,beyond_top_2_per_motif
FAM_098,Cationic-rich,KKIEEYTK,KKIEEYTK,AMP_MASTER,AMP_017476,MTWEEWDKKIEEYTKKIEELIKKSEEQQKKNEK,MTWEEWDKKIEEYTKKIEELIKKSEEQQKKNEK,33,True,1,False,,2.2576,beyond_top_2_per_motif
FAM_098,Cationic-rich,KKIEEYTK,KKIEEYTK,AMP_MASTER,AMP_024294,WEEWDKKIEEYTKKIEELIKKSEEQQKKNEKEL,WEEWDKKIEEYTKKIEELIKKSEEQQKKNEKEL,33,True,1,False,,2.2576,beyond_top_2_per_motif
FAM_098,Cationic-rich,KKIEEYTK,KKIEEYTK,AMP_MASTER,AMP_017475,MTWEEWDKKIEEYTKKIEELIKKSEEQQKKNE,MTWEEWDKKIEEYTKKIEELIKKSEEQQKKNE,32,True,1,False,,2.25,beyond_top_2_per_motif
FAM_098,Cationic-rich,KKIEEYTK,KKIEEYTK,AMP_MASTER,AMP_017481,MTWEEWDKKIEEYTKKIEELIKKSQNQQEKN,MTWEEWDKKIEEYTKKIEELIKKSQNQQEKN,31,True,1,False,,2.2419,beyond_top_2_per_motif
FAM_098,Cationic-rich,KKIEEYTK,KKIEEYTK,AMP_MASTER,AMP_024292,WEEWDKKIEEYTKKIEELIKKSEEQQKKNEK,WEEWDKKIEEYTKKIEELIKKSEEQQKKNEK,31,True,1,False,,2.2419,beyond_top_2_per_motif
FAM_098,Cationic-rich,KKIEEYTK,KKIEEYTK,AMP_MASTER,AMP_017477,MTWEEWDKKIEEYTKKIEELIKKSEEQQKKNEKE,MTWEEWDKKIEEYTKKIEELIKKSEEQQKKNEKE,34,True,1,False,,2.2353,beyond_top_2_per_motif
FAM_098,Cationic-rich,KKIEEYTK,KKIEEYTK,AMP_MASTER,AMP_024293,WEEWDKKIEEYTKKIEELIKKSEEQQKKNEKE,WEEWDKKIEEYTKKIEELIKKSEEQQKKNEKE,32,True,1,False,,2.2188,beyond_top_2_per_motif
FAM_104,Cationic-rich,KKLLKKLC,LKKLLKKLKK,AMP_MASTER,AMP_013427,KWKKLLKKLLKLLKKLLKKLKKLLK,KWKKLLKKLLKLLKKLLKKLKKLLK,25,True,1,False,,4.48,beyond_top_2_per_motif
FAM_104,Cationic-rich,KKLLKKLC,LKKLLKKLKK,AMP_MASTER,AMP_012388,KLKKLLKKLKKLLK,KLKKLLKKLKKLLK,14,True,1,False,,3.4286,beyond_top_2_per_motif
FAM_104,Cationic-rich,KKLLKKLC,LKKLLKKLKK,AMP_MASTER,AMP_024486,WKKLKKLLKKLKKL,WKKLKKLLKKLKKL,14,True,1,False,,3.4286,beyond_top_2_per_motif
FAM_104,Cationic-rich,KKLLKKLC,LKKLLKKLKK,AMP_MASTER,AMP_014159,LKKLKKLLKKLKKKL,LKKLKKLLKKLKKKL,15,True,1,False,,3.4,beyond_top_2_per_motif
FAM_106,Cationic-rich,KLLKKLLKLL,KLLKKLLK,AMP_MASTER,AMP_011264,KCLKKGLKLLKKLLKLC,KCLKKGLKLLKKLLKLC,17,True,1,False,,4.5882,beyond_top_2_per_motif
FAM_106,Cationic-rich,KLLKKLLKLL,KLLKKLLK,AMP_MASTER,AMP_011266,KCLKKLGKLLKKLLKGC,KCLKKLGKLLKKLLKGC,17,True,1,False,,4.5882,beyond_top_2_per_motif
FAM_106,Cationic-rich,KLLKKLLKLL,KLLKKLLK,AMP_MASTER,AMP_011268,KCLKKLGKLLKKLLKLC,KCLKKLGKLLKKLLKLC,17,True,1,False,,4.5882,beyond_top_2_per_motif
FAM_106,Cationic-rich,KLLKKLLKLL,KLLKKLLK,AMP_MASTER,AMP_011262,KCLKKGLKLLKKLLKG,KCLKKGLKLLKKLLKG,16,True,1,False,,4.5625,beyond_top_2_per_motif
FAM_106,Cationic-rich,KLLKKLLKLL,KLLKKLLK,AMP_MASTER,AMP_011263,KCLKKGLKLLKKLLKL,KCLKKGLKLLKKLLKL,16,True,1,False,,4.5625,beyond_top_2_per_motif
FAM_106,Cationic-rich,KLLKKLLKLL,KLLKKLLK,AMP_MASTER,AMP_011267,KCLKKLGKLLKKLLKL,KCLKKLGKLLKKLLKL,16,True,1,False,,4.5625,beyond_top_2_per_motif
FAM_106,Cationic-rich,KLLKKLLKLL,KLLKKLLK,AMP_MASTER,AMP_011492,KGLKKGLKLLKKLLKL,KGLKKGLKLLKKLLKL,16,True,1,False,,4.5625,beyond_top_2_per_motif
FAM_106,Cationic-rich,KLLKKLLKLL,KLLKKLLK,AMP_MASTER,AMP_011493,KGLKKLGKLLKKLLKL,KGLKKLGKLLKKLLKL,16,True,1,False,,4.5625,beyond_top_2_per_motif
FAM_106,Cationic-rich,KLLKKLLKLL,KLLKKLLK,AMP_MASTER,AMP_011259,KCKKCLLKLLKKLLKLKL,KCKKCLLKLLKKLLKLKL,18,True,1,False,,4.5556,beyond_top_2_per_motif
FAM_106,Cationic-rich,KLLKKLLKLL,KLLKKLLK,AMP_MASTER,AMP_013424,KWKKLLKKLLKLLKKLL,KWKKLLKKLLKLLKKLL,17,True,1,False,,4.5294,beyond_top_2_per_motif
FAM_106,Cationic-rich,KLLKKLLKLL,KLLKKLLK,AMP_MASTER,AMP_014393,LLKKLLKKLLKKLLKK,LLKKLLKKLLKKLLKK,16,True,1,False,,4.5,beyond_top_2_per_motif
FAM_106,Cationic-rich,KLLKKLLKLL,KLLKKLLK,AMP_MASTER,AMP_000779,ALWKKLLKKLLKSAKKLG,ALWKKLLKKLLKSAKKLG,18,True,1,False,,4.5,beyond_top_2_per_motif
FAM_106,Cationic-rich,KLLKKLLKLL,KLLKKLLK,AMP_MASTER,AMP_000844,ALYKKLLKKLLKSAKKLG,ALYKKLLKKLLKSAKKLG,18,True,1,False,,4.5,beyond_top_2_per_motif
FAM_106,Cationic-rich,KLLKKLLKLL,KLLKKLLK,AMP_MASTER,AMP_012445,KLLKKLLKLWKKLLKKLK,KLLKKLLKLWKKLLKKLK,18,True,1,False,,4.5,beyond_top_2_per_motif
FAM_106,Cationic-rich,KLLKKLLKLL,KLLKKLLK,AMP_MASTER,AMP_013425,KWKKLLKKLLKLLKKLLK,KWKKLLKKLLKLLKKLLK,18,True,1,False,,4.5,beyond_top_2_per_motif
FAM_106,Cationic-rich,KLLKKLLKLL,KLLKKLLK,AMP_MASTER,AMP_025186,YKLLKKLLKKLKKLLKKL,YKLLKKLLKKLKKLLKKL,18,True,1,False,,4.5,beyond_top_2_per_motif
FAM_106,Cationic-rich,KLLKKLLKLL,KLLKKLLK,AMP_MASTER,AMP_000935,APKAMKLLKKLLKLQKKGIGGGGSGGGGSY,APKAMKLLKKLLKLQKKGIGGGGSGGGGSY,30,True,1,False,,4.5,beyond_top_2_per_motif
FAM_106,Cationic-rich,KLLKKLLKLL,KLLKKLLK,AMP_MASTER,AMP_000934,APKAMKLLKKLLKLQKKGIGGGGSGGGGS,APKAMKLLKKLLKLQKKGIGGGGSGGGGS,29,True,1,False,,4.4828,beyond_top_2_per_motif
FAM_106,Cationic-rich,KLLKKLLKLL,KLLKKLLK,AMP_MASTER,AMP_013427,KWKKLLKKLLKLLKKLLKKLKKLLK,KWKKLLKKLLKLLKKLLKKLKKLLK,25,True,1,False,,4.48,beyond_top_2_per_motif
FAM_106,Cationic-rich,KLLKKLLKLL,KLLKKLLK,AMP_MASTER,AMP_013426,KWKKLLKKLLKLLKKLLKKLK,KWKKLLKKLLKLLKKLLKKLK,21,True,1,False,,4.4762,beyond_top_2_per_motif
FAM_106,Cationic-rich,KLLKKLLKLL,KLLKKLLK,AMP_MASTER,AMP_019063,RAGLQFPVGKLLKKLLKRLKR,RAGLQFPVGKLLKKLLKRLKR,21,True,1,False,,4.4286,beyond_top_2_per_motif
FAM_106,Cationic-rich,KLLKKLLKLL,KLLKKLLK,AMP_MASTER,AMP_000933,APKAMKLLKKLLKLQKKGI,APKAMKLLKKLLKLQKKGI,19,True,1,False,,4.4211,beyond_top_2_per_motif
FAM_106,Cationic-rich,KLLKKLLKLL,KLLKKLLK,AMP_MASTER,AMP_013428,KWKKLLKKLLKLPKKLLKKLKKLLK,KWKKLLKKLLKLPKKLLKKLKKLLK,25,True,1,False,,4.4,beyond_top_2_per_motif
FAM_106,Cationic-rich,KLLKKLLKLL,KLLKKLLK,AMP_MASTER,AMP_013433,KWKKLLKKPLKLLKKLLK,KWKKLLKKPLKLLKKLLK,18,True,1,False,,4.3889,beyond_top_2_per_motif
FAM_106,Cationic-rich,KLLKKLLKLL,KLLKKLLK,AMP_MASTER,AMP_020153,RPRENRGRERGLGGGLKLLKKLLKLLKKL,RPRENRGRERGLGGGLKLLKKLLKLLKKL,29,True,1,False,,4.3448,beyond_top_2_per_motif
FAM_106,Cationic-rich,KLLKKLLKLL,KLLKKLLK,AMP_MASTER,AMP_007681,GLFKLLKKLLKLLK,GLFKLLKKLLKLLK,14,True,1,False,,3.6429,beyond_top_2_per_motif
FAM_106,Cationic-rich,KLLKKLLKLL,KLLKKLLK,AMP_MASTER,AMP_008021,GLLKLLKKLLKLLK,GLLKLLKKLLKLLK,14,True,1,False,,3.6429,beyond_top_2_per_motif
FAM_106,Cationic-rich,KLLKKLLKLL,KLLKKLLK,AMP_MASTER,AMP_012450,KLLKLLKKLLKALG,KLLKLLKKLLKALG,14,True,1,False,,3.6429,beyond_top_2_per_motif
FAM_106,Cationic-rich,KLLKKLLKLL,KLLKKLLK,AMP_MASTER,AMP_012451,KLLKLLKKLLKLLG,KLLKLLKKLLKLLG,14,True,1,False,,3.6429,beyond_top_2_per_motif
FAM_106,Cationic-rich,KLLKKLLKLL,KLLKKLLK,AMP_MASTER,AMP_014235,LKLLKKLLKKLLKLL,LKLLKKLLKKLLKLL,15,True,1,False,,3.6,beyond_top_2_per_motif
FAM_106,Cationic-rich,KLLKKLLKLL,KLLKKLLK,AMP_MASTER,AMP_014406,LLKLLKKLLKKLLKL,LLKLLKKLLKKLLKL,15,True,1,False,,3.6,beyond_top_2_per_motif
FAM_106,Cationic-rich,KLLKKLLKLL,KLLKKLLK,AMP_MASTER,AMP_001945,CLLKKLLKKLLKKC,CLLKKLLKKLLKKC,14,True,1,False,,3.5714,beyond_top_2_per_motif
FAM_106,Cationic-rich,KLLKKLLKLL,KLLKKLLK,AMP_MASTER,AMP_008018,GLLKKLLKKLLKKL,GLLKKLLKKLLKKL,14,True,1,False,,3.5714,beyond_top_2_per_motif
FAM_106,Cationic-rich,KLLKKLLKLL,KLLKKLLK,AMP_MASTER,AMP_012452,KLLKLLKKLLKLLK,KLLKLLKKLLKLLK,14,True,1,False,,3.5714,beyond_top_2_per_motif
FAM_106,Cationic-rich,KLLKKLLKLL,KLLKKLLK,AMP_MASTER,AMP_014167,LKKLLKLLKKLLKL,LKKLLKLLKKLLKL,14,True,1,False,,3.5714,beyond_top_2_per_motif
FAM_106,Cationic-rich,KLLKKLLKLL,KLLKKLLK,AMP_MASTER,AMP_014237,LKLLKKLLKLLKKF,LKLLKKLLKLLKKF,14,True,1,False,,3.5714,beyond_top_2_per_motif
FAM_106,Cationic-rich,KLLKKLLKLL,KLLKKLLK,AMP_MASTER,AMP_016681,MLLKKLLKKLLKKM,MLLKKLLKKLLKKM,14,True,1,False,,3.5714,beyond_top_2_per_motif
FAM_106,Cationic-rich,KLLKKLLKLL,KLLKKLLK,AMP_MASTER,AMP_011499,KGLKKLLKLLKKLLK,KGLKKLLKLLKKLLK,15,True,1,False,,3.5333,beyond_top_2_per_motif
FAM_106,Cationic-rich,KLLKKLLKLL,KLLKKLLK,AMP_MASTER,AMP_013423,KWKKLLKKLLKLLKK,KWKKLLKKLLKLLKK,15,True,1,False,,3.4667,beyond_top_2_per_motif
FAM_106,Cationic-rich,KLLKKLLKLL,KLLKKLLK,AMP_MASTER,AMP_012453,KLLKLLKKLLKLPK,KLLKLLKKLLKLPK,14,True,1,False,,3.4286,beyond_top_2_per_motif
FAM_106,Cationic-rich,KLLKKLLKLL,KLLKKLLK,AMP_MASTER,AMP_012454,KLLKLLKKLLKPLK,KLLKLLKKLLKPLK,14,True,1,False,,3.4286,beyond_top_2_per_motif
FAM_106,Cationic-rich,KLLKKLLKLL,KLLKKLLK,AMP_MASTER,AMP_012501,KLPKLLKKLLKLLK,KLPKLLKKLLKLLK,14,True,1,False,,3.4286,beyond_top_2_per_motif
FAM_106,Cationic-rich,KLLKKLLKLL,KLLKKLLK,AMP_MASTER,AMP_012638,KPLKLLKKLLKLLK,KPLKLLKKLLKLLK,14,True,1,False,,3.4286,beyond_top_2_per_motif
FAM_106,Cationic-rich,KLLKKLLKLL,KLLKKLLK,AMP_MASTER,AMP_002395,DDALKKLLKKLLKKL,DDALKKLLKKLLKKL,15,True,1,False,,3.3333,beyond_top_2_per_motif
FAM_106,Cationic-rich,KLLKKLLKLL,KLLKKLLK,AMP_MASTER,AMP_000938,APKAMKLLKKLLKLQKKGIGGGGSGGGGSYYYYYYY,APKAMKLLKKLLKLQKKGIGGGGSGGGGSYYYYYYY,36,True,1,False,,3.0833,beyond_top_2_per_motif
FAM_106,Cationic-rich,KLLKKLLKLL,KLLKKLLK,AMP_MASTER,AMP_000937,APKAMKLLKKLLKLQKKGIGGGGSGGGGSYYYYY,APKAMKLLKKLLKLQKKGIGGGGSGGGGSYYYYY,34,True,1,False,,3.0588,beyond_top_2_per_motif
FAM_106,Cationic-rich,KLLKKLLKLL,KLLKKLLK,AMP_MASTER,AMP_000936,APKAMKLLKKLLKLQKKGIGGGGSGGGGSYYY,APKAMKLLKKLLKLQKKGIGGGGSGGGGSYYY,32,True,1,False,,3.0312,beyond_top_2_per_motif
FAM_106,Cationic-rich,KLLKKLLKLL,KLLKKLLK,AMP_MASTER,AMP_020154,RPRENRGRERGLGSGGGLKLLKKLLKLLKKL,RPRENRGRERGLGSGGGLKLLKKLLKLLKKL,31,True,1,False,,2.8226,beyond_top_2_per_motif
FAM_106,Cationic-rich,KLLKKLLKLL,KLLKKLLKLL,AMP_MASTER,AMP_013427,KWKKLLKKLLKLLKKLLKKLKKLLK,KWKKLLKKLLKLLKKLLKKLKKLLK,25,True,1,False,,4.48,beyond_top_2_per_motif
FAM_106,Cationic-rich,KLLKKLLKLL,KLLKKLLKLL,AMP_MASTER,AMP_013426,KWKKLLKKLLKLLKKLLKKLK,KWKKLLKKLLKLLKKLLKKLK,21,True,1,False,,4.4762,beyond_top_2_per_motif
FAM_106,Cationic-rich,KLLKKLLKLL,KLLKKLLKLL,AMP_MASTER,AMP_020153,RPRENRGRERGLGGGLKLLKKLLKLLKKL,RPRENRGRERGLGGGLKLLKKLLKLLKKL,29,True,1,False,,4.3448,beyond_top_2_per_motif
FAM_106,Cationic-rich,KLLKKLLKLL,KLLKKLLKLL,AMP_MASTER,AMP_007681,GLFKLLKKLLKLLK,GLFKLLKKLLKLLK,14,True,1,False,,3.6429,beyond_top_2_per_motif
FAM_106,Cationic-rich,KLLKKLLKLL,KLLKKLLKLL,AMP_MASTER,AMP_008021,GLLKLLKKLLKLLK,GLLKLLKKLLKLLK,14,True,1,False,,3.6429,beyond_top_2_per_motif
FAM_106,Cationic-rich,KLLKKLLKLL,KLLKKLLKLL,AMP_MASTER,AMP_012451,KLLKLLKKLLKLLG,KLLKLLKKLLKLLG,14,True,1,False,,3.6429,beyond_top_2_per_motif
FAM_106,Cationic-rich,KLLKKLLKLL,KLLKKLLKLL,AMP_MASTER,AMP_014235,LKLLKKLLKKLLKLL,LKLLKKLLKKLLKLL,15,True,1,False,,3.6,beyond_top_2_per_motif
FAM_106,Cationic-rich,KLLKKLLKLL,KLLKKLLKLL,AMP_MASTER,AMP_012452,KLLKLLKKLLKLLK,KLLKLLKKLLKLLK,14,True,1,False,,3.5714,beyond_top_2_per_motif
FAM_106,Cationic-rich,KLLKKLLKLL,KLLKKLLKLL,AMP_MASTER,AMP_014237,LKLLKKLLKLLKKF,LKLLKKLLKLLKKF,14,True,1,False,,3.5714,beyond_top_2_per_motif
FAM_106,Cationic-rich,KLLKKLLKLL,KLLKKLLKLL,AMP_MASTER,AMP_013423,KWKKLLKKLLKLLKK,KWKKLLKKLLKLLKK,15,True,1,False,,3.4667,beyond_top_2_per_motif
FAM_106,Cationic-rich,KLLKKLLKLL,KLLKKLLKLL,AMP_MASTER,AMP_012501,KLPKLLKKLLKLLK,KLPKLLKKLLKLLK,14,True,1,False,,3.4286,beyond_top_2_per_motif
FAM_106,Cationic-rich,KLLKKLLKLL,KLLKKLLKLL,AMP_MASTER,AMP_012638,KPLKLLKKLLKLLK,KPLKLLKKLLKLLK,14,True,1,False,,3.4286,beyond_top_2_per_motif
FAM_106,Cationic-rich,KLLKKLLKLL,KLLKKLLKLL,AMP_MASTER,AMP_020154,RPRENRGRERGLGSGGGLKLLKKLLKLLKKL,RPRENRGRERGLGSGGGLKLLKKLLKLLKKL,31,True,1,False,,2.8226,beyond_top_2_per_motif
FAM_110,Hydrophobic/signal-like,KVVAATYVLV,KVVAATY,AMP_MASTER,AMP_011962,KKKKVVAATYFFFA,KKKKVVAATYFFFA,14,True,1,False,,3.5714,beyond_top_2_per_motif
FAM_110,Hydrophobic/signal-like,KVVAATYVLV,KVVAATY,AMP_MASTER,AMP_011965,KKKKVVAATYFLVA,KKKKVVAATYFLVA,14,True,1,False,,3.5714,beyond_top_2_per_motif
FAM_110,Hydrophobic/signal-like,KVVAATYVLV,KVVAATY,AMP_MASTER,AMP_011978,KKKKVVAATYVFVA,KKKKVVAATYVFVA,14,True,1,False,,3.5714,beyond_top_2_per_motif
FAM_110,Hydrophobic/signal-like,KVVAATYVLV,KVVAATY,AMP_MASTER,AMP_011985,KKKKVVAATYVLFA,KKKKVVAATYVLFA,14,True,1,False,,3.5714,beyond_top_2_per_motif
FAM_110,Hydrophobic/signal-like,KVVAATYVLV,KVVAATY,AMP_MASTER,AMP_011993,KKKKVVAATYVLVA,KKKKVVAATYVLVA,14,True,1,False,,3.5714,beyond_top_2_per_motif
FAM_110,Hydrophobic/signal-like,KVVAATYVLV,KVVAATY,AMP_MASTER,AMP_011994,KKKKVVAATYVLVF,KKKKVVAATYVLVF,14,True,1,False,,3.5714,beyond_top_2_per_motif
FAM_110,Hydrophobic/signal-like,KVVAATYVLV,KVVAATY,AMP_MASTER,AMP_000609,AKLKVVAATYVKKK,AKLKVVAATYVKKK,14,True,1,False,,3.5,beyond_top_2_per_motif
FAM_110,Hydrophobic/signal-like,KVVAATYVLV,KVVAATY,AMP_MASTER,AMP_011995,KKKKVVAATYVLVK,KKKKVVAATYVLVK,14,True,1,False,,3.5,beyond_top_2_per_motif
FAM_110,Hydrophobic/signal-like,KVVAATYVLV,KVVAATY,AMP_MASTER,AMP_011969,KKKKVVAATYKKVA,KKKKVVAATYKKVA,14,True,1,False,,3.4286,beyond_top_2_per_motif
FAM_110,Hydrophobic/signal-like,KVVAATYVLV,KVVAATY,AMP_MASTER,AMP_011970,KKKKVVAATYKLKA,KKKKVVAATYKLKA,14,True,1,False,,3.4286,beyond_top_2_per_motif
FAM_110,Hydrophobic/signal-like,KVVAATYVLV,KVVAATY,AMP_MASTER,AMP_011980,KKKKVVAATYVKKA,KKKKVVAATYVKKA,14,True,1,False,,3.4286,beyond_top_2_per_motif
FAM_110,Hydrophobic/signal-like,KVVAATYVLV,KVVAATY,AMP_MASTER,AMP_011988,KKKKVVAATYVLKK,KKKKVVAATYVLKK,14,True,1,False,,3.4286,beyond_top_2_per_motif
FAM_110,Hydrophobic/signal-like,KVVAATYVLV,KVVAATY,AMP_MASTER,AMP_011316,KDLKVVAATYVKKK,KDLKVVAATYVKKK,14,True,1,False,,3.3571,beyond_top_2_per_motif
FAM_110,Hydrophobic/signal-like,KVVAATYVLV,KVVAATY,AMP_MASTER,AMP_011967,KKKKVVAATYKKKA,KKKKVVAATYKKKA,14,True,1,False,,3.3571,beyond_top_2_per_motif
FAM_110,Hydrophobic/signal-like,KVVAATYVLV,KVVAATY,AMP_MASTER,AMP_011968,KKKKVVAATYKKKK,KKKKVVAATYKKKK,14,True,1,False,,3.2857,beyond_top_2_per_motif
FAM_110,Hydrophobic/signal-like,KVVAATYVLV,KVVAATYVLV,AMP_MASTER,AMP_000248,ADLKVVAATYVLVA,ADLKVVAATYVLVA,14,True,1,False,,3.6429,sequence_already_selected_for_another_motif
FAM_110,Hydrophobic/signal-like,KVVAATYVLV,KVVAATYVLV,AMP_MASTER,AMP_011995,KKKKVVAATYVLVK,KKKKVVAATYVLVK,14,True,1,False,,3.5,beyond_top_2_per_motif
FAM_123,Other,LQLTVWG,LQLTVWG,AMP_MASTER,AMP_018636,QHLLQLTVWGIKQLQARILAVERYLKDQ,QHLLQLTVWGIKQLQARILAVERYLKDQ,28,True,1,False,,4.25,beyond_top_2_per_motif
FAM_123,Other,LQLTVWG,LQLTVWG,AMP_MASTER,AMP_023733,VQQQNNLLRAIEAQQHLLQLTVWGIKQL,VQQQNNLLRAIEAQQHLLQLTVWGIKQL,28,True,1,False,,4.1071,beyond_top_2_per_motif
FAM_123,Other,LQLTVWG,LQLTVWG,AMP_MASTER,AMP_009772,HMLQLTVWGIKQLQA,HMLQLTVWGIKQLQA,15,True,1,False,,3.3333,beyond_top_2_per_motif
FAM_123,Other,LQLTVWG,LQLTVWG,AMP_MASTER,AMP_011628,KIKKIENEIARIKKLLQLTVWGIKQLQARIL,KIKKIENEIARIKKLLQLTVWGIKQLQARIL,31,True,1,False,,2.7903,beyond_top_2_per_motif
FAM_123,Other,LQLTVWG,LQLTVWG,AMP_MASTER,AMP_012684,KQKKIENEIARIKKLLQLTVWGIKQLQARIL,KQKKIENEIARIKKLLQLTVWGIKQLQARIL,31,True,1,False,,2.7258,beyond_top_2_per_motif
FAM_123,Other,LQLTVWG,LQLTVWG,AMP_MASTER,AMP_011591,KIEEIESKIKKIENEIARIKKLLQLTVWGIKQLQARIL,KIEEIESKIKKIENEIARIKKLLQLTVWGIKQLQARIL,38,True,1,False,,2.6842,beyond_top_2_per_motif
FAM_123,Other,LQLTVWG,LQLTVWG,AMP_MASTER,AMP_011592,KIEEIESKQKKIENEIARIKKLLQLTVWGIKQLQARIL,KIEEIESKQKKIENEIARIKKLLQLTVWGIKQLQARIL,38,True,1,False,,2.6316,beyond_top_2_per_motif
FAM_123,Other,LQLTVWG,LQLTVWG,AMP_MASTER,AMP_019526,RIQQIEQKIHHIEQRIQQIEQLLQLTVWGIKQLQARIL,RIQQIEQKIHHIEQRIQQIEQLLQLTVWGIKQLQARIL,38,True,1,False,,2.5789,beyond_top_2_per_motif
FAM_123,Other,LQLTVWG,QQHLLQLTVWGIKQLQA,AMP_MASTER,AMP_010003,IEAQQHLLQLTVWGIKQLQARIL,IEAQQHLLQLTVWGIKQLQARIL,23,True,1,False,,4.2609,sequence_already_selected_for_another_motif
FAM_164,Cationic-rich,WQRNJRKV,WQRNJRKV,AMP_MASTER,AMP_005080,FQWQRNIRKVRPRVKRINRQWQF,FQWQRNIRKVRPRVKRINRQWQF,23,True,1,False,,4.0435,sequence_already_selected_for_another_motif
