Family_ID;Motif;Clustering;Tool;Is_representative;Is_robust_family;Consensus_string;Diagram_found;Diagram_file_all;Diagram_file_robust
FAM_016;CKJTKTC;cdhit;meme;True;False;C-K/A-I/L/V-T/A/S-K/G/N-T/K/G-C;True;all/FAM_016/00_REP__cdhit_meme__CKJTKTC.png;
FAM_014;KCINGVCC;cdhit;meme;False;True;K/R/S-C-I/V/R-N/K/D-G/K/N-V/I/F-C-C/Y/V;True;all/FAM_014/01_____cdhit_meme__KCINGVCC.png;robust/FAM_014/01_____cdhit_meme__KCINGVCC.png
FAM_068;KKCCRK;cdhit;meme;True;False;K/R/L-K/S/R-C-C-R/K/V-K/R/S;True;all/FAM_068/00_REP__cdhit_meme__KKCCRK.png;
FAM_034;LILLLLLFLVLILLS;cdhit;meme;True;True;L/K/F-I/V/L-L/I/Y-L/F/I-L/I/F-L/S/V-L/I/F-F/L/A-L/I/V-V/G/S-L/V/A-I/V/T-L/S/V-L/V/A-S/A/V;True;all/FAM_034/00_REP__cdhit_meme__LILLLLLFLVLILLS.png;robust/FAM_034/00_REP__cdhit_meme__LILLLLLFLVLILLS.png
FAM_013;CDADCP;cdhit;streme;True;True;C/T/S-D/G/N-A/S/K-D/T/H-C-P/R/V;True;all/FAM_013/00_REP__cdhit_streme__CDADCP.png;robust/FAM_013/00_REP__cdhit_streme__CDADCP.png
FAM_060;ILKFVYA;cdhit;streme;False;True;I/T/V-L/V/G-K/M/N-F/Y/D-V/I/L-Y/H/C-A/V/S;True;all/FAM_060/01_____cdhit_streme__ILKFVYA.png;robust/FAM_060/01_____cdhit_streme__ILKFVYA.png
FAM_075;KSCCPSTTC;cdhit;streme;True;False;K/G/V-S/V/G-C/K/V-C/K/G-P/I/K-S/N/T-T/G/K-T/K/S-C/A/K;True;all/FAM_075/00_REP__cdhit_streme__KSCCPSTTC.png;
FAM_083;LKKAVK;cdhit;streme;True;False;L/I/A-K/R-K/G-A/P-V/A/L-K/R;True;all/FAM_083/00_REP__cdhit_streme__LKKAVK.png;
FAM_014;CINGKCKC;mmseq;meme;True;True;C-I/S/R-N/G/D-G/N/R-K/R/V-C/G-K/R/V-C;True;all/FAM_014/00_REP__mmseq_meme__CINGKCKC.png;robust/FAM_014/00_REP__mmseq_meme__CINGKCKC.png
FAM_015;CKCTKDC;mmseq;meme;True;False;C-K/A/V-C/T/I-T/D/S-K/G/S-D/G/K-C;True;all/FAM_015/00_REP__mmseq_meme__CKCTKDC.png;
FAM_034;FVYVLIJFLSLF;mmseq;meme;False;True;F/L-V/L/I-Y/L/F-V/L/A-L/I/M-I/L/V-L/I/V-F/L/A-L/I/V-S/L/T-L/I/V-F/L/S;True;all/FAM_034/01_____mmseq_meme__FVYVLIJFLSLF.png;robust/FAM_034/01_____mmseq_meme__FVYVLIJFLSLF.png
FAM_093;PIVGKLLGGL;mmseq;meme;True;False;P/G/S-I/L/V-V/I/L-G/K-K/N/S-L/I/V-L/I-G/S/K-G/S/K-L/I;True;all/FAM_093/00_REP__mmseq_meme__PIVGKLLGGL.png;
FAM_013;CETDCDCPE;mmseq;streme;False;True;C-E/K/V-T/S/E-D/E/N-C/R/S-D/G/N-C/A/K-P/D/C-E/K/C;True;all/FAM_013/01_____mmseq_streme__CETDCDCPE.png;robust/FAM_013/01_____mmseq_streme__CETDCDCPE.png
FAM_060;MAKILKFVY;mmseq;streme;True;True;M/K-A/T/V-K/Q/E-I/T/S-L/I/F-K/M/I-F/L/Y-V/F/I-Y/C/N;True;all/FAM_060/00_REP__mmseq_streme__MAKILKFVY.png;robust/FAM_060/00_REP__mmseq_streme__MAKILKFVY.png
FAM_119;VVAATYVL;mmseq;streme;True;True;V/N/C-V/C/S-A/C/L-A/G/S-T/S/C-Y/C/L-V/Y/K-L/C/G;True;all/FAM_119/00_REP__mmseq_streme__VVAATYVL.png;robust/FAM_119/00_REP__mmseq_streme__VVAATYVL.png
FAM_010;LGLLGKLL;cdhit;meme;False;True;L/M/I-G/P/S-L/A/I-L/I/V-G/K/A-K/R/Q-L/I/A-L/I/V;True;all/FAM_010/01_____cdhit_meme__LGLLGKLL.png;robust/FAM_010/01_____cdhit_meme__LGLLGKLL.png
FAM_039;GGGCPFN;cdhit;streme;True;False;G/L/E-G/F/N-G/K/M-C/V/M-P/T/Y-F/G/V-N/D/T;True;all/FAM_039/00_REP__cdhit_streme__GGGCPFN.png;
FAM_096;QIGTCGG;mmseq;streme;True;False;Q/L/V-I/G/S-G/L/W-T/V/R-C-G/T/L-G/V/N;True;all/FAM_096/00_REP__mmseq_streme__QIGTCGG.png;
FAM_060;MAQISK;cdhit;streme;False;True;M-A/K-Q/K/E-I/T/L-S/L/I-K/M;True;all/FAM_060/01_____cdhit_streme__MAQISK.png;robust/FAM_060/01_____cdhit_streme__MAQISK.png
FAM_028;EKIGQNIRDG;cdhit;streme;False;True;E/K/G-K/R/E-I/V/A-G/V/K-Q/R/E-N/R/K-I/V/K-R/K/L-D/R/N-G/F/A;True;all/FAM_028/01_____cdhit_streme__EKIGQNIRDG.png;robust/FAM_028/01_____cdhit_streme__EKIGQNIRDG.png
FAM_049;GLSGLC;mmseq;streme;True;False;G/K/C-L/S/E-S/K/P-G/D/E-L/T/Q-C/D/F;True;all/FAM_049/00_REP__mmseq_streme__GLSGLC.png;
FAM_118;VPSVIGAV;cdhit;streme;True;False;V/I/L-P/G/E-S/G/T-V/L/P-I/V/F-G/S/N-A/S/L-V/I/F;True;all/FAM_118/00_REP__cdhit_streme__VPSVIGAV.png;
FAM_029;EKLKEA;cdhit;streme;True;False;E/D/T-K/L/A-L/I/Y-K/L/A-E/N/A-A/K/L;True;all/FAM_029/00_REP__cdhit_streme__EKLKEA.png;
FAM_123;WBTFKEL;cdhit;streme;True;False;W/L/K-N/D/S-T/F/P-F/L/I-K/R-E/K/N-L/V/I;True;all/FAM_123/00_REP__cdhit_streme__WBTFKEL.png;
FAM_116;VLNENI;mmseq;streme;True;False;V/G/D-L/C/N-N/C/K-E/C/N-N/C-I/A/S;True;all/FAM_116/00_REP__mmseq_streme__VLNENI.png;
FAM_076;KVKLIK;cdhit;streme;True;False;K-V/L/R-K-L/K/G-I/K/R-K;True;all/FAM_076/00_REP__cdhit_streme__KVKLIK.png;
FAM_053;TCDLLS;cdhit;streme;False;True;T/L/A-C/E-D/E/Q-L/S/R-L/A/Q-S/D/R;True;all/FAM_053/01_____cdhit_streme__TCDLLS.png;robust/FAM_053/01_____cdhit_streme__TCDLLS.png
FAM_012;BGRKJCLD;cdhit;streme;True;False;D/N/R-G/A/Y-R/I/S-K/E/R-I/L/R-C/I/G-L/E/A-D/N/S;True;all/FAM_012/00_REP__cdhit_streme__BGRKJCLD.png;
FAM_101;RDADEEEG;cdhit;streme;True;False;R/D/Q-D/N/G-A/E/I-D/E/K-E/D/Q-E/D/L-E/D/R-G/R/D;True;all/FAM_101/00_REP__cdhit_streme__RDADEEEG.png;
FAM_040;GGGSGYGK;cdhit;meme;True;False;G/P/T-G/C/D-G/P/H-S/E/Q-G/D/Y-Y/F-G/P/N-K/R/Q;True;all/FAM_040/00_REP__cdhit_meme__GGGSGYGK.png;
FAM_122;VYRNGVR;cdhit;streme;True;True;V/A/S-Y/K/R-R/S/G-N/T-G/E/F-V/L/K-R/P/Y;True;all/FAM_122/00_REP__cdhit_streme__VYRNGVR.png;robust/FAM_122/00_REP__cdhit_streme__VYRNGVR.png
FAM_063;JGAVLK;cdhit;streme;True;False;I/L/V-G/V/R-A/P/S-V/I/A-L/I/H-K/G/L;True;all/FAM_063/00_REP__cdhit_streme__JGAVLK.png;
FAM_033;FIKHFIHR;cdhit;streme;True;False;F/G/Q-I/E/P-K/H/L-H/K/G-F/I/H-I/S/L-H/G/V-R/G/C;True;all/FAM_033/00_REP__cdhit_streme__FIKHFIHR.png;
FAM_125;YTSLIHGL;cdhit;streme;True;False;Y/V/I-T/G/A-S/G/K-L/G/A-I/R/L-H/R/A-G/S/P-L/V/G;True;all/FAM_125/00_REP__cdhit_streme__YTSLIHGL.png;
FAM_010;FLPMLAG;mmseq;streme;False;True;F/V/D-L/F-P/L-M/E/A-L-A/V/Q-G;True;all/FAM_010/01_____mmseq_streme__FLPMLAG.png;robust/FAM_010/01_____mmseq_streme__FLPMLAG.png
FAM_038;GFSGGR;cdhit;streme;True;False;G-F-S/T/L-G/Q-G-R/V/L;True;all/FAM_038/00_REP__cdhit_streme__GFSGGR.png;
FAM_115;VKKYIKBGI;cdhit;meme;True;False;V/I/A-G/K/A-K/Q/T-Y/F/N-I/V/L-K/R/Q-D/N/G-G/P/H-I/L/V;True;all/FAM_115/00_REP__cdhit_meme__VKKYIKBGI.png;
FAM_050;GLTGGNA;mmseq;streme;True;False;G/V/S-L/K/I-T/I/N-G/Q/V-G/N/W-N/L/C-A/G/Y;True;all/FAM_050/00_REP__mmseq_streme__GLTGGNA.png;
FAM_030;ELDQIIG;cdhit;streme;True;False;E/K/S-L/M/V-D/Q/A-Q/K/E-I/L/V-I/L/S-G/H/V;True;all/FAM_030/00_REP__cdhit_streme__ELDQIIG.png;
FAM_098;QQEKNE;cdhit;streme;True;False;Q/T-Q/R/K-E/K/R-K/F/N-N/Y/Q-E/M/L;True;all/FAM_098/00_REP__cdhit_streme__QQEKNE.png;
FAM_061;ITAAVAL;cdhit;streme;True;False;I/S/N-T/R/G-A/V-A/G/H-V/D/L-A/I/V-L/A/V;True;all/FAM_061/00_REP__cdhit_streme__ITAAVAL.png;
FAM_056;HHHHHHG;cdhit;streme;True;False;H/S/Q-H/R/G-H/G/V-H/R/K-H/F/I-H/L/G-G/H/E;True;all/FAM_056/00_REP__cdhit_streme__HHHHHHG.png;
FAM_124;YKRKFL;cdhit;streme;True;False;Y/G/V-K/A/Y-R/K/G-K/F/S-F/V/R-L/H/F;True;all/FAM_124/00_REP__cdhit_streme__YKRKFL.png;
FAM_032;EWYNQTK;cdhit;streme;True;False;E/T/K-W/Q/T-Y/I/L-N/K/L-Q/K/R-T/L/K-K/I/E;True;all/FAM_032/00_REP__cdhit_streme__EWYNQTK.png;
FAM_026;EELDKY;cdhit;streme;True;False;E/Q/N-E/L/Y-L/V-D/R/K-K/R/N-Y/V/S;True;all/FAM_026/00_REP__cdhit_streme__EELDKY.png;
FAM_052;GQAASI;cdhit;streme;True;False;G/A/Q-Q/E/A-A/G-A/T/Q-S/A/G-I/S/L;True;all/FAM_052/00_REP__cdhit_streme__GQAASI.png;
FAM_054;GYGGWG;cdhit;streme;True;False;G-Y-G-G-W-G;True;all/FAM_054/00_REP__cdhit_streme__GYGGWG.png;
FAM_036;FVGEIMNS;mmseq;streme;True;False;F/A/P-V/T/S-G/Q/K-E/T/G-I/K/T-M/E/N-N/G/K-S/P/F;True;all/FAM_036/00_REP__mmseq_streme__FVGEIMNS.png;
FAM_025;EEKREL;cdhit;streme;True;False;E/P/I-E/T/R-K/T/S-R/S/F-E/A/G-L/N/E;True;all/FAM_025/00_REP__cdhit_streme__EEKREL.png;
FAM_077;LDVGTN;cdhit;streme;True;False;L/T-D/Y/F-V/G/Y-G/K-T-N;True;all/FAM_077/00_REP__cdhit_streme__LDVGTN.png;
FAM_087;LQLTVWG;cdhit;streme;True;False;L/V/Q-Q/E/G-L/V/A-T/A/E-V/L/A-W/R/L-G/L/N;True;all/FAM_087/00_REP__cdhit_streme__LQLTVWG.png;
FAM_074;KQLQARIL;cdhit;streme;True;False;K/T/V-Q/L/R-L/V/I-Q/D/S-A/R/G-R/L/V-I/E/N-L/T;True;all/FAM_074/00_REP__cdhit_streme__KQLQARIL.png;
FAM_111;SIGNLI;cdhit;streme;True;False;S/A/T-I/S/L-G/N/Q-N/V/S-L/K/A-I/D/G;True;all/FAM_111/00_REP__cdhit_streme__SIGNLI.png;
FAM_079;LGPPISLE;cdhit;streme;True;False;L/E/I-G/P-P/N/Q-P/G-I/L/V-S/L-L/I/S-E/V/I;True;all/FAM_079/00_REP__cdhit_streme__LGPPISLE.png;
FAM_062;JEESQE;cdhit;streme;True;False;I/L/N-E-E-S-Q/K-E/N/P;True;all/FAM_062/00_REP__cdhit_streme__JEESQE.png;
FAM_080;LGTSIPD;cdhit;streme;True;False;L/P/G-G/C/L-T/D-S/I/L-I/F/S-P/V/N-D/G/C;True;all/FAM_080/00_REP__cdhit_streme__LGTSIPD.png;
FAM_112;SLSVAQ;cdhit;streme;True;False;S/N/L-L/G-S/V/I-V/I/K-A/C/T-Q/A/D;True;all/FAM_112/00_REP__cdhit_streme__SLSVAQ.png;
FAM_003;AGGSRQ;cdhit;streme;True;True;A/L/S-G/L/I-G/V/S-S/L-R/L/K-Q;True;all/FAM_003/00_REP__cdhit_streme__AGGSRQ.png;robust/FAM_003/00_REP__cdhit_streme__AGGSRQ.png
FAM_078;LFDLDVV;cdhit;streme;True;False;L/D/G-F/L/I-D/N-L/P-D/E/S-V/I/L-V/K/Q;True;all/FAM_078/00_REP__cdhit_streme__LFDLDVV.png;
FAM_066;KIEEYT;cdhit;streme;True;False;K-I-E-E-Y-T;True;all/FAM_066/00_REP__cdhit_streme__KIEEYT.png;
FAM_010;FLGAJLKLAAKVLPKIICKI;cdhit;meme;True;True;F/L-L/F/I-G/P/K-A/G/S-L/I/V-L/A/I-K/G/R-L/V/G-A/G/L-A/G/S-K/G/N-V/I/L-L/V/G-P/K/G-K/A/T-I/L/V-I/F/L-C/G/A-K/A/L-I/L/V;True;all/FAM_010/00_REP__cdhit_meme__FLGAJLKLAAKVLPKIICKI.png;robust/FAM_010/00_REP__cdhit_meme__FLGAJLKLAAKVLPKIICKI.png
FAM_034;IJFLSLFLVV;cdhit;streme;False;True;I/L/T-I/L/V-F/L/S-L/I/V-S/F/A-L/I/V-F/C/L-L/E/V-V/L/A-V/A/E;True;all/FAM_034/01_____cdhit_streme__IJFLSLFLVV.png;robust/FAM_034/01_____cdhit_streme__IJFLSLFLVV.png
FAM_013;CXTDEDCPKVC;cdhit;meme;False;True;C-K/T/V-T/N/S-D/N/G-E/S/G-D/N/E-C-P/R/A-K/G/E-V/L/T-C;True;all/FAM_013/01_____cdhit_meme__CXTDEDCPKVC.png;robust/FAM_013/01_____cdhit_meme__CXTDEDCPKVC.png
FAM_011;ARNIYNVCR;mmseq;streme;False;True;A/G/K-R/L/K-N/C/T-I/N/V-Y/D/N-N/G/K-V/T/A-C/P/V-R/L/V;True;all/FAM_011/01_____mmseq_streme__ARNIYNVCR.png;robust/FAM_011/01_____mmseq_streme__ARNIYNVCR.png
FAM_010;FLGLLLKLIK;mmseq;streme;False;True;F/L/I-L/F/I-G/K/P-L/I/A-L/I/V-L/A/K-K/G/S-L/V/A-I/L/A-K/S/L;True;all/FAM_010/01_____mmseq_streme__FLGLLLKLIK.png;robust/FAM_010/01_____mmseq_streme__FLGLLLKLIK.png
FAM_010;FLPLLAGL;cdhit;streme;False;True;F/L/G-L/F/I-P/G/S-L/A/V-L/I/V-A/G/T-G/S/N-L/A/V;True;all/FAM_010/01_____cdhit_streme__FLPLLAGL.png;robust/FAM_010/01_____cdhit_streme__FLPLLAGL.png
FAM_011;CIYGTCR;cdhit;streme;True;True;C/N/R-I/G/V-Y/N/I-G/N/C-T/E/F-C-R/V/Y;True;all/FAM_011/00_REP__cdhit_streme__CIYGTCR.png;robust/FAM_011/00_REP__cdhit_streme__CIYGTCR.png
FAM_055;GYKGGY;mmseq;streme;True;False;G/H/K-Y/G/R-K/C/G-G/S/H-G/N-Y/S/F;True;all/FAM_055/00_REP__mmseq_streme__GYKGGY.png;
FAM_010;LKKLLKKLKK;cdhit;streme;False;True;L/C/W-K/G/C-K/C/G-L/S/F-L/G/A-K/L/R-K/L/G-L/C/I-K/L/C-K/C/R;True;all/FAM_010/01_____cdhit_streme__LKKLLKKLKK.png;robust/FAM_010/01_____cdhit_streme__LKKLLKKLKK.png
FAM_034;FLSLFL;mmseq;streme;False;True;F-L/F/A-S/K-L/K-F-L/K/G;True;all/FAM_034/01_____mmseq_streme__FLSLFL.png;robust/FAM_034/01_____mmseq_streme__FLSLFL.png
FAM_018;CRRRGGYCRFXPCPFCPF;cdhit;meme;True;False;C/I/G-R/G/K-R/Q/P-R/K/N-G/R/A-G/E-Y/S/F-C/G-H/R/G-F/Y/G-G/L/I-P/G/K-C/G/K-P/I/L-F/T/C-C/A/R-P/R/A-F/C/I;True;all/FAM_018/00_REP__cdhit_meme__CRRRGGYCRFXPCPFCPF.png;
FAM_117;VLSKLGBVIEEI;cdhit;meme;True;False;V/I/L-L/A/V-S/Q/E-K/A/Q-L/V/I-G/A/H-N/D/E-V/L/I-I/L/V-E/S/A-E/K/N-I/V/L;True;all/FAM_117/00_REP__cdhit_meme__VLSKLGBVIEEI.png;
FAM_037;GCKIKGEC;cdhit;streme;True;False;G/R/A-C/E/S-K/L/Q-I/V/L-K/T/G-G/K/E-E/G/R-C/K/S;True;all/FAM_037/00_REP__cdhit_streme__GCKIKGEC.png;
FAM_073;KLKLLCKLKK;mmseq;meme;True;False;K/L/I-L/K/I-K/L/T-L/F/I-L/I/F-C/I/A-K/L/R-L/I/V-K/A/L-K;True;all/FAM_073/00_REP__mmseq_meme__KLKLLCKLKK.png;
FAM_017;CPSDYP;mmseq;streme;True;False;C-P/T/D-S/N/P-D/G/N-Y/L/F-P/D/C;True;all/FAM_017/00_REP__mmseq_streme__CPSDYP.png;
FAM_042;GGSFND;mmseq;streme;True;False;G/T/A-G/K/E-S/C/Y-F/C/T-N/S/D-D/S/T;True;all/FAM_042/00_REP__mmseq_streme__GGSFND.png;
FAM_069;KKKKKKKKKK;mmseq;meme;True;False;K/L/R-K/L/R-K/L/A-K/L/A-K/V/L-K/V/F-K/A/L-K/A/L-K/T/L-K/Y/Q;True;all/FAM_069/00_REP__mmseq_meme__KKKKKKKKKK.png;
FAM_001;AAAAAVAGAAAG;cdhit;meme;True;False;A/G/S-A/G/S-A/G/S-A/G/S-A/G/S-V/A/I-A/G/S-G/A-A/G/S-A/V/I-A/G/S-G/A/S;True;all/FAM_001/00_REP__cdhit_meme__AAAAAVAGAAAG.png;
FAM_065;KGAAKN;mmseq;streme;True;False;K/L/I-G/N/Q-A/V/I-A/G/L-K/A/Q-N/A/E;True;all/FAM_065/00_REP__mmseq_streme__KGAAKN.png;
FAM_119;VVAATY;cdhit;streme;False;True;V/A/L-V/P/E-A/G/S-A/G-T/A-Y/A/K;True;all/FAM_119/01_____cdhit_streme__VVAATY.png;robust/FAM_119/01_____cdhit_streme__VVAATY.png
FAM_071;KKLWKK;mmseq;streme;True;False;K/C/W-K/W/R-L/R/I-W/L/R-K/R/W-K/W/R;True;all/FAM_071/00_REP__mmseq_streme__KKLWKK.png;
FAM_046;GJLSGJLGAGKNJVC;cdhit;meme;True;False;G/A/S-I/L/V-L/F/I-S/T/G-G/A/K-I/L/V-L/K/V-G/K/N-A/G/K-G/A/L-K/R-N/E/K-I/L/V-V/A/L-C/K/G;True;all/FAM_046/00_REP__cdhit_meme__GJLSGJLGAGKNJVC.png;
FAM_109;WKKWKKKW;cdhit;meme;True;True;W/L/F-K/R/L-K/R/L-W/F/L-K/R/L-K/R/W-K/R/I-W/L/F;True;all/FAM_109/00_REP__cdhit_meme__WKKWKKKW.png;robust/FAM_109/00_REP__cdhit_meme__WKKWKKKW.png
FAM_070;KKKKTK;mmseq;streme;True;False;K/A/P-K/P/N-K-K/L/F-T/L/G-K/V/W;True;all/FAM_070/00_REP__mmseq_streme__KKKKTK.png;
FAM_010;FLGALLKLA;mmseq;meme;False;True;F/L/I-L-G/P/K-A/S/T-L/I/V-L/A/I-K/G/N-L/V/A-A/L/V;True;all/FAM_010/01_____mmseq_meme__FLGALLKLA.png;robust/FAM_010/01_____mmseq_meme__FLGALLKLA.png
FAM_105;RKRRRRRR;mmseq;meme;True;False;R-K/R/I-R/K/L-R/K/I-R/K-R/K/Q-R/K/L-R/K;True;all/FAM_105/00_REP__mmseq_meme__RKRRRRRR.png;
FAM_010;WKKJLKKILK;mmseq;meme;False;True;W/L/F-K/R/G-K/R/Q-L/I/V-L/V/I-K/R/Q-K/R-I/V/L-L/A/K-K/R/Q;True;all/FAM_010/01_____mmseq_meme__WKKJLKKILK.png;robust/FAM_010/01_____mmseq_meme__WKKJLKKILK.png
FAM_019;CWKGKGKC;cdhit;meme;True;False;C-W/G/Y-K/R/S-G/L/R-K/R/G-G-K/R/T-C;True;all/FAM_019/00_REP__cdhit_meme__CWKGKGKC.png;
FAM_072;KLKCKL;mmseq;streme;True;False;K/P-L/I/P-K/L/R-C/L/R-K/L/Y-L/V/A;True;all/FAM_072/00_REP__mmseq_streme__KLKCKL.png;
FAM_090;NYWILEY;cdhit;streme;True;False;N/I/L-Y/N/D-W/E-I/K/L-L/K/A-E/A/L-Y/G/R;True;all/FAM_090/00_REP__cdhit_streme__NYWILEY.png;
FAM_009;ALGTNV;mmseq;streme;True;False;A/W-L/N-G/A-T/G-N/A/K-V;True;all/FAM_009/00_REP__mmseq_streme__ALGTNV.png;
FAM_044;GHGQHG;mmseq;streme;True;False;G/Q/T-H/W/N-G/N/E-Q/V/P-H/Q/T-G;True;all/FAM_044/00_REP__mmseq_streme__GHGQHG.png;
FAM_010;KKLEKLAKKI;mmseq;meme;False;True;K/R/Q-K/R/A-L/I/V-E/A/K-K/E/A-L/V/I-A/L/I-K/Q/R-K/R/N-I/L/V;True;all/FAM_010/01_____mmseq_meme__KKLEKLAKKI.png;robust/FAM_010/01_____mmseq_meme__KKLEKLAKKI.png
FAM_046;KKVGKKVAKAVAK;cdhit;meme;False;False;K/E/R-K/E/R-V/L/A-G/L/A-K/R/Q-A/E/K-V/A/I-A/E/R-K/R/Q-A/S/G-V/A/I-A/L/I-K/R/Q;True;all/FAM_046/01_____cdhit_meme__KKVGKKVAKAVAK.png;
FAM_095;PRPXPPPPRPPRPPP;mmseq;meme;False;True;P/S/A-R/P/K-P/G/A-S/P/A-P/G/L-P/A/R-P/G/R-P/T-R/P/K-P/S/V-P/A/I-R/P/G-P/A/R-P/R/V-P/R/A;True;all/FAM_095/01_____mmseq_meme__PRPXPPPPRPPRPPP.png;robust/FAM_095/01_____mmseq_meme__PRPXPPPPRPPRPPP.png
FAM_109;RWRWRW;mmseq;meme;False;True;R/K/W-W-R/K/W-W/R/K-R/K/W-W;True;all/FAM_109/01_____mmseq_meme__RWRWRW.png;robust/FAM_109/01_____mmseq_meme__RWRWRW.png
FAM_041;GGGSSI;mmseq;streme;True;False;G/V/D-G/S/Q-G/R/Y-S/T/V-S/L/G-I/L/G;True;all/FAM_041/00_REP__mmseq_streme__GGGSSI.png;
FAM_060;MAKILK;mmseq;meme;False;True;M-A/T/S-K/E/Q-I/V/T-L/I/V-K/M;True;all/FAM_060/01_____mmseq_meme__MAKILK.png;robust/FAM_060/01_____mmseq_meme__MAKILK.png
FAM_006;AITKKC;cdhit;streme;True;False;A/L/K-I/V/T-T/I/Y-K/R-K/R/I-C/K/P;True;all/FAM_006/00_REP__cdhit_streme__AITKKC.png;
FAM_005;AILSAI;mmseq;streme;True;False;A/L/G-I-L/A/G-S/K-A/G/T-I/L;True;all/FAM_005/00_REP__mmseq_streme__AILSAI.png;
FAM_024;EEEEEEEEEEEEEEEZ;mmseq;meme;True;False;E/Q/S-E/A/Q-E/Q/A-E/A/Q-E/S/K-E/S/Q-E/Q/D-E/Q/K-E/D/Q-E/D/Q-E/A/Q-E/K/Q-E/A/T-E/Q/S-E/Q/A-E/Q/T;True;all/FAM_024/00_REP__mmseq_meme__EEEEEEEEEEEEEEEZ.png;
FAM_008;AKQLLES;cdhit;streme;True;False;A/I/L-K/V/S-Q/K/G-L/V/S-L/V/P-E/N/A-S/G/K;True;all/FAM_008/00_REP__cdhit_streme__AKQLLES.png;
FAM_121;VVNDLL;mmseq;streme;True;False;V/D-V/L-N/A/L-D/L/K-L/N/T-L/V/G;True;all/FAM_121/00_REP__mmseq_streme__VVNDLL.png;
FAM_035;MFTLKKSL;mmseq;streme;True;False;M/S/T-F/A/K-T/L/E-L/T/I-K/L/S-K/N/E-S/F/I-L/V/A;True;all/FAM_035/00_REP__mmseq_streme__MFTLKKSL.png;
FAM_088;NGGKCC;mmseq;meme;True;False;N/S/G-G/P/L-G/A/S-K/R/G-C/T/V-C/A;True;all/FAM_088/00_REP__mmseq_meme__NGGKCC.png;
FAM_058;IKAGPAV;mmseq;streme;True;False;I/A/Y-K/S/T-A/G/I-G/A-P/I/A-A/K/G-V/I/K;True;all/FAM_058/00_REP__mmseq_streme__IKAGPAV.png;
FAM_057;IIFRIL;mmseq;streme;True;False;I/L/G-I/H-F/S-R/E/A-I/D/A-L/A/I;True;all/FAM_057/00_REP__mmseq_streme__IIFRIL.png;
FAM_109;WWRRWW;mmseq;meme;False;True;W/R/K-W/R/F-R/K/W-R/K/W-W/R/F-W/R/L;True;all/FAM_109/01_____mmseq_meme__WWRRWW.png;robust/FAM_109/01_____mmseq_meme__WWRRWW.png
FAM_086;LQKILGG;mmseq;streme;True;False;L/G/M-Q/A/G-K/Q/N-I/P/V-L/V/D-G/L/C-G/N/R;True;all/FAM_086/00_REP__mmseq_streme__LQKILGG.png;
FAM_047;GKLLES;mmseq;streme;True;False;G/P/K-K-L/V/I-L/W-E/Q-S/A/V;True;all/FAM_047/00_REP__mmseq_streme__GKLLES.png;
FAM_084;LLALLAE;mmseq;streme;True;False;L/K-L/K/H-A/E/K-L/A-L/V-A/G-E/V/P;True;all/FAM_084/00_REP__mmseq_streme__LLALLAE.png;
FAM_097;QLRRPVR;mmseq;streme;True;False;Q/Y-L/K/G-R/K/Y-R/K/I-P/R/K-V/L-R;True;all/FAM_097/00_REP__mmseq_streme__QLRRPVR.png;
FAM_120;VVGQAATI;mmseq;streme;True;False;V/G/Q-V/I/P-G/T/N-Q/N/G-A/G/T-A/T/V-T/S/A-I/C/V;True;all/FAM_120/00_REP__mmseq_streme__VVGQAATI.png;
FAM_102;RGARRG;mmseq;streme;True;False;R-G/R/Q-A/I/F-R-R/G/N-G/N/R;True;all/FAM_102/00_REP__mmseq_streme__RGARRG.png;
FAM_045;GIJKKI;cdhit;streme;True;False;G/K/E-I/L/V-L/I/F-K/S/G-K/F/T-I/V/L;True;all/FAM_045/00_REP__cdhit_streme__GIJKKI.png;
FAM_010;KKJKDFLKK;cdhit;meme;False;True;K/R/Q-K/R/Q-I/L/V-K/R/E-D/N/K-F/Y/L-L/I/A-K/R/N-K/R/N;True;all/FAM_010/01_____cdhit_meme__KKJKDFLKK.png;robust/FAM_010/01_____cdhit_meme__KKJKDFLKK.png
FAM_035;FTLKKS;mmseq;streme;False;False;F/A/K-T/F/A-L/M/T-K/I/A-K/R-S/P/G;True;all/FAM_035/01_____mmseq_streme__FTLKKS.png;
FAM_110;SAAPEP;mmseq;streme;True;False;S/E/N-A/G/H-A/S/D-P/L-E/V/A-P;True;all/FAM_110/00_REP__mmseq_streme__SAAPEP.png;
FAM_024;EEZEEE;mmseq;meme;False;False;E/Q/D-E/D/Q-E/Q/S-E/S/D-E/A/S-E/D/Q;True;all/FAM_024/01_____mmseq_meme__EEZEEE.png;
FAM_010;KKJEELAKK;mmseq;streme;False;True;K/D/T-K/A/S-I/L/V-E/A/K-E/A/N-L/E/Y-A/E/N-K/S/A-K/E/N;True;all/FAM_010/01_____mmseq_streme__KKJEELAKK.png;robust/FAM_010/01_____mmseq_streme__KKJEELAKK.png
FAM_113;TISGECH;mmseq;streme;True;False;T/A/E-I/K/S-S/D/H-G/H/Q-E/G/A-C/S/D-H/N/V;True;all/FAM_113/00_REP__mmseq_streme__TISGECH.png;
FAM_004;AGPAVGVI;cdhit;streme;True;False;A-G/A-P/A/K-A/G/V-V/A/I-G/A/D-V/G/A-I/V/A;True;all/FAM_004/00_REP__cdhit_streme__AGPAVGVI.png;
FAM_092;PFVFLR;mmseq;streme;True;False;P/E/F-F/E-V/L/Y-F/P/G-L/F/W-R/F/M;True;all/FAM_092/00_REP__mmseq_streme__PFVFLR.png;
FAM_053;GTCDLLS;mmseq;streme;True;True;G/A/V-T/I/S-C-D/A/T-L/K/R-L/N/D-S/G/C;True;all/FAM_053/00_REP__mmseq_streme__GTCDLLS.png;robust/FAM_053/00_REP__mmseq_streme__GTCDLLS.png
FAM_099;QRNMRKVR;mmseq;streme;True;False;Q/R/S-R/W/N-N/I/R-M/L/K-R/A/K-K/Q/I-V/R/L-R/G/Q;True;all/FAM_099/00_REP__mmseq_streme__QRNMRKVR.png;
FAM_048;GLKKLF;mmseq;streme;True;False;G/R/K-L/A/P-K/E/P-K/F/N-L/I/K-F/L;True;all/FAM_048/00_REP__mmseq_streme__GLKKLF.png;
FAM_013;CGCCCGAGECRKXCC;mmseq;meme;False;True;C/S/A-G/C/E-C/P/E-C/S/E-C/G/R-G/N/R-A/D/G-G/C/S-E/K/R-C-R/Y/G-K/R/N-G/K/S-C-C/R;True;all/FAM_013/01_____mmseq_meme__CGCCCGAGECRKXCC.png;robust/FAM_013/01_____mmseq_meme__CGCCCGAGECRKXCC.png
FAM_022;DWAKLGTS;mmseq;streme;True;False;D/M/V-W/A/F-A/T/V-K/G/T-L/M/A-G/I/C-T/V/K-S/A/D;True;all/FAM_022/00_REP__mmseq_streme__DWAKLGTS.png;
FAM_085;LLQLLK;cdhit;streme;True;False;L/I/E-L/Q/G-Q/E/R-L/R-L/Q/D-K/G/P;True;all/FAM_085/00_REP__cdhit_streme__LLQLLK.png;
FAM_107;RRKKAAV;mmseq;streme;True;False;R-R/G-K/G/V-K/R-A/L/Y-A/R/L-V/A/I;True;all/FAM_107/00_REP__mmseq_streme__RRKKAAV.png;
FAM_031;EVGMDVVRT;cdhit;streme;True;False;E-V-G-M-D-V-V-R-T;True;all/FAM_031/00_REP__cdhit_streme__EVGMDVVRT.png;
FAM_023;EEEAAAP;mmseq;streme;True;False;E-E/A/S-E/K-A/S/K-A/R/T-A/V/G-P/G/T;True;all/FAM_023/00_REP__mmseq_streme__EEEAAAP.png;
FAM_007;AKAKAAK;mmseq;streme;True;False;A/N/K-K/I/A-A/T/I-K/A/V-A/K/S-A/K/R-K/S;True;all/FAM_007/00_REP__mmseq_streme__AKAKAAK.png;
FAM_108;RRRRWRR;cdhit;streme;True;False;R/K/P-R/P/W-R/P/G-R/P/Q-W/R/P-R/P/V-R/P/K;True;all/FAM_108/00_REP__cdhit_streme__RRRRWRR.png;
FAM_046;LLDTIKNVGKNVAGGL;cdhit;meme;False;False;L/I/A-L/I/M-D/N/S-T/V/I-I/L/V-K/Q-N/G/D-V/A/L-G/A/L-K/R/Q-N/E/K-V/L/A-A/L/V-G/K/A-G/S/H-L/V/A;True;all/FAM_046/01_____cdhit_meme__LLDTIKNVGKNVAGGL.png;
FAM_027;EEVEKRS;cdhit;streme;True;False;E/V/T-E/A/N-V/E/L-E/Q/V-K/A-R/I/K-S/G/F;True;all/FAM_027/00_REP__cdhit_streme__EEVEKRS.png;
FAM_100;QWAVGHL;mmseq;streme;True;False;Q/N/T-W/K/V-A/P/L-V/K/T-G/S/Q-H/G/K-L/V/F;True;all/FAM_100/00_REP__mmseq_streme__QWAVGHL.png;
FAM_095;PRPRPPPR;mmseq;streme;True;True;P/C/R-R/P/G-P/G/S-R/T/G-P/V/H-P/C/R-P/R/C-R/C/P;True;all/FAM_095/00_REP__mmseq_streme__PRPRPPPR.png;robust/FAM_095/00_REP__mmseq_streme__PRPRPPPR.png
FAM_122;YGNGVY;mmseq;streme;False;True;Y/G/L-G/R/K-N/T/H-G/C/K-V/W/L-Y/F/R;True;all/FAM_122/01_____mmseq_streme__YGNGVY.png;robust/FAM_122/01_____mmseq_streme__YGNGVY.png
FAM_106;RLRLLLRL;mmseq;streme;True;False;R/H/L-L/W/R-R/A/V-L/R-L/R/V-L/R/F-R/L/A-L/K/G;True;all/FAM_106/00_REP__mmseq_streme__RLRLLLRL.png;
FAM_104;RIRVAVIR;mmseq;streme;True;True;R/L-I/L/W-R/I-V/R/I-A/V/R-V/L-I/G/R-R/W;True;all/FAM_104/00_REP__mmseq_streme__RIRVAVIR.png;robust/FAM_104/00_REP__mmseq_streme__RIRVAVIR.png
FAM_003;AGGSRPQ;mmseq;streme;False;True;A-G-G-S-R-P-Q;True;all/FAM_003/01_____mmseq_streme__AGGSRPQ.png;robust/FAM_003/01_____mmseq_streme__AGGSRPQ.png
FAM_089;NVDAYVKC;cdhit;streme;True;False;N/I/M-V/D/A-D/E/K-A/G/E-Y/Q/L-V/I-K/E/R-C;True;all/FAM_089/00_REP__cdhit_streme__NVDAYVKC.png;
FAM_091;PFKISIH;mmseq;streme;True;False;P/A/Y-F/G/L-K/V/P-I/G/H-S/P/F-I/G/K-H/K/T;True;all/FAM_091/00_REP__mmseq_streme__PFKISIH.png;
FAM_002;AAFAAWAAF;mmseq;streme;True;False;A/L-A/L/G-F/A/R-A/G/W-A/L-W/A/G-A/L-A-F/A/R;True;all/FAM_002/00_REP__mmseq_streme__AAFAAWAAF.png;
FAM_043;GGYGGYGGGGGGGGGGGG;mmseq;meme;True;False;G/A/S-G/A/L-Y/A/K-G/S/T-G/A/S-Y/L/I-G/A/S-G/A/S-G/A/R-G/A/L-G/A/L-G/S/A-G/A/S-G/A/S-G/S/L-G/A/Y-G/A/I-G/S/I;True;all/FAM_043/00_REP__mmseq_meme__GGYGGYGGGGGGGGGGGG.png;
FAM_028;RIGQRIRD;mmseq;streme;True;True;R/K/F-I/W/V-G/V/Q-Q/R/I-R/N/V-I/V-R/K-D/K/R;True;all/FAM_028/00_REP__mmseq_streme__RIGQRIRD.png;robust/FAM_028/00_REP__mmseq_streme__RIGQRIRD.png
FAM_064;KEKKREKERKERKR;cdhit;meme;True;False;K/R/E-E/K/A-K/R/E-K/R/Q-R/K/E-E/R/Q-K/E/D-E/D/K-R/K/E-K/R/E-E/K/R-R/K/E-K/R/E-R/K/Q;True;all/FAM_064/00_REP__cdhit_meme__KEKKREKERKERKR.png;
FAM_067;KILGRK;mmseq;streme;True;False;K/V/Q-I/V-L/K/Q-G/E/Q-R/Y/V-K/L/T;True;all/FAM_067/00_REP__mmseq_streme__KILGRK.png;
FAM_104;RVAVIRA;mmseq;meme;False;True;R-V-A-V-I-R-A;True;all/FAM_104/01_____mmseq_meme__RVAVIRA.png;robust/FAM_104/01_____mmseq_meme__RVAVIRA.png
FAM_082;LKEVSEZE;mmseq;streme;True;False;L/I/F-K/E/Q-E/N/I-V/L/S-S/Q/K-E/L/D-E/Q/K-E/Q;True;all/FAM_082/00_REP__mmseq_streme__LKEVSEZE.png;
FAM_081;LIIVGG;mmseq;streme;True;False;L/A/S-I-I-V/K/I-G/A-G;True;all/FAM_081/00_REP__mmseq_streme__LIIVGG.png;
FAM_059;IKDFLR;mmseq;streme;True;False;I/V/H-K/L/R-D/A/I-F/I/P-L/D/F-R/V/L;True;all/FAM_059/00_REP__mmseq_streme__IKDFLR.png;
FAM_103;RIRARI;mmseq;streme;True;False;R-I-R/D-A/V-R-I/E/L;True;all/FAM_103/00_REP__mmseq_streme__RIRARI.png;
FAM_010;ALKAIAKAAKKLL;mmseq;streme;False;True;A/N/L-L/W/A-K/A/G-A/K/G-I/A/L-A/L/K-K/A/G-A/L/G-A/V/L-K/G/A-K/G/A-L/I/G-L/A/K;True;all/FAM_010/01_____mmseq_streme__ALKAIAKAAKKLL.png;robust/FAM_010/01_____mmseq_streme__ALKAIAKAAKKLL.png
FAM_020;DEGEMTEEEKK;mmseq;streme;True;False;D/E/N-E/G/D-G/D/E-E/K/D-M/V/K-T/D/K-E/V/S-E-E/V/I-K/E/V-K/R;True;all/FAM_020/00_REP__mmseq_streme__DEGEMTEEEKK.png;
FAM_021;DPEEPVVR;cdhit;meme;True;False;D/N/S-P-A/E/K-E/S/K-P/A-V/L/A-V/I/P-R/K/Q;True;all/FAM_021/00_REP__cdhit_meme__DPEEPVVR.png;
FAM_094;PPGFTPF;mmseq;streme;True;False;P/S/I-P/A/T-G/E/T-F/T/L-T/S/Y-P/G/E-F/A/T;True;all/FAM_094/00_REP__mmseq_streme__PPGFTPF.png;
FAM_051;GNVTLL;cdhit;streme;True;False;G-N/L/A-V/I/L-T/E-L-L/G/S;True;all/FAM_051/00_REP__cdhit_streme__GNVTLL.png;
FAM_114;VAPFPE;mmseq;streme;True;False;V/R-A/L/E-P-F/V-P/T-E/F/Q;True;all/FAM_114/00_REP__mmseq_streme__VAPFPE.png;
